--
-- PostgreSQL database dump
--

-- Dumped from database version 15.5
-- Dumped by pg_dump version 15.7 (Ubuntu 15.7-1.pgdg22.04+1)

SET statement_timeout = 0;
SET lock_timeout = 0;
SET idle_in_transaction_session_timeout = 0;
SET client_encoding = 'UTF8';
SET standard_conforming_strings = on;
SELECT pg_catalog.set_config('search_path', '', false);
SET check_function_bodies = false;
SET xmloption = content;
SET client_min_messages = warning;
SET row_security = off;

--
-- Name: public; Type: SCHEMA; Schema: -; Owner: ht_db_user
--

-- *not* creating schema, since initdb creates it


ALTER SCHEMA public OWNER TO ht_db_user;

--
-- Name: SCHEMA public; Type: COMMENT; Schema: -; Owner: ht_db_user
--

COMMENT ON SCHEMA public IS '';


--
-- Name: enum_HT_FollowupStatusQuestionChoices_type; Type: TYPE; Schema: public; Owner: ht_db_user
--

CREATE TYPE public."enum_HT_FollowupStatusQuestionChoices_type" AS ENUM (
    'Positive Impact',
    'No Impact',
    'Made Worse',
    'Pottential Positive Impact',
    'No Potential Impact',
    'Plan To Continue',
    'Dont Plan To Continue',
    'Will Start',
    'Will Not Start',
    'Have Replaced',
    'Will Replace',
    'Will Not Replace'
);


ALTER TYPE public."enum_HT_FollowupStatusQuestionChoices_type" OWNER TO ht_db_user;

--
-- Name: enum_HT_accounts_accessType; Type: TYPE; Schema: public; Owner: ht_db_user
--

CREATE TYPE public."enum_HT_accounts_accessType" AS ENUM (
    'THRIVE_SCALE',
    'FOSTER_SHARE',
    'BOTH'
);


ALTER TYPE public."enum_HT_accounts_accessType" OWNER TO ht_db_user;

--
-- Name: enum_HT_assessments_followUpStatus; Type: TYPE; Schema: public; Owner: ht_db_user
--

CREATE TYPE public."enum_HT_assessments_followUpStatus" AS ENUM (
    '',
    'Pending',
    'Completed'
);


ALTER TYPE public."enum_HT_assessments_followUpStatus" OWNER TO ht_db_user;

--
-- Name: enum_HT_childConsents_consentStatus; Type: TYPE; Schema: public; Owner: ht_db_user
--

CREATE TYPE public."enum_HT_childConsents_consentStatus" AS ENUM (
    'ACCEPTED',
    'DECLINED'
);


ALTER TYPE public."enum_HT_childConsents_consentStatus" OWNER TO ht_db_user;

--
-- Name: user_deactivation_triger(); Type: FUNCTION; Schema: public; Owner: ht_db_user
--

CREATE FUNCTION public.user_deactivation_triger() RETURNS trigger
    LANGUAGE plpgsql
    AS $$
		
		BEGIN
		IF NEW."isActive" <> OLD."isActive" THEN
			IF NEW."isActive" = false THEN
				UPDATE "HT_children"
				SET "HTChildOldPlacementStatusId" = "HTChildPlacementStatusId",
					"isActive" = false,
					"HTChildPlacementStatusId" = 6
				FROM "HT_cases"
				WHERE "HT_cases"."HTChildId" = "HT_children"."id"
					AND "HT_cases"."HTUserId" = OLD.id;

				UPDATE "HT_cases"
				SET "isActive" = false
				WHERE "HTUserId" = OLD.id;

			ELSE
				UPDATE "HT_children"
				SET "isActive" = true,
					"HTChildPlacementStatusId" = "HTChildOldPlacementStatusId",
					"HTChildOldPlacementStatusId" = null
				FROM "HT_cases"
				WHERE "HT_cases"."HTChildId" = "HT_children"."id"
					AND "HT_cases"."HTUserId" = OLD.id;

				UPDATE "HT_cases"
				SET "isActive" = true
				WHERE "HTUserId" = OLD.id;

				END IF;
				END IF;
				RETURN OLD;
			END;			


	

		$$;


ALTER FUNCTION public.user_deactivation_triger() OWNER TO ht_db_user;

SET default_tablespace = '';

SET default_table_access_method = heap;

--
-- Name: HT_FollowUpProgresses; Type: TABLE; Schema: public; Owner: ht_db_user
--

CREATE TABLE public."HT_FollowUpProgresses" (
    id bigint NOT NULL,
    "followupStatusDetail" character varying(255) DEFAULT ''::character varying,
    "createdAt" timestamp with time zone NOT NULL,
    "updatedAt" timestamp with time zone NOT NULL,
    "HTQuestionDomainId" bigint,
    "HTQuestionId" bigint,
    "HTChoiceId" bigint,
    "HTAssessmentId" bigint,
    "HTFollowUpStatusId" bigint NOT NULL,
    "HTFollowupStatusQuestionId" bigint NOT NULL,
    "HTFollowupStatusQuestionChoiceId" bigint NOT NULL
);


ALTER TABLE public."HT_FollowUpProgresses" OWNER TO ht_db_user;

--
-- Name: HT_FollowUpProgresses_id_seq; Type: SEQUENCE; Schema: public; Owner: ht_db_user
--

CREATE SEQUENCE public."HT_FollowUpProgresses_id_seq"
    START WITH 1
    INCREMENT BY 1
    NO MINVALUE
    NO MAXVALUE
    CACHE 1;


ALTER TABLE public."HT_FollowUpProgresses_id_seq" OWNER TO ht_db_user;

--
-- Name: HT_FollowUpProgresses_id_seq; Type: SEQUENCE OWNED BY; Schema: public; Owner: ht_db_user
--

ALTER SEQUENCE public."HT_FollowUpProgresses_id_seq" OWNED BY public."HT_FollowUpProgresses".id;


--
-- Name: HT_FollowUpStatuses; Type: TABLE; Schema: public; Owner: ht_db_user
--

CREATE TABLE public."HT_FollowUpStatuses" (
    id bigint NOT NULL,
    status character varying(255) DEFAULT ''::character varying,
    "helperText" character varying(255) DEFAULT ''::character varying,
    "isActive" boolean DEFAULT true,
    "createdAt" timestamp with time zone NOT NULL,
    "updatedAt" timestamp with time zone NOT NULL
);


ALTER TABLE public."HT_FollowUpStatuses" OWNER TO ht_db_user;

--
-- Name: HT_FollowUpStatuses_id_seq; Type: SEQUENCE; Schema: public; Owner: ht_db_user
--

CREATE SEQUENCE public."HT_FollowUpStatuses_id_seq"
    START WITH 1
    INCREMENT BY 1
    NO MINVALUE
    NO MAXVALUE
    CACHE 1;


ALTER TABLE public."HT_FollowUpStatuses_id_seq" OWNER TO ht_db_user;

--
-- Name: HT_FollowUpStatuses_id_seq; Type: SEQUENCE OWNED BY; Schema: public; Owner: ht_db_user
--

ALTER SEQUENCE public."HT_FollowUpStatuses_id_seq" OWNED BY public."HT_FollowUpStatuses".id;


--
-- Name: HT_FollowupStatusQuestionChoices; Type: TABLE; Schema: public; Owner: ht_db_user
--

CREATE TABLE public."HT_FollowupStatusQuestionChoices" (
    id bigint NOT NULL,
    choice character varying(255) DEFAULT ''::character varying,
    "isActive" boolean DEFAULT true,
    "createdAt" timestamp with time zone NOT NULL,
    "updatedAt" timestamp with time zone NOT NULL,
    "HTFollowupStatusQuestionId" bigint,
    type text
);


ALTER TABLE public."HT_FollowupStatusQuestionChoices" OWNER TO ht_db_user;

--
-- Name: HT_FollowupStatusQuestionChoices_id_seq; Type: SEQUENCE; Schema: public; Owner: ht_db_user
--

CREATE SEQUENCE public."HT_FollowupStatusQuestionChoices_id_seq"
    START WITH 1
    INCREMENT BY 1
    NO MINVALUE
    NO MAXVALUE
    CACHE 1;


ALTER TABLE public."HT_FollowupStatusQuestionChoices_id_seq" OWNER TO ht_db_user;

--
-- Name: HT_FollowupStatusQuestionChoices_id_seq; Type: SEQUENCE OWNED BY; Schema: public; Owner: ht_db_user
--

ALTER SEQUENCE public."HT_FollowupStatusQuestionChoices_id_seq" OWNED BY public."HT_FollowupStatusQuestionChoices".id;


--
-- Name: HT_FollowupStatusQuestions; Type: TABLE; Schema: public; Owner: ht_db_user
--

CREATE TABLE public."HT_FollowupStatusQuestions" (
    id bigint NOT NULL,
    question character varying(255) DEFAULT ''::character varying,
    "isActive" boolean DEFAULT true,
    "createdAt" timestamp with time zone NOT NULL,
    "updatedAt" timestamp with time zone NOT NULL,
    "HTFollowUpStatusId" bigint
);


ALTER TABLE public."HT_FollowupStatusQuestions" OWNER TO ht_db_user;

--
-- Name: HT_FollowupStatusQuestions_id_seq; Type: SEQUENCE; Schema: public; Owner: ht_db_user
--

CREATE SEQUENCE public."HT_FollowupStatusQuestions_id_seq"
    START WITH 1
    INCREMENT BY 1
    NO MINVALUE
    NO MAXVALUE
    CACHE 1;


ALTER TABLE public."HT_FollowupStatusQuestions_id_seq" OWNER TO ht_db_user;

--
-- Name: HT_FollowupStatusQuestions_id_seq; Type: SEQUENCE OWNED BY; Schema: public; Owner: ht_db_user
--

ALTER SEQUENCE public."HT_FollowupStatusQuestions_id_seq" OWNED BY public."HT_FollowupStatusQuestions".id;


--
-- Name: HT_IntegrationOptionLangMaps; Type: TABLE; Schema: public; Owner: ht_db_user
--

CREATE TABLE public."HT_IntegrationOptionLangMaps" (
    id bigint NOT NULL,
    "integrationOption" text,
    "isActive" boolean DEFAULT true,
    "isDeleted" boolean DEFAULT false,
    "createdBy" uuid,
    "updatedBy" uuid,
    "createdAt" timestamp with time zone NOT NULL,
    "updatedAt" timestamp with time zone NOT NULL,
    "HTIntegrationOptionId" bigint,
    "HTLanguageId" bigint
);


ALTER TABLE public."HT_IntegrationOptionLangMaps" OWNER TO ht_db_user;

--
-- Name: HT_IntegrationOptionLangMaps_id_seq; Type: SEQUENCE; Schema: public; Owner: ht_db_user
--

CREATE SEQUENCE public."HT_IntegrationOptionLangMaps_id_seq"
    START WITH 1
    INCREMENT BY 1
    NO MINVALUE
    NO MAXVALUE
    CACHE 1;


ALTER TABLE public."HT_IntegrationOptionLangMaps_id_seq" OWNER TO ht_db_user;

--
-- Name: HT_IntegrationOptionLangMaps_id_seq; Type: SEQUENCE OWNED BY; Schema: public; Owner: ht_db_user
--

ALTER SEQUENCE public."HT_IntegrationOptionLangMaps_id_seq" OWNED BY public."HT_IntegrationOptionLangMaps".id;


--
-- Name: HT_IntegrationOptions; Type: TABLE; Schema: public; Owner: ht_db_user
--

CREATE TABLE public."HT_IntegrationOptions" (
    id bigint NOT NULL,
    "integrationOption" character varying(255),
    "isRedFlag" boolean DEFAULT false,
    "isCaseCloseOption" boolean DEFAULT false,
    "isActive" boolean DEFAULT true,
    "order" integer NOT NULL,
    "isDeleted" boolean DEFAULT false,
    "createdBy" uuid,
    "updatedBy" uuid,
    "createdAt" timestamp with time zone NOT NULL,
    "updatedAt" timestamp with time zone NOT NULL,
    "HTFormId" bigint,
    "integrationOptionLang" json
);


ALTER TABLE public."HT_IntegrationOptions" OWNER TO ht_db_user;

--
-- Name: HT_IntegrationOptions_id_seq; Type: SEQUENCE; Schema: public; Owner: ht_db_user
--

CREATE SEQUENCE public."HT_IntegrationOptions_id_seq"
    START WITH 1
    INCREMENT BY 1
    NO MINVALUE
    NO MAXVALUE
    CACHE 1;


ALTER TABLE public."HT_IntegrationOptions_id_seq" OWNER TO ht_db_user;

--
-- Name: HT_IntegrationOptions_id_seq; Type: SEQUENCE OWNED BY; Schema: public; Owner: ht_db_user
--

ALTER SEQUENCE public."HT_IntegrationOptions_id_seq" OWNED BY public."HT_IntegrationOptions".id;


--
-- Name: HT_InterventionFollowUps; Type: TABLE; Schema: public; Owner: ht_db_user
--

CREATE TABLE public."HT_InterventionFollowUps" (
    id bigint NOT NULL,
    "interventionChoiceIds" integer[] DEFAULT ARRAY[]::integer[],
    "interventionDetail" character varying(255) DEFAULT ''::character varying,
    "createdAt" timestamp with time zone NOT NULL,
    "updatedAt" timestamp with time zone NOT NULL,
    "HTAssessmentId" bigint NOT NULL,
    "HTQuestionDomainId" bigint NOT NULL,
    "HTQuestionId" bigint NOT NULL
);


ALTER TABLE public."HT_InterventionFollowUps" OWNER TO ht_db_user;

--
-- Name: HT_InterventionFollowUps_id_seq; Type: SEQUENCE; Schema: public; Owner: ht_db_user
--

CREATE SEQUENCE public."HT_InterventionFollowUps_id_seq"
    START WITH 1
    INCREMENT BY 1
    NO MINVALUE
    NO MAXVALUE
    CACHE 1;


ALTER TABLE public."HT_InterventionFollowUps_id_seq" OWNER TO ht_db_user;

--
-- Name: HT_InterventionFollowUps_id_seq; Type: SEQUENCE OWNED BY; Schema: public; Owner: ht_db_user
--

ALTER SEQUENCE public."HT_InterventionFollowUps_id_seq" OWNED BY public."HT_InterventionFollowUps".id;


--
-- Name: HT_UserSocketConnectionMappings; Type: TABLE; Schema: public; Owner: ht_db_user
--

CREATE TABLE public."HT_UserSocketConnectionMappings" (
    id bigint NOT NULL,
    "connectionId" character varying(255) NOT NULL,
    "isActive" boolean DEFAULT true,
    "isDeleted" boolean DEFAULT false,
    "createdBy" uuid,
    "updatedBy" uuid,
    "createdAt" timestamp with time zone NOT NULL,
    "updatedAt" timestamp with time zone NOT NULL,
    "HTUserId" text
);


ALTER TABLE public."HT_UserSocketConnectionMappings" OWNER TO ht_db_user;

--
-- Name: HT_UserSocketConnectionMappings_id_seq; Type: SEQUENCE; Schema: public; Owner: ht_db_user
--

CREATE SEQUENCE public."HT_UserSocketConnectionMappings_id_seq"
    START WITH 1
    INCREMENT BY 1
    NO MINVALUE
    NO MAXVALUE
    CACHE 1;


ALTER TABLE public."HT_UserSocketConnectionMappings_id_seq" OWNER TO ht_db_user;

--
-- Name: HT_UserSocketConnectionMappings_id_seq; Type: SEQUENCE OWNED BY; Schema: public; Owner: ht_db_user
--

ALTER SEQUENCE public."HT_UserSocketConnectionMappings_id_seq" OWNED BY public."HT_UserSocketConnectionMappings".id;


--
-- Name: HT_accountLinkings; Type: TABLE; Schema: public; Owner: ht_db_user
--

CREATE TABLE public."HT_accountLinkings" (
    id bigint NOT NULL,
    "isActive" boolean DEFAULT true,
    "isDeleted" boolean DEFAULT false,
    "createdBy" uuid,
    "updatedBy" uuid,
    "createdAt" timestamp with time zone NOT NULL,
    "updatedAt" timestamp with time zone NOT NULL,
    "AccountId" text,
    "LinkedAccountId" text,
    "HTAccountId" text
);


ALTER TABLE public."HT_accountLinkings" OWNER TO ht_db_user;

--
-- Name: HT_accountLinkings_id_seq; Type: SEQUENCE; Schema: public; Owner: ht_db_user
--

CREATE SEQUENCE public."HT_accountLinkings_id_seq"
    START WITH 1
    INCREMENT BY 1
    NO MINVALUE
    NO MAXVALUE
    CACHE 1;


ALTER TABLE public."HT_accountLinkings_id_seq" OWNER TO ht_db_user;

--
-- Name: HT_accountLinkings_id_seq; Type: SEQUENCE OWNED BY; Schema: public; Owner: ht_db_user
--

ALTER SEQUENCE public."HT_accountLinkings_id_seq" OWNED BY public."HT_accountLinkings".id;


--
-- Name: HT_accountTypes; Type: TABLE; Schema: public; Owner: ht_db_user
--

CREATE TABLE public."HT_accountTypes" (
    id bigint NOT NULL,
    name character varying(255) NOT NULL,
    description text,
    "isActive" boolean DEFAULT true,
    "isDeleted" boolean DEFAULT false,
    "createdAt" timestamp with time zone NOT NULL,
    "updatedAt" timestamp with time zone NOT NULL,
    "nameLang" json,
    "descriptionLang" json
);


ALTER TABLE public."HT_accountTypes" OWNER TO ht_db_user;

--
-- Name: HT_accounts; Type: TABLE; Schema: public; Owner: ht_db_user
--

CREATE TABLE public."HT_accounts" (
    id text NOT NULL,
    "accountName" character varying(1234) NOT NULL,
    "addressLine1" text NOT NULL,
    "addressLine2" text,
    "zipCode" character varying(255) NOT NULL,
    "phoneNumber" character varying(255),
    email character varying(255),
    city character varying(255) NOT NULL,
    website character varying(255),
    "isDCPUOrg" boolean DEFAULT false,
    "isActive" boolean DEFAULT true,
    "isDeleted" boolean DEFAULT false,
    "createdBy" uuid,
    "updatedBy" uuid,
    "injectiondocId" character varying(255),
    "dbRegion" character varying(255) NOT NULL,
    "consentRequired" boolean DEFAULT true,
    "createdAt" timestamp with time zone NOT NULL,
    "updatedAt" timestamp with time zone NOT NULL,
    "HTAccountTypeId" bigint,
    "HTCountryId" bigint,
    "HTStateId" bigint,
    "HTDistrictId" bigint,
    "accountCode" integer,
    "deactivationReason" text,
    "accessType" public."enum_HT_accounts_accessType"
);


ALTER TABLE public."HT_accounts" OWNER TO ht_db_user;

--
-- Name: HT_acntTypLangMaps; Type: TABLE; Schema: public; Owner: ht_db_user
--

CREATE TABLE public."HT_acntTypLangMaps" (
    id bigint NOT NULL,
    name character varying(255) NOT NULL,
    description text,
    "isActive" boolean DEFAULT true,
    "isDeleted" boolean DEFAULT false,
    "createdBy" uuid,
    "updatedBy" uuid,
    "createdAt" timestamp with time zone NOT NULL,
    "updatedAt" timestamp with time zone NOT NULL,
    "HTAccountTypeId" bigint,
    "HTLanguageId" bigint
);


ALTER TABLE public."HT_acntTypLangMaps" OWNER TO ht_db_user;

--
-- Name: HT_acntTypLangMaps_id_seq; Type: SEQUENCE; Schema: public; Owner: ht_db_user
--

CREATE SEQUENCE public."HT_acntTypLangMaps_id_seq"
    START WITH 1
    INCREMENT BY 1
    NO MINVALUE
    NO MAXVALUE
    CACHE 1;


ALTER TABLE public."HT_acntTypLangMaps_id_seq" OWNER TO ht_db_user;

--
-- Name: HT_acntTypLangMaps_id_seq; Type: SEQUENCE OWNED BY; Schema: public; Owner: ht_db_user
--

ALTER SEQUENCE public."HT_acntTypLangMaps_id_seq" OWNED BY public."HT_acntTypLangMaps".id;


--
-- Name: HT_answerTypes; Type: TABLE; Schema: public; Owner: ht_db_user
--

CREATE TABLE public."HT_answerTypes" (
    id bigint NOT NULL,
    "typeName" character varying(255) NOT NULL,
    description text,
    "isActive" boolean DEFAULT true,
    "isDeleted" boolean DEFAULT false,
    "createdBy" uuid,
    "updatedBy" uuid,
    "createdAt" timestamp with time zone NOT NULL,
    "updatedAt" timestamp with time zone NOT NULL
);


ALTER TABLE public."HT_answerTypes" OWNER TO ht_db_user;

--
-- Name: HT_answerTypes_id_seq; Type: SEQUENCE; Schema: public; Owner: ht_db_user
--

CREATE SEQUENCE public."HT_answerTypes_id_seq"
    START WITH 1
    INCREMENT BY 1
    NO MINVALUE
    NO MAXVALUE
    CACHE 1;


ALTER TABLE public."HT_answerTypes_id_seq" OWNER TO ht_db_user;

--
-- Name: HT_answerTypes_id_seq; Type: SEQUENCE OWNED BY; Schema: public; Owner: ht_db_user
--

ALTER SEQUENCE public."HT_answerTypes_id_seq" OWNED BY public."HT_answerTypes".id;


--
-- Name: HT_assessmentImages; Type: TABLE; Schema: public; Owner: ht_db_user
--

CREATE TABLE public."HT_assessmentImages" (
    id bigint NOT NULL,
    "s3BucketName" character varying(255) NOT NULL,
    "objectKey" character varying(255) NOT NULL,
    "isActive" boolean DEFAULT true,
    "isDeleted" boolean DEFAULT false,
    "createdBy" uuid,
    "updatedBy" uuid,
    "createdAt" timestamp with time zone NOT NULL,
    "updatedAt" timestamp with time zone NOT NULL,
    "HTAssessmentId" bigint
);


ALTER TABLE public."HT_assessmentImages" OWNER TO ht_db_user;

--
-- Name: HT_assessmentImages_id_seq; Type: SEQUENCE; Schema: public; Owner: ht_db_user
--

CREATE SEQUENCE public."HT_assessmentImages_id_seq"
    START WITH 1
    INCREMENT BY 1
    NO MINVALUE
    NO MAXVALUE
    CACHE 1;


ALTER TABLE public."HT_assessmentImages_id_seq" OWNER TO ht_db_user;

--
-- Name: HT_assessmentImages_id_seq; Type: SEQUENCE OWNED BY; Schema: public; Owner: ht_db_user
--

ALTER SEQUENCE public."HT_assessmentImages_id_seq" OWNED BY public."HT_assessmentImages".id;


--
-- Name: HT_assessmentIntegrationOptionMappings; Type: TABLE; Schema: public; Owner: ht_db_user
--

CREATE TABLE public."HT_assessmentIntegrationOptionMappings" (
    id bigint NOT NULL,
    "isActive" boolean DEFAULT true,
    "isDeleted" boolean DEFAULT false,
    "createdBy" uuid,
    "updatedBy" uuid,
    "createdAt" timestamp with time zone NOT NULL,
    "updatedAt" timestamp with time zone NOT NULL,
    "HTAssessmentId" bigint,
    "HTIntegrationOptionId" bigint
);


ALTER TABLE public."HT_assessmentIntegrationOptionMappings" OWNER TO ht_db_user;

--
-- Name: HT_assessmentIntegrationOptionMappings_id_seq; Type: SEQUENCE; Schema: public; Owner: ht_db_user
--

CREATE SEQUENCE public."HT_assessmentIntegrationOptionMappings_id_seq"
    START WITH 1
    INCREMENT BY 1
    NO MINVALUE
    NO MAXVALUE
    CACHE 1;


ALTER TABLE public."HT_assessmentIntegrationOptionMappings_id_seq" OWNER TO ht_db_user;

--
-- Name: HT_assessmentIntegrationOptionMappings_id_seq; Type: SEQUENCE OWNED BY; Schema: public; Owner: ht_db_user
--

ALTER SEQUENCE public."HT_assessmentIntegrationOptionMappings_id_seq" OWNED BY public."HT_assessmentIntegrationOptionMappings".id;


--
-- Name: HT_assessmentInterventionTextResponses; Type: TABLE; Schema: public; Owner: ht_db_user
--

CREATE TABLE public."HT_assessmentInterventionTextResponses" (
    id bigint NOT NULL,
    "interventionDetails" text,
    "otherDetails" text,
    "isActive" boolean DEFAULT true,
    "isDeleted" boolean DEFAULT false,
    "createdBy" uuid,
    "updatedBy" uuid,
    "createdAt" timestamp with time zone NOT NULL,
    "updatedAt" timestamp with time zone NOT NULL,
    "HTQuestionId" bigint,
    "HTAssessmentId" bigint
);


ALTER TABLE public."HT_assessmentInterventionTextResponses" OWNER TO ht_db_user;

--
-- Name: HT_assessmentInterventionTextResponses_id_seq; Type: SEQUENCE; Schema: public; Owner: ht_db_user
--

CREATE SEQUENCE public."HT_assessmentInterventionTextResponses_id_seq"
    START WITH 1
    INCREMENT BY 1
    NO MINVALUE
    NO MAXVALUE
    CACHE 1;


ALTER TABLE public."HT_assessmentInterventionTextResponses_id_seq" OWNER TO ht_db_user;

--
-- Name: HT_assessmentInterventionTextResponses_id_seq; Type: SEQUENCE OWNED BY; Schema: public; Owner: ht_db_user
--

ALTER SEQUENCE public."HT_assessmentInterventionTextResponses_id_seq" OWNED BY public."HT_assessmentInterventionTextResponses".id;


--
-- Name: HT_assessmentReintegrationTypes; Type: TABLE; Schema: public; Owner: ht_db_user
--

CREATE TABLE public."HT_assessmentReintegrationTypes" (
    id bigint NOT NULL,
    "reIntegrationType" character varying(255) NOT NULL,
    "isActive" boolean DEFAULT true,
    "isDeleted" boolean DEFAULT false,
    "createdBy" uuid,
    "updatedBy" uuid,
    "createdAt" timestamp with time zone NOT NULL,
    "updatedAt" timestamp with time zone NOT NULL,
    "reIntegrationTypeLang" json
);


ALTER TABLE public."HT_assessmentReintegrationTypes" OWNER TO ht_db_user;

--
-- Name: HT_assessmentReintegrationTypes_id_seq; Type: SEQUENCE; Schema: public; Owner: ht_db_user
--

CREATE SEQUENCE public."HT_assessmentReintegrationTypes_id_seq"
    START WITH 1
    INCREMENT BY 1
    NO MINVALUE
    NO MAXVALUE
    CACHE 1;


ALTER TABLE public."HT_assessmentReintegrationTypes_id_seq" OWNER TO ht_db_user;

--
-- Name: HT_assessmentReintegrationTypes_id_seq; Type: SEQUENCE OWNED BY; Schema: public; Owner: ht_db_user
--

ALTER SEQUENCE public."HT_assessmentReintegrationTypes_id_seq" OWNED BY public."HT_assessmentReintegrationTypes".id;


--
-- Name: HT_assessmentScores; Type: TABLE; Schema: public; Owner: ht_db_user
--

CREATE TABLE public."HT_assessmentScores" (
    id bigint NOT NULL,
    score numeric,
    "isActive" boolean DEFAULT true,
    "isDeleted" boolean DEFAULT false,
    "createdBy" uuid,
    "updatedBy" uuid,
    "createdAt" timestamp with time zone NOT NULL,
    "updatedAt" timestamp with time zone NOT NULL,
    "HTAssessmentId" bigint,
    "HTQuestionDomainId" bigint
);


ALTER TABLE public."HT_assessmentScores" OWNER TO ht_db_user;

--
-- Name: HT_assessmentScores_id_seq; Type: SEQUENCE; Schema: public; Owner: ht_db_user
--

CREATE SEQUENCE public."HT_assessmentScores_id_seq"
    START WITH 1
    INCREMENT BY 1
    NO MINVALUE
    NO MAXVALUE
    CACHE 1;


ALTER TABLE public."HT_assessmentScores_id_seq" OWNER TO ht_db_user;

--
-- Name: HT_assessmentScores_id_seq; Type: SEQUENCE OWNED BY; Schema: public; Owner: ht_db_user
--

ALTER SEQUENCE public."HT_assessmentScores_id_seq" OWNED BY public."HT_assessmentScores".id;


--
-- Name: HT_assessmentVisitTypes; Type: TABLE; Schema: public; Owner: ht_db_user
--

CREATE TABLE public."HT_assessmentVisitTypes" (
    id bigint NOT NULL,
    "visitType" character varying(255) NOT NULL,
    "isActive" boolean DEFAULT true,
    "isDeleted" boolean DEFAULT false,
    "createdBy" uuid,
    "updatedBy" uuid,
    "createdAt" timestamp with time zone NOT NULL,
    "updatedAt" timestamp with time zone NOT NULL,
    "visitTypeLang" json
);


ALTER TABLE public."HT_assessmentVisitTypes" OWNER TO ht_db_user;

--
-- Name: HT_assessmentVisitTypes_id_seq; Type: SEQUENCE; Schema: public; Owner: ht_db_user
--

CREATE SEQUENCE public."HT_assessmentVisitTypes_id_seq"
    START WITH 1
    INCREMENT BY 1
    NO MINVALUE
    NO MAXVALUE
    CACHE 1;


ALTER TABLE public."HT_assessmentVisitTypes_id_seq" OWNER TO ht_db_user;

--
-- Name: HT_assessmentVisitTypes_id_seq; Type: SEQUENCE OWNED BY; Schema: public; Owner: ht_db_user
--

ALTER SEQUENCE public."HT_assessmentVisitTypes_id_seq" OWNED BY public."HT_assessmentVisitTypes".id;


--
-- Name: HT_assessments; Type: TABLE; Schema: public; Owner: ht_db_user
--

CREATE TABLE public."HT_assessments" (
    id bigint NOT NULL,
    "meetWithChild" boolean DEFAULT false,
    "dateOfAssessment" timestamp with time zone NOT NULL,
    "isComplete" boolean DEFAULT false,
    "formRevisionNumber" integer,
    "otherReIntegrationTypeValue" character varying(255),
    "currentPagePosition" integer,
    "lastIndex" integer,
    "placementThoughtsOfChild" text,
    "placementThoughtsOfFamily" text,
    "otherData" text,
    "specifyReason" text,
    "overallObservation" text,
    "totalScore" numeric,
    "schedulingOption" character varying(255),
    "isActive" boolean DEFAULT true,
    "isDeleted" boolean DEFAULT false,
    "createdBy" uuid,
    "updatedBy" uuid,
    "assessmentStartsAt" timestamp with time zone,
    "assessmentEndsAt" timestamp with time zone,
    "isOffline" boolean,
    "deviceType" character varying(255) DEFAULT 'UNKNOWN'::character varying,
    "followUpRequired" boolean DEFAULT false,
    "followUpStatus" public."enum_HT_assessments_followUpStatus" DEFAULT ''::public."enum_HT_assessments_followUpStatus",
    "followUpStartedOn" timestamp with time zone,
    "followUpCompletedOn" timestamp with time zone,
    "interventionFollowupStep" integer DEFAULT 0,
    "createdAt" timestamp with time zone NOT NULL,
    "updatedAt" timestamp with time zone NOT NULL,
    "HTFormId" bigint,
    "HTCaseId" bigint,
    "HTAssessmentVisitTypeId" bigint,
    "HTAssessmentReintegrationTypeId" bigint
);


ALTER TABLE public."HT_assessments" OWNER TO ht_db_user;

--
-- Name: HT_assessments_id_seq; Type: SEQUENCE; Schema: public; Owner: ht_db_user
--

CREATE SEQUENCE public."HT_assessments_id_seq"
    START WITH 1
    INCREMENT BY 1
    NO MINVALUE
    NO MAXVALUE
    CACHE 1;


ALTER TABLE public."HT_assessments_id_seq" OWNER TO ht_db_user;

--
-- Name: HT_assessments_id_seq; Type: SEQUENCE OWNED BY; Schema: public; Owner: ht_db_user
--

ALTER SEQUENCE public."HT_assessments_id_seq" OWNED BY public."HT_assessments".id;


--
-- Name: HT_assmntReintegrationTypeLangMaps; Type: TABLE; Schema: public; Owner: ht_db_user
--

CREATE TABLE public."HT_assmntReintegrationTypeLangMaps" (
    id bigint NOT NULL,
    "reIntegrationType" character varying(255) NOT NULL,
    "isActive" boolean DEFAULT true,
    "isDeleted" boolean DEFAULT false,
    "createdBy" uuid,
    "updatedBy" uuid,
    "createdAt" timestamp with time zone NOT NULL,
    "updatedAt" timestamp with time zone NOT NULL,
    "HTAssessmentReintegrationTypeId" bigint,
    "HTLanguageId" bigint
);


ALTER TABLE public."HT_assmntReintegrationTypeLangMaps" OWNER TO ht_db_user;

--
-- Name: HT_assmntReintegrationTypeLangMaps_id_seq; Type: SEQUENCE; Schema: public; Owner: ht_db_user
--

CREATE SEQUENCE public."HT_assmntReintegrationTypeLangMaps_id_seq"
    START WITH 1
    INCREMENT BY 1
    NO MINVALUE
    NO MAXVALUE
    CACHE 1;


ALTER TABLE public."HT_assmntReintegrationTypeLangMaps_id_seq" OWNER TO ht_db_user;

--
-- Name: HT_assmntReintegrationTypeLangMaps_id_seq; Type: SEQUENCE OWNED BY; Schema: public; Owner: ht_db_user
--

ALTER SEQUENCE public."HT_assmntReintegrationTypeLangMaps_id_seq" OWNED BY public."HT_assmntReintegrationTypeLangMaps".id;


--
-- Name: HT_assmntVisitTypeLangMaps; Type: TABLE; Schema: public; Owner: ht_db_user
--

CREATE TABLE public."HT_assmntVisitTypeLangMaps" (
    id bigint NOT NULL,
    "visitType" character varying(255) NOT NULL,
    "isActive" boolean DEFAULT true,
    "isDeleted" boolean DEFAULT false,
    "createdBy" uuid,
    "updatedBy" uuid,
    "createdAt" timestamp with time zone NOT NULL,
    "updatedAt" timestamp with time zone NOT NULL,
    "HTAssessmentVisitTypeId" bigint,
    "HTLanguageId" bigint
);


ALTER TABLE public."HT_assmntVisitTypeLangMaps" OWNER TO ht_db_user;

--
-- Name: HT_assmntVisitTypeLangMaps_id_seq; Type: SEQUENCE; Schema: public; Owner: ht_db_user
--

CREATE SEQUENCE public."HT_assmntVisitTypeLangMaps_id_seq"
    START WITH 1
    INCREMENT BY 1
    NO MINVALUE
    NO MAXVALUE
    CACHE 1;


ALTER TABLE public."HT_assmntVisitTypeLangMaps_id_seq" OWNER TO ht_db_user;

--
-- Name: HT_assmntVisitTypeLangMaps_id_seq; Type: SEQUENCE OWNED BY; Schema: public; Owner: ht_db_user
--

ALTER SEQUENCE public."HT_assmntVisitTypeLangMaps_id_seq" OWNED BY public."HT_assmntVisitTypeLangMaps".id;


--
-- Name: HT_auditLogs; Type: TABLE; Schema: public; Owner: ht_db_user
--

CREATE TABLE public."HT_auditLogs" (
    id bigint NOT NULL,
    entity text NOT NULL,
    oldvalue character varying(255),
    newvalue character varying(255),
    "updateGroupId" character varying(255),
    "moduleType" character varying(255),
    "isActive" boolean DEFAULT true,
    "isDeleted" boolean DEFAULT false,
    "createdAt" timestamp with time zone NOT NULL,
    "updatedAt" timestamp with time zone NOT NULL,
    "HTChildId" bigint,
    "HTCaseId" bigint,
    "HTFamilyId" bigint,
    "HTFamilyMemberId" bigint,
    "HTUserId" text,
    "HTAccountId" text,
    "HTAssessmentId" bigint,
    "updatedUserId" text
);


ALTER TABLE public."HT_auditLogs" OWNER TO ht_db_user;

--
-- Name: HT_auditLogs_id_seq; Type: SEQUENCE; Schema: public; Owner: ht_db_user
--

CREATE SEQUENCE public."HT_auditLogs_id_seq"
    START WITH 1
    INCREMENT BY 1
    NO MINVALUE
    NO MAXVALUE
    CACHE 1;


ALTER TABLE public."HT_auditLogs_id_seq" OWNER TO ht_db_user;

--
-- Name: HT_auditLogs_id_seq; Type: SEQUENCE OWNED BY; Schema: public; Owner: ht_db_user
--

ALTER SEQUENCE public."HT_auditLogs_id_seq" OWNED BY public."HT_auditLogs".id;


--
-- Name: HT_cases; Type: TABLE; Schema: public; Owner: ht_db_user
--

CREATE TABLE public."HT_cases" (
    id bigint NOT NULL,
    "startDate" timestamp with time zone,
    "endDate" timestamp with time zone,
    "caseStatus" character varying(255) DEFAULT 'Open'::character varying,
    "isActive" boolean DEFAULT true,
    "isDeleted" boolean DEFAULT false,
    "createdBy" uuid,
    "updatedBy" uuid,
    "createdAt" timestamp with time zone NOT NULL,
    "updatedAt" timestamp with time zone NOT NULL,
    "HTChildId" bigint,
    "HTUserId" text
);


ALTER TABLE public."HT_cases" OWNER TO ht_db_user;

--
-- Name: HT_cases_id_seq; Type: SEQUENCE; Schema: public; Owner: ht_db_user
--

CREATE SEQUENCE public."HT_cases_id_seq"
    START WITH 1
    INCREMENT BY 1
    NO MINVALUE
    NO MAXVALUE
    CACHE 1;


ALTER TABLE public."HT_cases_id_seq" OWNER TO ht_db_user;

--
-- Name: HT_cases_id_seq; Type: SEQUENCE OWNED BY; Schema: public; Owner: ht_db_user
--

ALTER SEQUENCE public."HT_cases_id_seq" OWNED BY public."HT_cases".id;


--
-- Name: HT_childCareGiverMappings; Type: TABLE; Schema: public; Owner: ht_db_user
--

CREATE TABLE public."HT_childCareGiverMappings" (
    id bigint NOT NULL,
    "isActive" boolean DEFAULT true,
    "isDeleted" boolean DEFAULT false,
    "createdBy" uuid,
    "updatedBy" uuid,
    "createdAt" timestamp with time zone NOT NULL,
    "updatedAt" timestamp with time zone NOT NULL,
    "HTFamilyMemberId" bigint,
    "HTChildId" bigint
);


ALTER TABLE public."HT_childCareGiverMappings" OWNER TO ht_db_user;

--
-- Name: HT_childCareGiverMappings_id_seq; Type: SEQUENCE; Schema: public; Owner: ht_db_user
--

CREATE SEQUENCE public."HT_childCareGiverMappings_id_seq"
    START WITH 1
    INCREMENT BY 1
    NO MINVALUE
    NO MAXVALUE
    CACHE 1;


ALTER TABLE public."HT_childCareGiverMappings_id_seq" OWNER TO ht_db_user;

--
-- Name: HT_childCareGiverMappings_id_seq; Type: SEQUENCE OWNED BY; Schema: public; Owner: ht_db_user
--

ALTER SEQUENCE public."HT_childCareGiverMappings_id_seq" OWNED BY public."HT_childCareGiverMappings".id;


--
-- Name: HT_childConsentLangMaps; Type: TABLE; Schema: public; Owner: ht_db_user
--

CREATE TABLE public."HT_childConsentLangMaps" (
    id bigint NOT NULL,
    "consentLanguageText" text NOT NULL,
    "consentLanguageStatus" boolean NOT NULL,
    "createdAt" timestamp with time zone NOT NULL,
    "updatedAt" timestamp with time zone NOT NULL,
    "HTLanguageId" bigint
);


ALTER TABLE public."HT_childConsentLangMaps" OWNER TO ht_db_user;

--
-- Name: HT_childConsentLangMaps_id_seq; Type: SEQUENCE; Schema: public; Owner: ht_db_user
--

CREATE SEQUENCE public."HT_childConsentLangMaps_id_seq"
    START WITH 1
    INCREMENT BY 1
    NO MINVALUE
    NO MAXVALUE
    CACHE 1;


ALTER TABLE public."HT_childConsentLangMaps_id_seq" OWNER TO ht_db_user;

--
-- Name: HT_childConsentLangMaps_id_seq; Type: SEQUENCE OWNED BY; Schema: public; Owner: ht_db_user
--

ALTER SEQUENCE public."HT_childConsentLangMaps_id_seq" OWNED BY public."HT_childConsentLangMaps".id;


--
-- Name: HT_childConsents; Type: TABLE; Schema: public; Owner: ht_db_user
--

CREATE TABLE public."HT_childConsents" (
    id bigint NOT NULL,
    "primaryCareGiver" text NOT NULL,
    "consentStatus" public."enum_HT_childConsents_consentStatus" NOT NULL,
    "dateOfEntry" timestamp with time zone NOT NULL,
    "createdAt" timestamp with time zone NOT NULL,
    "updatedAt" timestamp with time zone NOT NULL,
    "HTFamilyRelationId" bigint,
    "HTChildId" bigint,
    "HTUserId" text
);


ALTER TABLE public."HT_childConsents" OWNER TO ht_db_user;

--
-- Name: HT_childConsents_id_seq; Type: SEQUENCE; Schema: public; Owner: ht_db_user
--

CREATE SEQUENCE public."HT_childConsents_id_seq"
    START WITH 1
    INCREMENT BY 1
    NO MINVALUE
    NO MAXVALUE
    CACHE 1;


ALTER TABLE public."HT_childConsents_id_seq" OWNER TO ht_db_user;

--
-- Name: HT_childConsents_id_seq; Type: SEQUENCE OWNED BY; Schema: public; Owner: ht_db_user
--

ALTER SEQUENCE public."HT_childConsents_id_seq" OWNED BY public."HT_childConsents".id;


--
-- Name: HT_childCurrentPlacementStatuses; Type: TABLE; Schema: public; Owner: ht_db_user
--

CREATE TABLE public."HT_childCurrentPlacementStatuses" (
    id bigint NOT NULL,
    "currentPlacementStatus" character varying(255) NOT NULL,
    "isActive" boolean DEFAULT true,
    "isDeleted" boolean DEFAULT false,
    "createdBy" uuid,
    "updatedBy" uuid,
    "createdAt" timestamp with time zone NOT NULL,
    "updatedAt" timestamp with time zone NOT NULL,
    "currentPlacementStatusLang" json
);


ALTER TABLE public."HT_childCurrentPlacementStatuses" OWNER TO ht_db_user;

--
-- Name: HT_childCurrentPlacementStatuses_id_seq; Type: SEQUENCE; Schema: public; Owner: ht_db_user
--

CREATE SEQUENCE public."HT_childCurrentPlacementStatuses_id_seq"
    START WITH 1
    INCREMENT BY 1
    NO MINVALUE
    NO MAXVALUE
    CACHE 1;


ALTER TABLE public."HT_childCurrentPlacementStatuses_id_seq" OWNER TO ht_db_user;

--
-- Name: HT_childCurrentPlacementStatuses_id_seq; Type: SEQUENCE OWNED BY; Schema: public; Owner: ht_db_user
--

ALTER SEQUENCE public."HT_childCurrentPlacementStatuses_id_seq" OWNED BY public."HT_childCurrentPlacementStatuses".id;


--
-- Name: HT_childEducationLevels; Type: TABLE; Schema: public; Owner: ht_db_user
--

CREATE TABLE public."HT_childEducationLevels" (
    id bigint NOT NULL,
    "educationLevel" character varying(255) NOT NULL,
    "isActive" boolean DEFAULT true,
    "isDeleted" boolean DEFAULT false,
    "createdBy" uuid,
    "updatedBy" uuid,
    "createdAt" timestamp with time zone NOT NULL,
    "updatedAt" timestamp with time zone NOT NULL,
    "educationLevelLang" json
);


ALTER TABLE public."HT_childEducationLevels" OWNER TO ht_db_user;

--
-- Name: HT_childEducationLevels_id_seq; Type: SEQUENCE; Schema: public; Owner: ht_db_user
--

CREATE SEQUENCE public."HT_childEducationLevels_id_seq"
    START WITH 1
    INCREMENT BY 1
    NO MINVALUE
    NO MAXVALUE
    CACHE 1;


ALTER TABLE public."HT_childEducationLevels_id_seq" OWNER TO ht_db_user;

--
-- Name: HT_childEducationLevels_id_seq; Type: SEQUENCE OWNED BY; Schema: public; Owner: ht_db_user
--

ALTER SEQUENCE public."HT_childEducationLevels_id_seq" OWNED BY public."HT_childEducationLevels".id;


--
-- Name: HT_childHistories; Type: TABLE; Schema: public; Owner: ht_db_user
--

CREATE TABLE public."HT_childHistories" (
    id bigint NOT NULL,
    "fromDate" timestamp with time zone NOT NULL,
    "toDate" timestamp with time zone NOT NULL,
    "isActive" boolean DEFAULT true,
    "isDeleted" boolean DEFAULT false,
    "createdBy" uuid,
    "updatedBy" uuid,
    "createdAt" timestamp with time zone NOT NULL,
    "updatedAt" timestamp with time zone NOT NULL,
    "HTChildId" bigint,
    "HTFamilyId" bigint,
    "HTFamilyMemberId" bigint
);


ALTER TABLE public."HT_childHistories" OWNER TO ht_db_user;

--
-- Name: HT_childHistories_id_seq; Type: SEQUENCE; Schema: public; Owner: ht_db_user
--

CREATE SEQUENCE public."HT_childHistories_id_seq"
    START WITH 1
    INCREMENT BY 1
    NO MINVALUE
    NO MAXVALUE
    CACHE 1;


ALTER TABLE public."HT_childHistories_id_seq" OWNER TO ht_db_user;

--
-- Name: HT_childHistories_id_seq; Type: SEQUENCE OWNED BY; Schema: public; Owner: ht_db_user
--

ALTER SEQUENCE public."HT_childHistories_id_seq" OWNED BY public."HT_childHistories".id;


--
-- Name: HT_childPlacementStatuses; Type: TABLE; Schema: public; Owner: ht_db_user
--

CREATE TABLE public."HT_childPlacementStatuses" (
    id bigint NOT NULL,
    "placementStatus" character varying(255) NOT NULL,
    "isActive" boolean DEFAULT true,
    "isDeleted" boolean DEFAULT false,
    "createdBy" uuid,
    "updatedBy" uuid,
    "createdAt" timestamp with time zone NOT NULL,
    "updatedAt" timestamp with time zone NOT NULL,
    "placementStatusLang" json
);


ALTER TABLE public."HT_childPlacementStatuses" OWNER TO ht_db_user;

--
-- Name: HT_childPlacementStatuses_id_seq; Type: SEQUENCE; Schema: public; Owner: ht_db_user
--

CREATE SEQUENCE public."HT_childPlacementStatuses_id_seq"
    START WITH 1
    INCREMENT BY 1
    NO MINVALUE
    NO MAXVALUE
    CACHE 1;


ALTER TABLE public."HT_childPlacementStatuses_id_seq" OWNER TO ht_db_user;

--
-- Name: HT_childPlacementStatuses_id_seq; Type: SEQUENCE OWNED BY; Schema: public; Owner: ht_db_user
--

ALTER SEQUENCE public."HT_childPlacementStatuses_id_seq" OWNED BY public."HT_childPlacementStatuses".id;


--
-- Name: HT_childStatuses; Type: TABLE; Schema: public; Owner: ht_db_user
--

CREATE TABLE public."HT_childStatuses" (
    id bigint NOT NULL,
    status character varying(255) NOT NULL,
    "isActive" boolean DEFAULT true,
    "isDeleted" boolean DEFAULT false,
    "createdBy" uuid,
    "updatedBy" uuid,
    "createdAt" timestamp with time zone NOT NULL,
    "updatedAt" timestamp with time zone NOT NULL,
    "statusLang" json
);


ALTER TABLE public."HT_childStatuses" OWNER TO ht_db_user;

--
-- Name: HT_childStatuses_id_seq; Type: SEQUENCE; Schema: public; Owner: ht_db_user
--

CREATE SEQUENCE public."HT_childStatuses_id_seq"
    START WITH 1
    INCREMENT BY 1
    NO MINVALUE
    NO MAXVALUE
    CACHE 1;


ALTER TABLE public."HT_childStatuses_id_seq" OWNER TO ht_db_user;

--
-- Name: HT_childStatuses_id_seq; Type: SEQUENCE OWNED BY; Schema: public; Owner: ht_db_user
--

ALTER SEQUENCE public."HT_childStatuses_id_seq" OWNED BY public."HT_childStatuses".id;


--
-- Name: HT_children; Type: TABLE; Schema: public; Owner: ht_db_user
--

CREATE TABLE public."HT_children" (
    id bigint NOT NULL,
    "firstName" character varying(255) NOT NULL,
    "lastName" character varying(255),
    "addressLine1" text,
    "addressLine2" text,
    "zipCode" character varying(255),
    city character varying(255),
    "highestEducationLevel" character varying(255),
    "birthDate" timestamp with time zone NOT NULL,
    "dateOfEntry" timestamp with time zone,
    "dateOfExit" timestamp with time zone,
    gender character varying(255) NOT NULL,
    "phoneNumber" character varying(255),
    email character varying(255),
    "isActive" boolean DEFAULT true,
    "isDeleted" boolean DEFAULT false,
    "createdBy" uuid,
    "updatedBy" uuid,
    "injectiondocId" character varying(255),
    "createdAt" timestamp with time zone NOT NULL,
    "updatedAt" timestamp with time zone NOT NULL,
    "HTFamilyId" bigint,
    "HTAccountId" text,
    "HTLanguageId" bigint,
    "HTChildEducationLevelId" bigint,
    "HTCountryId" bigint,
    "HTStateId" bigint,
    "HTDistrictId" bigint,
    "HTChildPlacementStatusId" bigint,
    "HTChildStatusId" bigint,
    "HTChildCurrentPlacementStatusId" bigint,
    "HTChildOldPlacementStatusId" bigint
);


ALTER TABLE public."HT_children" OWNER TO ht_db_user;

--
-- Name: HT_children_id_seq; Type: SEQUENCE; Schema: public; Owner: ht_db_user
--

CREATE SEQUENCE public."HT_children_id_seq"
    START WITH 1
    INCREMENT BY 1
    NO MINVALUE
    NO MAXVALUE
    CACHE 1;


ALTER TABLE public."HT_children_id_seq" OWNER TO ht_db_user;

--
-- Name: HT_children_id_seq; Type: SEQUENCE OWNED BY; Schema: public; Owner: ht_db_user
--

ALTER SEQUENCE public."HT_children_id_seq" OWNED BY public."HT_children".id;


--
-- Name: HT_chldCurntPlmtStsLangMaps; Type: TABLE; Schema: public; Owner: ht_db_user
--

CREATE TABLE public."HT_chldCurntPlmtStsLangMaps" (
    id bigint NOT NULL,
    "currentPlacementStatus" character varying(255) NOT NULL,
    "isActive" boolean DEFAULT true,
    "isDeleted" boolean DEFAULT false,
    "createdBy" uuid,
    "updatedBy" uuid,
    "createdAt" timestamp with time zone NOT NULL,
    "updatedAt" timestamp with time zone NOT NULL,
    "HTChildCurrentPlacementStatusId" bigint,
    "HTLanguageId" bigint
);


ALTER TABLE public."HT_chldCurntPlmtStsLangMaps" OWNER TO ht_db_user;

--
-- Name: HT_chldCurntPlmtStsLangMaps_id_seq; Type: SEQUENCE; Schema: public; Owner: ht_db_user
--

CREATE SEQUENCE public."HT_chldCurntPlmtStsLangMaps_id_seq"
    START WITH 1
    INCREMENT BY 1
    NO MINVALUE
    NO MAXVALUE
    CACHE 1;


ALTER TABLE public."HT_chldCurntPlmtStsLangMaps_id_seq" OWNER TO ht_db_user;

--
-- Name: HT_chldCurntPlmtStsLangMaps_id_seq; Type: SEQUENCE OWNED BY; Schema: public; Owner: ht_db_user
--

ALTER SEQUENCE public."HT_chldCurntPlmtStsLangMaps_id_seq" OWNED BY public."HT_chldCurntPlmtStsLangMaps".id;


--
-- Name: HT_chldEdnLvlLangMaps; Type: TABLE; Schema: public; Owner: ht_db_user
--

CREATE TABLE public."HT_chldEdnLvlLangMaps" (
    id bigint NOT NULL,
    "educationLevel" character varying(255) NOT NULL,
    "isActive" boolean DEFAULT true,
    "isDeleted" boolean DEFAULT false,
    "createdBy" uuid,
    "updatedBy" uuid,
    "createdAt" timestamp with time zone NOT NULL,
    "updatedAt" timestamp with time zone NOT NULL,
    "HTChildEducationLevelId" bigint,
    "HTLanguageId" bigint
);


ALTER TABLE public."HT_chldEdnLvlLangMaps" OWNER TO ht_db_user;

--
-- Name: HT_chldEdnLvlLangMaps_id_seq; Type: SEQUENCE; Schema: public; Owner: ht_db_user
--

CREATE SEQUENCE public."HT_chldEdnLvlLangMaps_id_seq"
    START WITH 1
    INCREMENT BY 1
    NO MINVALUE
    NO MAXVALUE
    CACHE 1;


ALTER TABLE public."HT_chldEdnLvlLangMaps_id_seq" OWNER TO ht_db_user;

--
-- Name: HT_chldEdnLvlLangMaps_id_seq; Type: SEQUENCE OWNED BY; Schema: public; Owner: ht_db_user
--

ALTER SEQUENCE public."HT_chldEdnLvlLangMaps_id_seq" OWNED BY public."HT_chldEdnLvlLangMaps".id;


--
-- Name: HT_chldPlmtStsLangMaps; Type: TABLE; Schema: public; Owner: ht_db_user
--

CREATE TABLE public."HT_chldPlmtStsLangMaps" (
    id bigint NOT NULL,
    "placementStatus" character varying(255) NOT NULL,
    "isActive" boolean DEFAULT true,
    "isDeleted" boolean DEFAULT false,
    "createdBy" uuid,
    "updatedBy" uuid,
    "createdAt" timestamp with time zone NOT NULL,
    "updatedAt" timestamp with time zone NOT NULL,
    "HTChildPlacementStatusId" bigint,
    "HTLanguageId" bigint
);


ALTER TABLE public."HT_chldPlmtStsLangMaps" OWNER TO ht_db_user;

--
-- Name: HT_chldPlmtStsLangMaps_id_seq; Type: SEQUENCE; Schema: public; Owner: ht_db_user
--

CREATE SEQUENCE public."HT_chldPlmtStsLangMaps_id_seq"
    START WITH 1
    INCREMENT BY 1
    NO MINVALUE
    NO MAXVALUE
    CACHE 1;


ALTER TABLE public."HT_chldPlmtStsLangMaps_id_seq" OWNER TO ht_db_user;

--
-- Name: HT_chldPlmtStsLangMaps_id_seq; Type: SEQUENCE OWNED BY; Schema: public; Owner: ht_db_user
--

ALTER SEQUENCE public."HT_chldPlmtStsLangMaps_id_seq" OWNED BY public."HT_chldPlmtStsLangMaps".id;


--
-- Name: HT_chldStsLangMaps; Type: TABLE; Schema: public; Owner: ht_db_user
--

CREATE TABLE public."HT_chldStsLangMaps" (
    id bigint NOT NULL,
    status character varying(255) NOT NULL,
    "isActive" boolean DEFAULT true,
    "isDeleted" boolean DEFAULT false,
    "createdBy" uuid,
    "updatedBy" uuid,
    "createdAt" timestamp with time zone NOT NULL,
    "updatedAt" timestamp with time zone NOT NULL,
    "HTChildStatusId" bigint,
    "HTLanguageId" bigint
);


ALTER TABLE public."HT_chldStsLangMaps" OWNER TO ht_db_user;

--
-- Name: HT_chldStsLangMaps_id_seq; Type: SEQUENCE; Schema: public; Owner: ht_db_user
--

CREATE SEQUENCE public."HT_chldStsLangMaps_id_seq"
    START WITH 1
    INCREMENT BY 1
    NO MINVALUE
    NO MAXVALUE
    CACHE 1;


ALTER TABLE public."HT_chldStsLangMaps_id_seq" OWNER TO ht_db_user;

--
-- Name: HT_chldStsLangMaps_id_seq; Type: SEQUENCE OWNED BY; Schema: public; Owner: ht_db_user
--

ALTER SEQUENCE public."HT_chldStsLangMaps_id_seq" OWNED BY public."HT_chldStsLangMaps".id;


--
-- Name: HT_choiceLangMaps; Type: TABLE; Schema: public; Owner: ht_db_user
--

CREATE TABLE public."HT_choiceLangMaps" (
    id bigint NOT NULL,
    "choiceName" text NOT NULL,
    "isActive" boolean DEFAULT true,
    "isDeleted" boolean DEFAULT false,
    "createdBy" uuid,
    "updatedBy" uuid,
    "createdAt" timestamp with time zone NOT NULL,
    "updatedAt" timestamp with time zone NOT NULL,
    "HTChoiceId" bigint,
    "HTLanguageId" bigint
);


ALTER TABLE public."HT_choiceLangMaps" OWNER TO ht_db_user;

--
-- Name: HT_choiceLangMaps_id_seq; Type: SEQUENCE; Schema: public; Owner: ht_db_user
--

CREATE SEQUENCE public."HT_choiceLangMaps_id_seq"
    START WITH 1
    INCREMENT BY 1
    NO MINVALUE
    NO MAXVALUE
    CACHE 1;


ALTER TABLE public."HT_choiceLangMaps_id_seq" OWNER TO ht_db_user;

--
-- Name: HT_choiceLangMaps_id_seq; Type: SEQUENCE OWNED BY; Schema: public; Owner: ht_db_user
--

ALTER SEQUENCE public."HT_choiceLangMaps_id_seq" OWNED BY public."HT_choiceLangMaps".id;


--
-- Name: HT_choices; Type: TABLE; Schema: public; Owner: ht_db_user
--

CREATE TABLE public."HT_choices" (
    id bigint NOT NULL,
    "choiceName" text NOT NULL,
    score integer,
    "isIntervention" boolean DEFAULT false,
    "isActive" boolean DEFAULT true,
    "isDeleted" boolean DEFAULT false,
    "createdBy" uuid,
    "updatedBy" uuid,
    "createdAt" timestamp with time zone NOT NULL,
    "updatedAt" timestamp with time zone NOT NULL,
    "HTQuestionTypeId" bigint,
    "HTQuestionDomainId" bigint,
    "HTQuestionId" bigint,
    "choiceNameLang" json
);


ALTER TABLE public."HT_choices" OWNER TO ht_db_user;

--
-- Name: HT_choices_id_seq; Type: SEQUENCE; Schema: public; Owner: ht_db_user
--

CREATE SEQUENCE public."HT_choices_id_seq"
    START WITH 1
    INCREMENT BY 1
    NO MINVALUE
    NO MAXVALUE
    CACHE 1;


ALTER TABLE public."HT_choices_id_seq" OWNER TO ht_db_user;

--
-- Name: HT_choices_id_seq; Type: SEQUENCE OWNED BY; Schema: public; Owner: ht_db_user
--

ALTER SEQUENCE public."HT_choices_id_seq" OWNED BY public."HT_choices".id;


--
-- Name: HT_countries; Type: TABLE; Schema: public; Owner: ht_db_user
--

CREATE TABLE public."HT_countries" (
    id bigint NOT NULL,
    "countryName" character varying(1234) NOT NULL,
    "isoCode" character varying(1234) NOT NULL,
    "countryCode" character varying(1234) NOT NULL,
    "phoneNumberFormat" character varying(1234) NOT NULL,
    "isActive" boolean DEFAULT true,
    "isDeleted" boolean DEFAULT false,
    "createdAt" timestamp with time zone NOT NULL,
    "updatedAt" timestamp with time zone NOT NULL,
    "districtRequired" boolean,
    "stateRequired" boolean,
    "iso2Code" character varying(1234),
    "countryNameLang" json
);


ALTER TABLE public."HT_countries" OWNER TO ht_db_user;

--
-- Name: HT_countryLangMaps; Type: TABLE; Schema: public; Owner: ht_db_user
--

CREATE TABLE public."HT_countryLangMaps" (
    id bigint NOT NULL,
    "countryName" character varying(1234) NOT NULL,
    "isActive" boolean DEFAULT true,
    "isDeleted" boolean DEFAULT false,
    "createdBy" uuid,
    "updatedBy" uuid,
    "createdAt" timestamp with time zone NOT NULL,
    "updatedAt" timestamp with time zone NOT NULL,
    "HTCountryId" bigint,
    "HTLanguageId" bigint
);


ALTER TABLE public."HT_countryLangMaps" OWNER TO ht_db_user;

--
-- Name: HT_countryLangMaps_id_seq; Type: SEQUENCE; Schema: public; Owner: ht_db_user
--

CREATE SEQUENCE public."HT_countryLangMaps_id_seq"
    START WITH 1
    INCREMENT BY 1
    NO MINVALUE
    NO MAXVALUE
    CACHE 1;


ALTER TABLE public."HT_countryLangMaps_id_seq" OWNER TO ht_db_user;

--
-- Name: HT_countryLangMaps_id_seq; Type: SEQUENCE OWNED BY; Schema: public; Owner: ht_db_user
--

ALTER SEQUENCE public."HT_countryLangMaps_id_seq" OWNED BY public."HT_countryLangMaps".id;


--
-- Name: HT_deviceDetails; Type: TABLE; Schema: public; Owner: ht_db_user
--

CREATE TABLE public."HT_deviceDetails" (
    id bigint NOT NULL,
    token character varying(255),
    platform character varying(255),
    model character varying(255),
    "osVersion" character varying(255),
    "endpointARN" character varying(255),
    "isActive" boolean DEFAULT true,
    "isDeleted" boolean DEFAULT false,
    "createdBy" uuid,
    "updatedBy" uuid,
    "createdAt" timestamp with time zone NOT NULL,
    "updatedAt" timestamp with time zone NOT NULL,
    "HTUserId" text
);


ALTER TABLE public."HT_deviceDetails" OWNER TO ht_db_user;

--
-- Name: HT_deviceDetails_id_seq; Type: SEQUENCE; Schema: public; Owner: ht_db_user
--

CREATE SEQUENCE public."HT_deviceDetails_id_seq"
    START WITH 1
    INCREMENT BY 1
    NO MINVALUE
    NO MAXVALUE
    CACHE 1;


ALTER TABLE public."HT_deviceDetails_id_seq" OWNER TO ht_db_user;

--
-- Name: HT_deviceDetails_id_seq; Type: SEQUENCE OWNED BY; Schema: public; Owner: ht_db_user
--

ALTER SEQUENCE public."HT_deviceDetails_id_seq" OWNED BY public."HT_deviceDetails".id;


--
-- Name: HT_districtLangMaps; Type: TABLE; Schema: public; Owner: ht_db_user
--

CREATE TABLE public."HT_districtLangMaps" (
    id bigint NOT NULL,
    "districtName" character varying(1234) NOT NULL,
    "isActive" boolean DEFAULT true,
    "isDeleted" boolean DEFAULT false,
    "createdBy" uuid,
    "updatedBy" uuid,
    "createdAt" timestamp with time zone NOT NULL,
    "updatedAt" timestamp with time zone NOT NULL,
    "HTDistrictId" bigint,
    "HTLanguageId" bigint
);


ALTER TABLE public."HT_districtLangMaps" OWNER TO ht_db_user;

--
-- Name: HT_districtLangMaps_id_seq; Type: SEQUENCE; Schema: public; Owner: ht_db_user
--

CREATE SEQUENCE public."HT_districtLangMaps_id_seq"
    START WITH 1
    INCREMENT BY 1
    NO MINVALUE
    NO MAXVALUE
    CACHE 1;


ALTER TABLE public."HT_districtLangMaps_id_seq" OWNER TO ht_db_user;

--
-- Name: HT_districtLangMaps_id_seq; Type: SEQUENCE OWNED BY; Schema: public; Owner: ht_db_user
--

ALTER SEQUENCE public."HT_districtLangMaps_id_seq" OWNED BY public."HT_districtLangMaps".id;


--
-- Name: HT_districts; Type: TABLE; Schema: public; Owner: ht_db_user
--

CREATE TABLE public."HT_districts" (
    id bigint NOT NULL,
    "districtName" character varying(1234) NOT NULL,
    "isActive" boolean DEFAULT true,
    "isDeleted" boolean DEFAULT false,
    "createdAt" timestamp with time zone NOT NULL,
    "updatedAt" timestamp with time zone NOT NULL,
    "HTStateId" bigint,
    "districtNameLang" json,
    "MPCountryId" bigint
);


ALTER TABLE public."HT_districts" OWNER TO ht_db_user;

--
-- Name: HT_events; Type: TABLE; Schema: public; Owner: ht_db_user
--

CREATE TABLE public."HT_events" (
    id bigint NOT NULL,
    title character varying(255) NOT NULL,
    description character varying(255),
    "recurringEventName" character varying(255),
    "startDate" timestamp with time zone NOT NULL,
    "endDate" timestamp with time zone NOT NULL,
    "recurrenceEndDate" timestamp with time zone,
    "isComplete" boolean DEFAULT false,
    "isActive" boolean DEFAULT true,
    "isDeleted" boolean DEFAULT false,
    "createdBy" uuid,
    "updatedBy" uuid,
    "createdAt" timestamp with time zone NOT NULL,
    "updatedAt" timestamp with time zone NOT NULL,
    "HTChildId" bigint,
    "HTUserId" text,
    "HTEventId" bigint
);


ALTER TABLE public."HT_events" OWNER TO ht_db_user;

--
-- Name: HT_events_id_seq; Type: SEQUENCE; Schema: public; Owner: ht_db_user
--

CREATE SEQUENCE public."HT_events_id_seq"
    START WITH 1
    INCREMENT BY 1
    NO MINVALUE
    NO MAXVALUE
    CACHE 1;


ALTER TABLE public."HT_events_id_seq" OWNER TO ht_db_user;

--
-- Name: HT_events_id_seq; Type: SEQUENCE OWNED BY; Schema: public; Owner: ht_db_user
--

ALTER SEQUENCE public."HT_events_id_seq" OWNED BY public."HT_events".id;


--
-- Name: HT_families; Type: TABLE; Schema: public; Owner: ht_db_user
--

CREATE TABLE public."HT_families" (
    id bigint NOT NULL,
    "familyName" character varying(255),
    "addressLine1" text NOT NULL,
    "addressLine2" text,
    city character varying(255) NOT NULL,
    "zipCode" character varying(255) NOT NULL,
    "isActive" boolean DEFAULT true,
    "isDeleted" boolean DEFAULT false,
    "createdBy" uuid,
    "updatedBy" uuid,
    "injectiondocId" character varying(255),
    "createdAt" timestamp with time zone NOT NULL,
    "updatedAt" timestamp with time zone NOT NULL,
    "HTCountryId" bigint,
    "HTStateId" bigint,
    "HTDistrictId" bigint,
    "HTLanguageId" bigint
);


ALTER TABLE public."HT_families" OWNER TO ht_db_user;

--
-- Name: HT_families_id_seq; Type: SEQUENCE; Schema: public; Owner: ht_db_user
--

CREATE SEQUENCE public."HT_families_id_seq"
    START WITH 1
    INCREMENT BY 1
    NO MINVALUE
    NO MAXVALUE
    CACHE 1;


ALTER TABLE public."HT_families_id_seq" OWNER TO ht_db_user;

--
-- Name: HT_families_id_seq; Type: SEQUENCE OWNED BY; Schema: public; Owner: ht_db_user
--

ALTER SEQUENCE public."HT_families_id_seq" OWNED BY public."HT_families".id;


--
-- Name: HT_familyMemTypeLangMaps; Type: TABLE; Schema: public; Owner: ht_db_user
--

CREATE TABLE public."HT_familyMemTypeLangMaps" (
    id bigint NOT NULL,
    "memberType" character varying(255) NOT NULL,
    "isActive" boolean DEFAULT true,
    "isDeleted" boolean DEFAULT false,
    "createdBy" uuid,
    "updatedBy" uuid,
    "createdAt" timestamp with time zone NOT NULL,
    "updatedAt" timestamp with time zone NOT NULL,
    "HTFamilyMemberTypeId" bigint,
    "HTLanguageId" bigint
);


ALTER TABLE public."HT_familyMemTypeLangMaps" OWNER TO ht_db_user;

--
-- Name: HT_familyMemTypeLangMaps_id_seq; Type: SEQUENCE; Schema: public; Owner: ht_db_user
--

CREATE SEQUENCE public."HT_familyMemTypeLangMaps_id_seq"
    START WITH 1
    INCREMENT BY 1
    NO MINVALUE
    NO MAXVALUE
    CACHE 1;


ALTER TABLE public."HT_familyMemTypeLangMaps_id_seq" OWNER TO ht_db_user;

--
-- Name: HT_familyMemTypeLangMaps_id_seq; Type: SEQUENCE OWNED BY; Schema: public; Owner: ht_db_user
--

ALTER SEQUENCE public."HT_familyMemTypeLangMaps_id_seq" OWNED BY public."HT_familyMemTypeLangMaps".id;


--
-- Name: HT_familyMemberTypes; Type: TABLE; Schema: public; Owner: ht_db_user
--

CREATE TABLE public."HT_familyMemberTypes" (
    id bigint NOT NULL,
    "memberType" character varying(255) NOT NULL,
    "isActive" boolean DEFAULT true,
    "isDeleted" boolean DEFAULT false,
    "createdBy" uuid,
    "updatedBy" uuid,
    "createdAt" timestamp with time zone NOT NULL,
    "updatedAt" timestamp with time zone NOT NULL,
    "memberTypeLang" json
);


ALTER TABLE public."HT_familyMemberTypes" OWNER TO ht_db_user;

--
-- Name: HT_familyMemberTypes_id_seq; Type: SEQUENCE; Schema: public; Owner: ht_db_user
--

CREATE SEQUENCE public."HT_familyMemberTypes_id_seq"
    START WITH 1
    INCREMENT BY 1
    NO MINVALUE
    NO MAXVALUE
    CACHE 1;


ALTER TABLE public."HT_familyMemberTypes_id_seq" OWNER TO ht_db_user;

--
-- Name: HT_familyMemberTypes_id_seq; Type: SEQUENCE OWNED BY; Schema: public; Owner: ht_db_user
--

ALTER SEQUENCE public."HT_familyMemberTypes_id_seq" OWNED BY public."HT_familyMemberTypes".id;


--
-- Name: HT_familyMembers; Type: TABLE; Schema: public; Owner: ht_db_user
--

CREATE TABLE public."HT_familyMembers" (
    id bigint NOT NULL,
    "firstName" character varying(255) NOT NULL,
    "lastName" character varying(255),
    occupation character varying(255),
    "phoneNumber" character varying(255),
    email character varying(255),
    "isPrimaryCareGiver" boolean DEFAULT false,
    "otherRelation" text,
    "isActive" boolean DEFAULT true,
    "isDeleted" boolean DEFAULT false,
    "createdBy" uuid,
    "updatedBy" uuid,
    "createdAt" timestamp with time zone NOT NULL,
    "updatedAt" timestamp with time zone NOT NULL,
    "HTFamilyId" bigint,
    "HTFamilyMemberTypeId" bigint,
    "HTFamilyRelationId" bigint
);


ALTER TABLE public."HT_familyMembers" OWNER TO ht_db_user;

--
-- Name: HT_familyMembers_id_seq; Type: SEQUENCE; Schema: public; Owner: ht_db_user
--

CREATE SEQUENCE public."HT_familyMembers_id_seq"
    START WITH 1
    INCREMENT BY 1
    NO MINVALUE
    NO MAXVALUE
    CACHE 1;


ALTER TABLE public."HT_familyMembers_id_seq" OWNER TO ht_db_user;

--
-- Name: HT_familyMembers_id_seq; Type: SEQUENCE OWNED BY; Schema: public; Owner: ht_db_user
--

ALTER SEQUENCE public."HT_familyMembers_id_seq" OWNED BY public."HT_familyMembers".id;


--
-- Name: HT_familyRelanLangMaps; Type: TABLE; Schema: public; Owner: ht_db_user
--

CREATE TABLE public."HT_familyRelanLangMaps" (
    id bigint NOT NULL,
    relation character varying(255) NOT NULL,
    "isActive" boolean DEFAULT true,
    "isDeleted" boolean DEFAULT false,
    "createdBy" uuid,
    "updatedBy" uuid,
    "createdAt" timestamp with time zone NOT NULL,
    "updatedAt" timestamp with time zone NOT NULL,
    "HTFamilyRelationId" bigint,
    "HTLanguageId" bigint
);


ALTER TABLE public."HT_familyRelanLangMaps" OWNER TO ht_db_user;

--
-- Name: HT_familyRelanLangMaps_id_seq; Type: SEQUENCE; Schema: public; Owner: ht_db_user
--

CREATE SEQUENCE public."HT_familyRelanLangMaps_id_seq"
    START WITH 1
    INCREMENT BY 1
    NO MINVALUE
    NO MAXVALUE
    CACHE 1;


ALTER TABLE public."HT_familyRelanLangMaps_id_seq" OWNER TO ht_db_user;

--
-- Name: HT_familyRelanLangMaps_id_seq; Type: SEQUENCE OWNED BY; Schema: public; Owner: ht_db_user
--

ALTER SEQUENCE public."HT_familyRelanLangMaps_id_seq" OWNED BY public."HT_familyRelanLangMaps".id;


--
-- Name: HT_familyRelations; Type: TABLE; Schema: public; Owner: ht_db_user
--

CREATE TABLE public."HT_familyRelations" (
    id bigint NOT NULL,
    relation character varying(255) NOT NULL,
    "isActive" boolean DEFAULT true,
    "isDeleted" boolean DEFAULT false,
    "createdBy" uuid,
    "updatedBy" uuid,
    "createdAt" timestamp with time zone NOT NULL,
    "updatedAt" timestamp with time zone NOT NULL,
    "relationLang" json
);


ALTER TABLE public."HT_familyRelations" OWNER TO ht_db_user;

--
-- Name: HT_familyRelations_id_seq; Type: SEQUENCE; Schema: public; Owner: ht_db_user
--

CREATE SEQUENCE public."HT_familyRelations_id_seq"
    START WITH 1
    INCREMENT BY 1
    NO MINVALUE
    NO MAXVALUE
    CACHE 1;


ALTER TABLE public."HT_familyRelations_id_seq" OWNER TO ht_db_user;

--
-- Name: HT_familyRelations_id_seq; Type: SEQUENCE OWNED BY; Schema: public; Owner: ht_db_user
--

ALTER SEQUENCE public."HT_familyRelations_id_seq" OWNED BY public."HT_familyRelations".id;


--
-- Name: HT_fileUploadMappings; Type: TABLE; Schema: public; Owner: ht_db_user
--

CREATE TABLE public."HT_fileUploadMappings" (
    id bigint NOT NULL,
    "originalFileName" character varying(255),
    "customFileName" character varying(255),
    "moduleType" character varying(255),
    "documentType" character varying(255),
    "filePath" character varying(255),
    "fileUrl" character varying(255),
    "fileStatus" character varying(255) DEFAULT 'Created'::character varying,
    "fileSize" character varying(255) DEFAULT '0'::character varying,
    description character varying(255),
    "isActive" boolean DEFAULT true,
    "isDeleted" boolean DEFAULT false,
    "createdBy" uuid,
    "updatedBy" uuid,
    "createdAt" timestamp with time zone NOT NULL,
    "updatedAt" timestamp with time zone NOT NULL,
    "HTChildId" bigint,
    "HTAccountId" text,
    "HTUserId" text
);


ALTER TABLE public."HT_fileUploadMappings" OWNER TO ht_db_user;

--
-- Name: HT_fileUploadMappings_id_seq; Type: SEQUENCE; Schema: public; Owner: ht_db_user
--

CREATE SEQUENCE public."HT_fileUploadMappings_id_seq"
    START WITH 1
    INCREMENT BY 1
    NO MINVALUE
    NO MAXVALUE
    CACHE 1;


ALTER TABLE public."HT_fileUploadMappings_id_seq" OWNER TO ht_db_user;

--
-- Name: HT_fileUploadMappings_id_seq; Type: SEQUENCE OWNED BY; Schema: public; Owner: ht_db_user
--

ALTER SEQUENCE public."HT_fileUploadMappings_id_seq" OWNED BY public."HT_fileUploadMappings".id;


--
-- Name: HT_formQuestionMappings; Type: TABLE; Schema: public; Owner: ht_db_user
--

CREATE TABLE public."HT_formQuestionMappings" (
    id bigint NOT NULL,
    "order" integer NOT NULL,
    "isActive" boolean DEFAULT true,
    "isDeleted" boolean DEFAULT false,
    "createdBy" uuid,
    "updatedBy" uuid,
    "createdAt" timestamp with time zone NOT NULL,
    "updatedAt" timestamp with time zone NOT NULL,
    "HTQuestionId" bigint,
    "HTFormId" bigint
);


ALTER TABLE public."HT_formQuestionMappings" OWNER TO ht_db_user;

--
-- Name: HT_formQuestionMappings_id_seq; Type: SEQUENCE; Schema: public; Owner: ht_db_user
--

CREATE SEQUENCE public."HT_formQuestionMappings_id_seq"
    START WITH 1
    INCREMENT BY 1
    NO MINVALUE
    NO MAXVALUE
    CACHE 1;


ALTER TABLE public."HT_formQuestionMappings_id_seq" OWNER TO ht_db_user;

--
-- Name: HT_formQuestionMappings_id_seq; Type: SEQUENCE OWNED BY; Schema: public; Owner: ht_db_user
--

ALTER SEQUENCE public."HT_formQuestionMappings_id_seq" OWNED BY public."HT_formQuestionMappings".id;


--
-- Name: HT_formRevisions; Type: TABLE; Schema: public; Owner: ht_db_user
--

CREATE TABLE public."HT_formRevisions" (
    id bigint NOT NULL,
    "order" integer NOT NULL,
    "revisionNumber" integer NOT NULL,
    "isActive" boolean DEFAULT true,
    "isDeleted" boolean DEFAULT false,
    "createdBy" uuid,
    "updatedBy" uuid,
    "createdAt" timestamp with time zone NOT NULL,
    "updatedAt" timestamp with time zone NOT NULL,
    "HTFormId" bigint,
    "HTQuestionId" bigint
);


ALTER TABLE public."HT_formRevisions" OWNER TO ht_db_user;

--
-- Name: HT_formRevisions_id_seq; Type: SEQUENCE; Schema: public; Owner: ht_db_user
--

CREATE SEQUENCE public."HT_formRevisions_id_seq"
    START WITH 1
    INCREMENT BY 1
    NO MINVALUE
    NO MAXVALUE
    CACHE 1;


ALTER TABLE public."HT_formRevisions_id_seq" OWNER TO ht_db_user;

--
-- Name: HT_formRevisions_id_seq; Type: SEQUENCE OWNED BY; Schema: public; Owner: ht_db_user
--

ALTER SEQUENCE public."HT_formRevisions_id_seq" OWNED BY public."HT_formRevisions".id;


--
-- Name: HT_forms; Type: TABLE; Schema: public; Owner: ht_db_user
--

CREATE TABLE public."HT_forms" (
    id bigint NOT NULL,
    "formName" character varying(255) NOT NULL,
    description text,
    "currentRevision" integer DEFAULT 0,
    "isDraft" boolean DEFAULT false,
    "isPublished" boolean DEFAULT false,
    "isActive" boolean DEFAULT true,
    "isDeleted" boolean DEFAULT false,
    "createdBy" uuid,
    "updatedBy" uuid,
    "createdAt" timestamp with time zone NOT NULL,
    "updatedAt" timestamp with time zone NOT NULL,
    "HTAccountId" text
);


ALTER TABLE public."HT_forms" OWNER TO ht_db_user;

--
-- Name: HT_forms_id_seq; Type: SEQUENCE; Schema: public; Owner: ht_db_user
--

CREATE SEQUENCE public."HT_forms_id_seq"
    START WITH 1
    INCREMENT BY 1
    NO MINVALUE
    NO MAXVALUE
    CACHE 1;


ALTER TABLE public."HT_forms_id_seq" OWNER TO ht_db_user;

--
-- Name: HT_forms_id_seq; Type: SEQUENCE OWNED BY; Schema: public; Owner: ht_db_user
--

ALTER SEQUENCE public."HT_forms_id_seq" OWNED BY public."HT_forms".id;


--
-- Name: HT_importLogs; Type: TABLE; Schema: public; Owner: ht_db_user
--

CREATE TABLE public."HT_importLogs" (
    id bigint NOT NULL,
    "moduleType" character varying(255),
    data text,
    error text,
    "errorType" character varying(255),
    "entityId" character varying(255),
    "injectiondocId" character varying(255),
    "isActive" boolean DEFAULT true,
    "isDeleted" boolean DEFAULT false,
    "createdBy" uuid,
    "updatedBy" uuid,
    "createdAt" timestamp with time zone NOT NULL,
    "updatedAt" timestamp with time zone NOT NULL
);


ALTER TABLE public."HT_importLogs" OWNER TO ht_db_user;

--
-- Name: HT_importLogs_id_seq; Type: SEQUENCE; Schema: public; Owner: ht_db_user
--

CREATE SEQUENCE public."HT_importLogs_id_seq"
    START WITH 1
    INCREMENT BY 1
    NO MINVALUE
    NO MAXVALUE
    CACHE 1;


ALTER TABLE public."HT_importLogs_id_seq" OWNER TO ht_db_user;

--
-- Name: HT_importLogs_id_seq; Type: SEQUENCE OWNED BY; Schema: public; Owner: ht_db_user
--

ALTER SEQUENCE public."HT_importLogs_id_seq" OWNED BY public."HT_importLogs".id;


--
-- Name: HT_importMappings; Type: TABLE; Schema: public; Owner: ht_db_user
--

CREATE TABLE public."HT_importMappings" (
    id bigint NOT NULL,
    "originalFileName" character varying(255),
    "customFileName" character varying(255),
    "moduleType" character varying(255),
    "documentType" character varying(255) DEFAULT 'csv'::character varying,
    "filePath" character varying(255),
    "fileUrl" character varying(255),
    "fileStatus" character varying(255) DEFAULT 'Created'::character varying,
    "importStatus" character varying(255) DEFAULT 'Import_Not_Started'::character varying,
    "fileSize" character varying(255) DEFAULT '0'::character varying,
    description character varying(255),
    "dataCount" character varying(255) DEFAULT '0'::character varying,
    "isActive" boolean DEFAULT true,
    "isDeleted" boolean DEFAULT false,
    "createdBy" uuid,
    "updatedBy" uuid,
    "createdAt" timestamp with time zone NOT NULL,
    "updatedAt" timestamp with time zone NOT NULL
);


ALTER TABLE public."HT_importMappings" OWNER TO ht_db_user;

--
-- Name: HT_importMappings_id_seq; Type: SEQUENCE; Schema: public; Owner: ht_db_user
--

CREATE SEQUENCE public."HT_importMappings_id_seq"
    START WITH 1
    INCREMENT BY 1
    NO MINVALUE
    NO MAXVALUE
    CACHE 1;


ALTER TABLE public."HT_importMappings_id_seq" OWNER TO ht_db_user;

--
-- Name: HT_importMappings_id_seq; Type: SEQUENCE OWNED BY; Schema: public; Owner: ht_db_user
--

ALTER SEQUENCE public."HT_importMappings_id_seq" OWNED BY public."HT_importMappings".id;


--
-- Name: HT_langMaps; Type: TABLE; Schema: public; Owner: ht_db_user
--

CREATE TABLE public."HT_langMaps" (
    id bigint NOT NULL,
    language text NOT NULL,
    "isActive" boolean DEFAULT true,
    "isDeleted" boolean DEFAULT false,
    "createdBy" uuid,
    "updatedBy" uuid,
    "createdAt" timestamp with time zone NOT NULL,
    "updatedAt" timestamp with time zone NOT NULL,
    "HTLanguageId" bigint,
    "LanguageRefIdId" bigint
);


ALTER TABLE public."HT_langMaps" OWNER TO ht_db_user;

--
-- Name: HT_langMaps_id_seq; Type: SEQUENCE; Schema: public; Owner: ht_db_user
--

CREATE SEQUENCE public."HT_langMaps_id_seq"
    START WITH 1
    INCREMENT BY 1
    NO MINVALUE
    NO MAXVALUE
    CACHE 1;


ALTER TABLE public."HT_langMaps_id_seq" OWNER TO ht_db_user;

--
-- Name: HT_langMaps_id_seq; Type: SEQUENCE OWNED BY; Schema: public; Owner: ht_db_user
--

ALTER SEQUENCE public."HT_langMaps_id_seq" OWNED BY public."HT_langMaps".id;


--
-- Name: HT_languages; Type: TABLE; Schema: public; Owner: ht_db_user
--

CREATE TABLE public."HT_languages" (
    id bigint NOT NULL,
    language character varying(1234) NOT NULL,
    "langCode" character varying(1234),
    "isActive" boolean DEFAULT true,
    "isDeleted" boolean DEFAULT false,
    "createdAt" timestamp with time zone NOT NULL,
    "updatedAt" timestamp with time zone NOT NULL
);


ALTER TABLE public."HT_languages" OWNER TO ht_db_user;

--
-- Name: HT_logExports; Type: TABLE; Schema: public; Owner: ht_db_user
--

CREATE TABLE public."HT_logExports" (
    id bigint NOT NULL,
    "s3BucketName" text,
    location text,
    "creationTime" bigint,
    "logTaskId" text,
    "logGroupName" text,
    "logName" text,
    "fromTimestamp" bigint,
    "toTimestamp" bigint,
    "completionTime" bigint,
    "createdAt" timestamp with time zone NOT NULL,
    "updatedAt" timestamp with time zone NOT NULL
);


ALTER TABLE public."HT_logExports" OWNER TO ht_db_user;

--
-- Name: HT_logExports_id_seq; Type: SEQUENCE; Schema: public; Owner: ht_db_user
--

CREATE SEQUENCE public."HT_logExports_id_seq"
    START WITH 1
    INCREMENT BY 1
    NO MINVALUE
    NO MAXVALUE
    CACHE 1;


ALTER TABLE public."HT_logExports_id_seq" OWNER TO ht_db_user;

--
-- Name: HT_logExports_id_seq; Type: SEQUENCE OWNED BY; Schema: public; Owner: ht_db_user
--

ALTER SEQUENCE public."HT_logExports_id_seq" OWNED BY public."HT_logExports".id;


--
-- Name: HT_notifLangMaps; Type: TABLE; Schema: public; Owner: ht_db_user
--

CREATE TABLE public."HT_notifLangMaps" (
    id bigint NOT NULL,
    title character varying(255),
    body character varying(255),
    "isActive" boolean DEFAULT true,
    "isDeleted" boolean DEFAULT false,
    "createdBy" uuid,
    "updatedBy" uuid,
    "createdAt" timestamp with time zone NOT NULL,
    "updatedAt" timestamp with time zone NOT NULL,
    "HTNotificationId" bigint,
    "HTLanguageId" bigint
);


ALTER TABLE public."HT_notifLangMaps" OWNER TO ht_db_user;

--
-- Name: HT_notifLangMaps_id_seq; Type: SEQUENCE; Schema: public; Owner: ht_db_user
--

CREATE SEQUENCE public."HT_notifLangMaps_id_seq"
    START WITH 1
    INCREMENT BY 1
    NO MINVALUE
    NO MAXVALUE
    CACHE 1;


ALTER TABLE public."HT_notifLangMaps_id_seq" OWNER TO ht_db_user;

--
-- Name: HT_notifLangMaps_id_seq; Type: SEQUENCE OWNED BY; Schema: public; Owner: ht_db_user
--

ALTER SEQUENCE public."HT_notifLangMaps_id_seq" OWNED BY public."HT_notifLangMaps".id;


--
-- Name: HT_notifications; Type: TABLE; Schema: public; Owner: ht_db_user
--

CREATE TABLE public."HT_notifications" (
    id bigint NOT NULL,
    "readStatus" boolean DEFAULT false,
    title character varying(255),
    body character varying(255),
    module character varying(255),
    "isActive" boolean DEFAULT true,
    "isDeleted" boolean DEFAULT false,
    "createdBy" uuid,
    "updatedBy" uuid,
    "createdAt" timestamp with time zone NOT NULL,
    "updatedAt" timestamp with time zone NOT NULL,
    "HTNotifnEventTypeId" bigint,
    "SenderIdId" text,
    "RecieverIdId" text,
    "HTUserId" text,
    "HTChildId" bigint,
    "HTCaseId" bigint,
    "HTFamilyId" bigint
);


ALTER TABLE public."HT_notifications" OWNER TO ht_db_user;

--
-- Name: HT_notifications_id_seq; Type: SEQUENCE; Schema: public; Owner: ht_db_user
--

CREATE SEQUENCE public."HT_notifications_id_seq"
    START WITH 1
    INCREMENT BY 1
    NO MINVALUE
    NO MAXVALUE
    CACHE 1;


ALTER TABLE public."HT_notifications_id_seq" OWNER TO ht_db_user;

--
-- Name: HT_notifications_id_seq; Type: SEQUENCE OWNED BY; Schema: public; Owner: ht_db_user
--

ALTER SEQUENCE public."HT_notifications_id_seq" OWNED BY public."HT_notifications".id;


--
-- Name: HT_notifnEventTypes; Type: TABLE; Schema: public; Owner: ht_db_user
--

CREATE TABLE public."HT_notifnEventTypes" (
    id bigint NOT NULL,
    "eventType" character varying(255) NOT NULL,
    "isActive" boolean DEFAULT true,
    "isDeleted" boolean DEFAULT false,
    "createdBy" uuid,
    "updatedBy" uuid,
    "createdAt" timestamp with time zone NOT NULL,
    "updatedAt" timestamp with time zone NOT NULL
);


ALTER TABLE public."HT_notifnEventTypes" OWNER TO ht_db_user;

--
-- Name: HT_notifnEventTypes_id_seq; Type: SEQUENCE; Schema: public; Owner: ht_db_user
--

CREATE SEQUENCE public."HT_notifnEventTypes_id_seq"
    START WITH 1
    INCREMENT BY 1
    NO MINVALUE
    NO MAXVALUE
    CACHE 1;


ALTER TABLE public."HT_notifnEventTypes_id_seq" OWNER TO ht_db_user;

--
-- Name: HT_notifnEventTypes_id_seq; Type: SEQUENCE OWNED BY; Schema: public; Owner: ht_db_user
--

ALTER SEQUENCE public."HT_notifnEventTypes_id_seq" OWNED BY public."HT_notifnEventTypes".id;


--
-- Name: HT_questionDomains; Type: TABLE; Schema: public; Owner: ht_db_user
--

CREATE TABLE public."HT_questionDomains" (
    id bigint NOT NULL,
    "domainName" character varying(255) NOT NULL,
    description text,
    "isActive" boolean DEFAULT true,
    "isDeleted" boolean DEFAULT false,
    "createdBy" uuid,
    "updatedBy" uuid,
    "createdAt" timestamp with time zone NOT NULL,
    "updatedAt" timestamp with time zone NOT NULL,
    "domainNameLang" json
);


ALTER TABLE public."HT_questionDomains" OWNER TO ht_db_user;

--
-- Name: HT_questionDomains_id_seq; Type: SEQUENCE; Schema: public; Owner: ht_db_user
--

CREATE SEQUENCE public."HT_questionDomains_id_seq"
    START WITH 1
    INCREMENT BY 1
    NO MINVALUE
    NO MAXVALUE
    CACHE 1;


ALTER TABLE public."HT_questionDomains_id_seq" OWNER TO ht_db_user;

--
-- Name: HT_questionDomains_id_seq; Type: SEQUENCE OWNED BY; Schema: public; Owner: ht_db_user
--

ALTER SEQUENCE public."HT_questionDomains_id_seq" OWNED BY public."HT_questionDomains".id;


--
-- Name: HT_questionLangMaps; Type: TABLE; Schema: public; Owner: ht_db_user
--

CREATE TABLE public."HT_questionLangMaps" (
    id bigint NOT NULL,
    "questionText" text NOT NULL,
    "questionHelpText" text,
    "isActive" boolean DEFAULT true,
    "isDeleted" boolean DEFAULT false,
    "createdBy" uuid,
    "updatedBy" uuid,
    "createdAt" timestamp with time zone NOT NULL,
    "updatedAt" timestamp with time zone NOT NULL,
    "HTQuestionId" bigint,
    "HTLanguageId" bigint
);


ALTER TABLE public."HT_questionLangMaps" OWNER TO ht_db_user;

--
-- Name: HT_questionLangMaps_id_seq; Type: SEQUENCE; Schema: public; Owner: ht_db_user
--

CREATE SEQUENCE public."HT_questionLangMaps_id_seq"
    START WITH 1
    INCREMENT BY 1
    NO MINVALUE
    NO MAXVALUE
    CACHE 1;


ALTER TABLE public."HT_questionLangMaps_id_seq" OWNER TO ht_db_user;

--
-- Name: HT_questionLangMaps_id_seq; Type: SEQUENCE OWNED BY; Schema: public; Owner: ht_db_user
--

ALTER SEQUENCE public."HT_questionLangMaps_id_seq" OWNED BY public."HT_questionLangMaps".id;


--
-- Name: HT_questionTypes; Type: TABLE; Schema: public; Owner: ht_db_user
--

CREATE TABLE public."HT_questionTypes" (
    id bigint NOT NULL,
    "typeName" character varying(255) NOT NULL,
    description text,
    "isActive" boolean DEFAULT true,
    "isDeleted" boolean DEFAULT false,
    "createdBy" uuid,
    "updatedBy" uuid,
    "createdAt" timestamp with time zone NOT NULL,
    "updatedAt" timestamp with time zone NOT NULL
);


ALTER TABLE public."HT_questionTypes" OWNER TO ht_db_user;

--
-- Name: HT_questionTypes_id_seq; Type: SEQUENCE; Schema: public; Owner: ht_db_user
--

CREATE SEQUENCE public."HT_questionTypes_id_seq"
    START WITH 1
    INCREMENT BY 1
    NO MINVALUE
    NO MAXVALUE
    CACHE 1;


ALTER TABLE public."HT_questionTypes_id_seq" OWNER TO ht_db_user;

--
-- Name: HT_questionTypes_id_seq; Type: SEQUENCE OWNED BY; Schema: public; Owner: ht_db_user
--

ALTER SEQUENCE public."HT_questionTypes_id_seq" OWNED BY public."HT_questionTypes".id;


--
-- Name: HT_questions; Type: TABLE; Schema: public; Owner: ht_db_user
--

CREATE TABLE public."HT_questions" (
    id bigint NOT NULL,
    "questionText" text NOT NULL,
    "questionHelpText" text,
    "isRedFlag" boolean DEFAULT false,
    "isFosterCareFlag" boolean DEFAULT false,
    "isActive" boolean DEFAULT true,
    "isDeleted" boolean DEFAULT false,
    "createdBy" uuid,
    "updatedBy" uuid,
    "createdAt" timestamp with time zone NOT NULL,
    "updatedAt" timestamp with time zone NOT NULL,
    "HTAccountId" text,
    "HTQuestionDomainId" bigint,
    "HTQuestionTypeId" bigint,
    "HTAnswerTypeId" bigint,
    "HTQuestionId" bigint
);


ALTER TABLE public."HT_questions" OWNER TO ht_db_user;

--
-- Name: HT_questions_id_seq; Type: SEQUENCE; Schema: public; Owner: ht_db_user
--

CREATE SEQUENCE public."HT_questions_id_seq"
    START WITH 1
    INCREMENT BY 1
    NO MINVALUE
    NO MAXVALUE
    CACHE 1;


ALTER TABLE public."HT_questions_id_seq" OWNER TO ht_db_user;

--
-- Name: HT_questions_id_seq; Type: SEQUENCE OWNED BY; Schema: public; Owner: ht_db_user
--

ALTER SEQUENCE public."HT_questions_id_seq" OWNED BY public."HT_questions".id;


--
-- Name: HT_qusnDomainLangMaps; Type: TABLE; Schema: public; Owner: ht_db_user
--

CREATE TABLE public."HT_qusnDomainLangMaps" (
    id bigint NOT NULL,
    "domainName" character varying(255) NOT NULL,
    description text,
    "isActive" boolean DEFAULT true,
    "isDeleted" boolean DEFAULT false,
    "createdBy" uuid,
    "updatedBy" uuid,
    "createdAt" timestamp with time zone NOT NULL,
    "updatedAt" timestamp with time zone NOT NULL,
    "HTQuestionDomainId" bigint,
    "HTLanguageId" bigint
);


ALTER TABLE public."HT_qusnDomainLangMaps" OWNER TO ht_db_user;

--
-- Name: HT_qusnDomainLangMaps_id_seq; Type: SEQUENCE; Schema: public; Owner: ht_db_user
--

CREATE SEQUENCE public."HT_qusnDomainLangMaps_id_seq"
    START WITH 1
    INCREMENT BY 1
    NO MINVALUE
    NO MAXVALUE
    CACHE 1;


ALTER TABLE public."HT_qusnDomainLangMaps_id_seq" OWNER TO ht_db_user;

--
-- Name: HT_qusnDomainLangMaps_id_seq; Type: SEQUENCE OWNED BY; Schema: public; Owner: ht_db_user
--

ALTER SEQUENCE public."HT_qusnDomainLangMaps_id_seq" OWNED BY public."HT_qusnDomainLangMaps".id;


--
-- Name: HT_recurringEvents; Type: TABLE; Schema: public; Owner: ht_db_user
--

CREATE TABLE public."HT_recurringEvents" (
    id bigint NOT NULL,
    "startDate" timestamp with time zone NOT NULL,
    "endDate" timestamp with time zone NOT NULL,
    "isActive" boolean DEFAULT true,
    "isDeleted" boolean DEFAULT false,
    "createdBy" uuid,
    "updatedBy" uuid,
    "createdAt" timestamp with time zone NOT NULL,
    "updatedAt" timestamp with time zone NOT NULL
);


ALTER TABLE public."HT_recurringEvents" OWNER TO ht_db_user;

--
-- Name: HT_recurringEvents_id_seq; Type: SEQUENCE; Schema: public; Owner: ht_db_user
--

CREATE SEQUENCE public."HT_recurringEvents_id_seq"
    START WITH 1
    INCREMENT BY 1
    NO MINVALUE
    NO MAXVALUE
    CACHE 1;


ALTER TABLE public."HT_recurringEvents_id_seq" OWNER TO ht_db_user;

--
-- Name: HT_recurringEvents_id_seq; Type: SEQUENCE OWNED BY; Schema: public; Owner: ht_db_user
--

ALTER SEQUENCE public."HT_recurringEvents_id_seq" OWNED BY public."HT_recurringEvents".id;


--
-- Name: HT_responses; Type: TABLE; Schema: public; Owner: ht_db_user
--

CREATE TABLE public."HT_responses" (
    id bigint NOT NULL,
    "textResponse" text,
    "otherResponse" text,
    "isInterResp" boolean DEFAULT false,
    "isActive" boolean DEFAULT true,
    "isDeleted" boolean DEFAULT false,
    "createdBy" uuid,
    "updatedBy" uuid,
    "createdAt" timestamp with time zone NOT NULL,
    "updatedAt" timestamp with time zone NOT NULL,
    "HTAssessmentId" bigint,
    "HTQuestionId" bigint,
    "HTChoiceId" bigint
);


ALTER TABLE public."HT_responses" OWNER TO ht_db_user;

--
-- Name: HT_responses_id_seq; Type: SEQUENCE; Schema: public; Owner: ht_db_user
--

CREATE SEQUENCE public."HT_responses_id_seq"
    START WITH 1
    INCREMENT BY 1
    NO MINVALUE
    NO MAXVALUE
    CACHE 1;


ALTER TABLE public."HT_responses_id_seq" OWNER TO ht_db_user;

--
-- Name: HT_responses_id_seq; Type: SEQUENCE OWNED BY; Schema: public; Owner: ht_db_user
--

ALTER SEQUENCE public."HT_responses_id_seq" OWNED BY public."HT_responses".id;


--
-- Name: HT_stateLangMaps; Type: TABLE; Schema: public; Owner: ht_db_user
--

CREATE TABLE public."HT_stateLangMaps" (
    id bigint NOT NULL,
    "stateName" character varying(1234) NOT NULL,
    "isActive" boolean DEFAULT true,
    "isDeleted" boolean DEFAULT false,
    "createdBy" uuid,
    "updatedBy" uuid,
    "createdAt" timestamp with time zone NOT NULL,
    "updatedAt" timestamp with time zone NOT NULL,
    "HTStateId" bigint,
    "HTLanguageId" bigint
);


ALTER TABLE public."HT_stateLangMaps" OWNER TO ht_db_user;

--
-- Name: HT_stateLangMaps_id_seq; Type: SEQUENCE; Schema: public; Owner: ht_db_user
--

CREATE SEQUENCE public."HT_stateLangMaps_id_seq"
    START WITH 1
    INCREMENT BY 1
    NO MINVALUE
    NO MAXVALUE
    CACHE 1;


ALTER TABLE public."HT_stateLangMaps_id_seq" OWNER TO ht_db_user;

--
-- Name: HT_stateLangMaps_id_seq; Type: SEQUENCE OWNED BY; Schema: public; Owner: ht_db_user
--

ALTER SEQUENCE public."HT_stateLangMaps_id_seq" OWNED BY public."HT_stateLangMaps".id;


--
-- Name: HT_states; Type: TABLE; Schema: public; Owner: ht_db_user
--

CREATE TABLE public."HT_states" (
    id bigint NOT NULL,
    "stateName" character varying(1234) NOT NULL,
    "stateCode" character varying(1234),
    "isActive" boolean DEFAULT true,
    "isDeleted" boolean DEFAULT false,
    "createdAt" timestamp with time zone NOT NULL,
    "updatedAt" timestamp with time zone NOT NULL,
    "HTCountryId" bigint,
    "stateNameLang" json
);


ALTER TABLE public."HT_states" OWNER TO ht_db_user;

--
-- Name: HT_userLogs; Type: TABLE; Schema: public; Owner: ht_db_user
--

CREATE TABLE public."HT_userLogs" (
    id bigint NOT NULL,
    entity character varying(255) NOT NULL,
    action character varying(255) NOT NULL,
    parameters text,
    "isActive" boolean DEFAULT true,
    "isDeleted" boolean DEFAULT false,
    "createdBy" uuid,
    "updatedBy" uuid,
    "createdAt" timestamp with time zone NOT NULL,
    "updatedAt" timestamp with time zone NOT NULL,
    "HTUserId" text
);


ALTER TABLE public."HT_userLogs" OWNER TO ht_db_user;

--
-- Name: HT_userLogs_id_seq; Type: SEQUENCE; Schema: public; Owner: ht_db_user
--

CREATE SEQUENCE public."HT_userLogs_id_seq"
    START WITH 1
    INCREMENT BY 1
    NO MINVALUE
    NO MAXVALUE
    CACHE 1;


ALTER TABLE public."HT_userLogs_id_seq" OWNER TO ht_db_user;

--
-- Name: HT_userLogs_id_seq; Type: SEQUENCE OWNED BY; Schema: public; Owner: ht_db_user
--

ALTER SEQUENCE public."HT_userLogs_id_seq" OWNED BY public."HT_userLogs".id;


--
-- Name: HT_userRoleLangMaps; Type: TABLE; Schema: public; Owner: ht_db_user
--

CREATE TABLE public."HT_userRoleLangMaps" (
    id bigint NOT NULL,
    role character varying(1234) NOT NULL,
    "isActive" boolean DEFAULT true,
    "isDeleted" boolean DEFAULT false,
    "createdBy" uuid,
    "updatedBy" uuid,
    "createdAt" timestamp with time zone NOT NULL,
    "updatedAt" timestamp with time zone NOT NULL,
    "HTUserRoleId" bigint,
    "HTLanguageId" bigint
);


ALTER TABLE public."HT_userRoleLangMaps" OWNER TO ht_db_user;

--
-- Name: HT_userRoleLangMaps_id_seq; Type: SEQUENCE; Schema: public; Owner: ht_db_user
--

CREATE SEQUENCE public."HT_userRoleLangMaps_id_seq"
    START WITH 1
    INCREMENT BY 1
    NO MINVALUE
    NO MAXVALUE
    CACHE 1;


ALTER TABLE public."HT_userRoleLangMaps_id_seq" OWNER TO ht_db_user;

--
-- Name: HT_userRoleLangMaps_id_seq; Type: SEQUENCE OWNED BY; Schema: public; Owner: ht_db_user
--

ALTER SEQUENCE public."HT_userRoleLangMaps_id_seq" OWNED BY public."HT_userRoleLangMaps".id;


--
-- Name: HT_userRoles; Type: TABLE; Schema: public; Owner: ht_db_user
--

CREATE TABLE public."HT_userRoles" (
    id bigint NOT NULL,
    role character varying(1234) NOT NULL,
    description character varying(1234),
    "cognitoValue" character varying(1234) NOT NULL,
    "isActive" boolean DEFAULT true,
    "isDeleted" boolean DEFAULT false,
    "createdAt" timestamp with time zone NOT NULL,
    "updatedAt" timestamp with time zone NOT NULL,
    "roleLang" json,
    "descriptionLang" json
);


ALTER TABLE public."HT_userRoles" OWNER TO ht_db_user;

--
-- Name: HT_users; Type: TABLE; Schema: public; Owner: ht_db_user
--

CREATE TABLE public."HT_users" (
    id text NOT NULL,
    "cognitoId" text,
    "oldCognitoId" text,
    "firstName" character varying(1234) NOT NULL,
    "lastName" character varying(1234) NOT NULL,
    "phoneNumber" character varying(255) NOT NULL,
    email character varying(255) NOT NULL,
    "addressLine1" text NOT NULL,
    "addressLine2" text,
    city character varying(255) NOT NULL,
    "zipCode" character varying(255) NOT NULL,
    "isActive" boolean DEFAULT false,
    "isDeleted" boolean DEFAULT false,
    "createdBy" uuid,
    "updatedBy" uuid,
    "injectiondocId" character varying(255),
    "dbRegion" character varying(255) NOT NULL,
    "HTUserRoleId" bigint,
    "createdAt" timestamp with time zone NOT NULL,
    "updatedAt" timestamp with time zone NOT NULL,
    "HTCountryId" bigint,
    "HTStateId" bigint,
    "HTDistrictId" bigint,
    "HTAccountId" text,
    "HTLanguageId" bigint,
    occupation text,
    "parentUserId" text,
    "userCode" integer,
    "userTimezone" character varying(255),
    "caseManagerId" text,
    image text,
    "fileStatus" character varying(255),
    "deactivationReason" text,
    "isAccountActive" boolean
);


ALTER TABLE public."HT_users" OWNER TO ht_db_user;

--
-- Name: awsdms_apply_exceptions; Type: TABLE; Schema: public; Owner: ht_db_user
--

CREATE TABLE public.awsdms_apply_exceptions (
    "TASK_NAME" character varying(128) NOT NULL,
    "TABLE_OWNER" character varying(128) NOT NULL,
    "TABLE_NAME" character varying(128) NOT NULL,
    "ERROR_TIME" timestamp without time zone NOT NULL,
    "STATEMENT" text NOT NULL,
    "ERROR" text NOT NULL
);


ALTER TABLE public.awsdms_apply_exceptions OWNER TO ht_db_user;

--
-- Name: HT_FollowUpProgresses id; Type: DEFAULT; Schema: public; Owner: ht_db_user
--

ALTER TABLE ONLY public."HT_FollowUpProgresses" ALTER COLUMN id SET DEFAULT nextval('public."HT_FollowUpProgresses_id_seq"'::regclass);


--
-- Name: HT_FollowUpStatuses id; Type: DEFAULT; Schema: public; Owner: ht_db_user
--

ALTER TABLE ONLY public."HT_FollowUpStatuses" ALTER COLUMN id SET DEFAULT nextval('public."HT_FollowUpStatuses_id_seq"'::regclass);


--
-- Name: HT_FollowupStatusQuestionChoices id; Type: DEFAULT; Schema: public; Owner: ht_db_user
--

ALTER TABLE ONLY public."HT_FollowupStatusQuestionChoices" ALTER COLUMN id SET DEFAULT nextval('public."HT_FollowupStatusQuestionChoices_id_seq"'::regclass);


--
-- Name: HT_FollowupStatusQuestions id; Type: DEFAULT; Schema: public; Owner: ht_db_user
--

ALTER TABLE ONLY public."HT_FollowupStatusQuestions" ALTER COLUMN id SET DEFAULT nextval('public."HT_FollowupStatusQuestions_id_seq"'::regclass);


--
-- Name: HT_IntegrationOptionLangMaps id; Type: DEFAULT; Schema: public; Owner: ht_db_user
--

ALTER TABLE ONLY public."HT_IntegrationOptionLangMaps" ALTER COLUMN id SET DEFAULT nextval('public."HT_IntegrationOptionLangMaps_id_seq"'::regclass);


--
-- Name: HT_IntegrationOptions id; Type: DEFAULT; Schema: public; Owner: ht_db_user
--

ALTER TABLE ONLY public."HT_IntegrationOptions" ALTER COLUMN id SET DEFAULT nextval('public."HT_IntegrationOptions_id_seq"'::regclass);


--
-- Name: HT_InterventionFollowUps id; Type: DEFAULT; Schema: public; Owner: ht_db_user
--

ALTER TABLE ONLY public."HT_InterventionFollowUps" ALTER COLUMN id SET DEFAULT nextval('public."HT_InterventionFollowUps_id_seq"'::regclass);


--
-- Name: HT_UserSocketConnectionMappings id; Type: DEFAULT; Schema: public; Owner: ht_db_user
--

ALTER TABLE ONLY public."HT_UserSocketConnectionMappings" ALTER COLUMN id SET DEFAULT nextval('public."HT_UserSocketConnectionMappings_id_seq"'::regclass);


--
-- Name: HT_accountLinkings id; Type: DEFAULT; Schema: public; Owner: ht_db_user
--

ALTER TABLE ONLY public."HT_accountLinkings" ALTER COLUMN id SET DEFAULT nextval('public."HT_accountLinkings_id_seq"'::regclass);


--
-- Name: HT_acntTypLangMaps id; Type: DEFAULT; Schema: public; Owner: ht_db_user
--

ALTER TABLE ONLY public."HT_acntTypLangMaps" ALTER COLUMN id SET DEFAULT nextval('public."HT_acntTypLangMaps_id_seq"'::regclass);


--
-- Name: HT_answerTypes id; Type: DEFAULT; Schema: public; Owner: ht_db_user
--

ALTER TABLE ONLY public."HT_answerTypes" ALTER COLUMN id SET DEFAULT nextval('public."HT_answerTypes_id_seq"'::regclass);


--
-- Name: HT_assessmentImages id; Type: DEFAULT; Schema: public; Owner: ht_db_user
--

ALTER TABLE ONLY public."HT_assessmentImages" ALTER COLUMN id SET DEFAULT nextval('public."HT_assessmentImages_id_seq"'::regclass);


--
-- Name: HT_assessmentIntegrationOptionMappings id; Type: DEFAULT; Schema: public; Owner: ht_db_user
--

ALTER TABLE ONLY public."HT_assessmentIntegrationOptionMappings" ALTER COLUMN id SET DEFAULT nextval('public."HT_assessmentIntegrationOptionMappings_id_seq"'::regclass);


--
-- Name: HT_assessmentInterventionTextResponses id; Type: DEFAULT; Schema: public; Owner: ht_db_user
--

ALTER TABLE ONLY public."HT_assessmentInterventionTextResponses" ALTER COLUMN id SET DEFAULT nextval('public."HT_assessmentInterventionTextResponses_id_seq"'::regclass);


--
-- Name: HT_assessmentReintegrationTypes id; Type: DEFAULT; Schema: public; Owner: ht_db_user
--

ALTER TABLE ONLY public."HT_assessmentReintegrationTypes" ALTER COLUMN id SET DEFAULT nextval('public."HT_assessmentReintegrationTypes_id_seq"'::regclass);


--
-- Name: HT_assessmentScores id; Type: DEFAULT; Schema: public; Owner: ht_db_user
--

ALTER TABLE ONLY public."HT_assessmentScores" ALTER COLUMN id SET DEFAULT nextval('public."HT_assessmentScores_id_seq"'::regclass);


--
-- Name: HT_assessmentVisitTypes id; Type: DEFAULT; Schema: public; Owner: ht_db_user
--

ALTER TABLE ONLY public."HT_assessmentVisitTypes" ALTER COLUMN id SET DEFAULT nextval('public."HT_assessmentVisitTypes_id_seq"'::regclass);


--
-- Name: HT_assessments id; Type: DEFAULT; Schema: public; Owner: ht_db_user
--

ALTER TABLE ONLY public."HT_assessments" ALTER COLUMN id SET DEFAULT nextval('public."HT_assessments_id_seq"'::regclass);


--
-- Name: HT_assmntReintegrationTypeLangMaps id; Type: DEFAULT; Schema: public; Owner: ht_db_user
--

ALTER TABLE ONLY public."HT_assmntReintegrationTypeLangMaps" ALTER COLUMN id SET DEFAULT nextval('public."HT_assmntReintegrationTypeLangMaps_id_seq"'::regclass);


--
-- Name: HT_assmntVisitTypeLangMaps id; Type: DEFAULT; Schema: public; Owner: ht_db_user
--

ALTER TABLE ONLY public."HT_assmntVisitTypeLangMaps" ALTER COLUMN id SET DEFAULT nextval('public."HT_assmntVisitTypeLangMaps_id_seq"'::regclass);


--
-- Name: HT_auditLogs id; Type: DEFAULT; Schema: public; Owner: ht_db_user
--

ALTER TABLE ONLY public."HT_auditLogs" ALTER COLUMN id SET DEFAULT nextval('public."HT_auditLogs_id_seq"'::regclass);


--
-- Name: HT_cases id; Type: DEFAULT; Schema: public; Owner: ht_db_user
--

ALTER TABLE ONLY public."HT_cases" ALTER COLUMN id SET DEFAULT nextval('public."HT_cases_id_seq"'::regclass);


--
-- Name: HT_childCareGiverMappings id; Type: DEFAULT; Schema: public; Owner: ht_db_user
--

ALTER TABLE ONLY public."HT_childCareGiverMappings" ALTER COLUMN id SET DEFAULT nextval('public."HT_childCareGiverMappings_id_seq"'::regclass);


--
-- Name: HT_childConsentLangMaps id; Type: DEFAULT; Schema: public; Owner: ht_db_user
--

ALTER TABLE ONLY public."HT_childConsentLangMaps" ALTER COLUMN id SET DEFAULT nextval('public."HT_childConsentLangMaps_id_seq"'::regclass);


--
-- Name: HT_childConsents id; Type: DEFAULT; Schema: public; Owner: ht_db_user
--

ALTER TABLE ONLY public."HT_childConsents" ALTER COLUMN id SET DEFAULT nextval('public."HT_childConsents_id_seq"'::regclass);


--
-- Name: HT_childCurrentPlacementStatuses id; Type: DEFAULT; Schema: public; Owner: ht_db_user
--

ALTER TABLE ONLY public."HT_childCurrentPlacementStatuses" ALTER COLUMN id SET DEFAULT nextval('public."HT_childCurrentPlacementStatuses_id_seq"'::regclass);


--
-- Name: HT_childEducationLevels id; Type: DEFAULT; Schema: public; Owner: ht_db_user
--

ALTER TABLE ONLY public."HT_childEducationLevels" ALTER COLUMN id SET DEFAULT nextval('public."HT_childEducationLevels_id_seq"'::regclass);


--
-- Name: HT_childHistories id; Type: DEFAULT; Schema: public; Owner: ht_db_user
--

ALTER TABLE ONLY public."HT_childHistories" ALTER COLUMN id SET DEFAULT nextval('public."HT_childHistories_id_seq"'::regclass);


--
-- Name: HT_childPlacementStatuses id; Type: DEFAULT; Schema: public; Owner: ht_db_user
--

ALTER TABLE ONLY public."HT_childPlacementStatuses" ALTER COLUMN id SET DEFAULT nextval('public."HT_childPlacementStatuses_id_seq"'::regclass);


--
-- Name: HT_childStatuses id; Type: DEFAULT; Schema: public; Owner: ht_db_user
--

ALTER TABLE ONLY public."HT_childStatuses" ALTER COLUMN id SET DEFAULT nextval('public."HT_childStatuses_id_seq"'::regclass);


--
-- Name: HT_children id; Type: DEFAULT; Schema: public; Owner: ht_db_user
--

ALTER TABLE ONLY public."HT_children" ALTER COLUMN id SET DEFAULT nextval('public."HT_children_id_seq"'::regclass);


--
-- Name: HT_chldCurntPlmtStsLangMaps id; Type: DEFAULT; Schema: public; Owner: ht_db_user
--

ALTER TABLE ONLY public."HT_chldCurntPlmtStsLangMaps" ALTER COLUMN id SET DEFAULT nextval('public."HT_chldCurntPlmtStsLangMaps_id_seq"'::regclass);


--
-- Name: HT_chldEdnLvlLangMaps id; Type: DEFAULT; Schema: public; Owner: ht_db_user
--

ALTER TABLE ONLY public."HT_chldEdnLvlLangMaps" ALTER COLUMN id SET DEFAULT nextval('public."HT_chldEdnLvlLangMaps_id_seq"'::regclass);


--
-- Name: HT_chldPlmtStsLangMaps id; Type: DEFAULT; Schema: public; Owner: ht_db_user
--

ALTER TABLE ONLY public."HT_chldPlmtStsLangMaps" ALTER COLUMN id SET DEFAULT nextval('public."HT_chldPlmtStsLangMaps_id_seq"'::regclass);


--
-- Name: HT_chldStsLangMaps id; Type: DEFAULT; Schema: public; Owner: ht_db_user
--

ALTER TABLE ONLY public."HT_chldStsLangMaps" ALTER COLUMN id SET DEFAULT nextval('public."HT_chldStsLangMaps_id_seq"'::regclass);


--
-- Name: HT_choiceLangMaps id; Type: DEFAULT; Schema: public; Owner: ht_db_user
--

ALTER TABLE ONLY public."HT_choiceLangMaps" ALTER COLUMN id SET DEFAULT nextval('public."HT_choiceLangMaps_id_seq"'::regclass);


--
-- Name: HT_choices id; Type: DEFAULT; Schema: public; Owner: ht_db_user
--

ALTER TABLE ONLY public."HT_choices" ALTER COLUMN id SET DEFAULT nextval('public."HT_choices_id_seq"'::regclass);


--
-- Name: HT_countryLangMaps id; Type: DEFAULT; Schema: public; Owner: ht_db_user
--

ALTER TABLE ONLY public."HT_countryLangMaps" ALTER COLUMN id SET DEFAULT nextval('public."HT_countryLangMaps_id_seq"'::regclass);


--
-- Name: HT_deviceDetails id; Type: DEFAULT; Schema: public; Owner: ht_db_user
--

ALTER TABLE ONLY public."HT_deviceDetails" ALTER COLUMN id SET DEFAULT nextval('public."HT_deviceDetails_id_seq"'::regclass);


--
-- Name: HT_districtLangMaps id; Type: DEFAULT; Schema: public; Owner: ht_db_user
--

ALTER TABLE ONLY public."HT_districtLangMaps" ALTER COLUMN id SET DEFAULT nextval('public."HT_districtLangMaps_id_seq"'::regclass);


--
-- Name: HT_events id; Type: DEFAULT; Schema: public; Owner: ht_db_user
--

ALTER TABLE ONLY public."HT_events" ALTER COLUMN id SET DEFAULT nextval('public."HT_events_id_seq"'::regclass);


--
-- Name: HT_families id; Type: DEFAULT; Schema: public; Owner: ht_db_user
--

ALTER TABLE ONLY public."HT_families" ALTER COLUMN id SET DEFAULT nextval('public."HT_families_id_seq"'::regclass);


--
-- Name: HT_familyMemTypeLangMaps id; Type: DEFAULT; Schema: public; Owner: ht_db_user
--

ALTER TABLE ONLY public."HT_familyMemTypeLangMaps" ALTER COLUMN id SET DEFAULT nextval('public."HT_familyMemTypeLangMaps_id_seq"'::regclass);


--
-- Name: HT_familyMemberTypes id; Type: DEFAULT; Schema: public; Owner: ht_db_user
--

ALTER TABLE ONLY public."HT_familyMemberTypes" ALTER COLUMN id SET DEFAULT nextval('public."HT_familyMemberTypes_id_seq"'::regclass);


--
-- Name: HT_familyMembers id; Type: DEFAULT; Schema: public; Owner: ht_db_user
--

ALTER TABLE ONLY public."HT_familyMembers" ALTER COLUMN id SET DEFAULT nextval('public."HT_familyMembers_id_seq"'::regclass);


--
-- Name: HT_familyRelanLangMaps id; Type: DEFAULT; Schema: public; Owner: ht_db_user
--

ALTER TABLE ONLY public."HT_familyRelanLangMaps" ALTER COLUMN id SET DEFAULT nextval('public."HT_familyRelanLangMaps_id_seq"'::regclass);


--
-- Name: HT_familyRelations id; Type: DEFAULT; Schema: public; Owner: ht_db_user
--

ALTER TABLE ONLY public."HT_familyRelations" ALTER COLUMN id SET DEFAULT nextval('public."HT_familyRelations_id_seq"'::regclass);


--
-- Name: HT_fileUploadMappings id; Type: DEFAULT; Schema: public; Owner: ht_db_user
--

ALTER TABLE ONLY public."HT_fileUploadMappings" ALTER COLUMN id SET DEFAULT nextval('public."HT_fileUploadMappings_id_seq"'::regclass);


--
-- Name: HT_formQuestionMappings id; Type: DEFAULT; Schema: public; Owner: ht_db_user
--

ALTER TABLE ONLY public."HT_formQuestionMappings" ALTER COLUMN id SET DEFAULT nextval('public."HT_formQuestionMappings_id_seq"'::regclass);


--
-- Name: HT_formRevisions id; Type: DEFAULT; Schema: public; Owner: ht_db_user
--

ALTER TABLE ONLY public."HT_formRevisions" ALTER COLUMN id SET DEFAULT nextval('public."HT_formRevisions_id_seq"'::regclass);


--
-- Name: HT_forms id; Type: DEFAULT; Schema: public; Owner: ht_db_user
--

ALTER TABLE ONLY public."HT_forms" ALTER COLUMN id SET DEFAULT nextval('public."HT_forms_id_seq"'::regclass);


--
-- Name: HT_importLogs id; Type: DEFAULT; Schema: public; Owner: ht_db_user
--

ALTER TABLE ONLY public."HT_importLogs" ALTER COLUMN id SET DEFAULT nextval('public."HT_importLogs_id_seq"'::regclass);


--
-- Name: HT_importMappings id; Type: DEFAULT; Schema: public; Owner: ht_db_user
--

ALTER TABLE ONLY public."HT_importMappings" ALTER COLUMN id SET DEFAULT nextval('public."HT_importMappings_id_seq"'::regclass);


--
-- Name: HT_langMaps id; Type: DEFAULT; Schema: public; Owner: ht_db_user
--

ALTER TABLE ONLY public."HT_langMaps" ALTER COLUMN id SET DEFAULT nextval('public."HT_langMaps_id_seq"'::regclass);


--
-- Name: HT_logExports id; Type: DEFAULT; Schema: public; Owner: ht_db_user
--

ALTER TABLE ONLY public."HT_logExports" ALTER COLUMN id SET DEFAULT nextval('public."HT_logExports_id_seq"'::regclass);


--
-- Name: HT_notifLangMaps id; Type: DEFAULT; Schema: public; Owner: ht_db_user
--

ALTER TABLE ONLY public."HT_notifLangMaps" ALTER COLUMN id SET DEFAULT nextval('public."HT_notifLangMaps_id_seq"'::regclass);


--
-- Name: HT_notifications id; Type: DEFAULT; Schema: public; Owner: ht_db_user
--

ALTER TABLE ONLY public."HT_notifications" ALTER COLUMN id SET DEFAULT nextval('public."HT_notifications_id_seq"'::regclass);


--
-- Name: HT_notifnEventTypes id; Type: DEFAULT; Schema: public; Owner: ht_db_user
--

ALTER TABLE ONLY public."HT_notifnEventTypes" ALTER COLUMN id SET DEFAULT nextval('public."HT_notifnEventTypes_id_seq"'::regclass);


--
-- Name: HT_questionDomains id; Type: DEFAULT; Schema: public; Owner: ht_db_user
--

ALTER TABLE ONLY public."HT_questionDomains" ALTER COLUMN id SET DEFAULT nextval('public."HT_questionDomains_id_seq"'::regclass);


--
-- Name: HT_questionLangMaps id; Type: DEFAULT; Schema: public; Owner: ht_db_user
--

ALTER TABLE ONLY public."HT_questionLangMaps" ALTER COLUMN id SET DEFAULT nextval('public."HT_questionLangMaps_id_seq"'::regclass);


--
-- Name: HT_questionTypes id; Type: DEFAULT; Schema: public; Owner: ht_db_user
--

ALTER TABLE ONLY public."HT_questionTypes" ALTER COLUMN id SET DEFAULT nextval('public."HT_questionTypes_id_seq"'::regclass);


--
-- Name: HT_questions id; Type: DEFAULT; Schema: public; Owner: ht_db_user
--

ALTER TABLE ONLY public."HT_questions" ALTER COLUMN id SET DEFAULT nextval('public."HT_questions_id_seq"'::regclass);


--
-- Name: HT_qusnDomainLangMaps id; Type: DEFAULT; Schema: public; Owner: ht_db_user
--

ALTER TABLE ONLY public."HT_qusnDomainLangMaps" ALTER COLUMN id SET DEFAULT nextval('public."HT_qusnDomainLangMaps_id_seq"'::regclass);


--
-- Name: HT_recurringEvents id; Type: DEFAULT; Schema: public; Owner: ht_db_user
--

ALTER TABLE ONLY public."HT_recurringEvents" ALTER COLUMN id SET DEFAULT nextval('public."HT_recurringEvents_id_seq"'::regclass);


--
-- Name: HT_responses id; Type: DEFAULT; Schema: public; Owner: ht_db_user
--

ALTER TABLE ONLY public."HT_responses" ALTER COLUMN id SET DEFAULT nextval('public."HT_responses_id_seq"'::regclass);


--
-- Name: HT_stateLangMaps id; Type: DEFAULT; Schema: public; Owner: ht_db_user
--

ALTER TABLE ONLY public."HT_stateLangMaps" ALTER COLUMN id SET DEFAULT nextval('public."HT_stateLangMaps_id_seq"'::regclass);


--
-- Name: HT_userLogs id; Type: DEFAULT; Schema: public; Owner: ht_db_user
--

ALTER TABLE ONLY public."HT_userLogs" ALTER COLUMN id SET DEFAULT nextval('public."HT_userLogs_id_seq"'::regclass);


--
-- Name: HT_userRoleLangMaps id; Type: DEFAULT; Schema: public; Owner: ht_db_user
--

ALTER TABLE ONLY public."HT_userRoleLangMaps" ALTER COLUMN id SET DEFAULT nextval('public."HT_userRoleLangMaps_id_seq"'::regclass);


--
-- Data for Name: HT_FollowUpProgresses; Type: TABLE DATA; Schema: public; Owner: ht_db_user
--

COPY public."HT_FollowUpProgresses" (id, "followupStatusDetail", "createdAt", "updatedAt", "HTQuestionDomainId", "HTQuestionId", "HTChoiceId", "HTAssessmentId", "HTFollowUpStatusId", "HTFollowupStatusQuestionId", "HTFollowupStatusQuestionChoiceId") FROM stdin;
15	xxx	2024-04-30 13:09:21.801+00	2024-04-30 13:09:21.801+00	1	9	153	18	1	1	1
16	xxx	2024-04-30 13:09:21.801+00	2024-04-30 13:09:21.801+00	2	13	33	18	2	2	4
17	xxx	2024-04-30 13:09:21.801+00	2024-04-30 13:09:21.801+00	2	13	33	18	2	3	6
18	xxx	2024-04-30 13:09:21.801+00	2024-04-30 13:09:21.801+00	2	14	37	18	2	2	5
19	xxx	2024-04-30 13:09:21.801+00	2024-04-30 13:09:21.801+00	2	14	37	18	2	3	7
20	xxx	2024-04-30 13:09:21.801+00	2024-04-30 13:09:21.801+00	4	27	155	18	3	4	8
21	xxx	2024-04-30 13:09:21.801+00	2024-04-30 13:09:21.801+00	5	32	104	18	1	1	3
22	XXX	2024-04-30 13:12:55.089+00	2024-04-30 13:12:55.089+00	2	17	49	17	1	1	1
23	xxx	2024-04-30 13:12:55.089+00	2024-04-30 13:12:55.089+00	2	19	57	17	3	4	9
24	xxx	2024-04-30 13:12:55.089+00	2024-04-30 13:12:55.089+00	3	22	69	17	2	2	4
25	xxx	2024-04-30 13:12:55.089+00	2024-04-30 13:12:55.089+00	3	22	69	17	2	3	7
26	XXX	2024-04-30 13:12:55.089+00	2024-04-30 13:12:55.089+00	4	26	86	17	4	5	10
27	XXX	2024-04-30 13:12:55.089+00	2024-04-30 13:12:55.089+00	5	33	109	17	1	1	1
28	xxxx	2024-05-22 11:55:39.124+00	2024-05-22 11:55:39.124+00	2	16	47	21	1	1	1
29	xxx	2024-05-22 11:55:39.124+00	2024-05-22 11:55:39.124+00	3	22	69	21	2	2	4
30	xxx	2024-05-22 11:55:39.124+00	2024-05-22 11:55:39.124+00	3	22	69	21	2	3	6
31	xxxx	2024-05-22 11:55:39.124+00	2024-05-22 11:55:39.124+00	3	22	70	21	3	4	9
32	cxxx	2024-05-22 11:55:39.124+00	2024-05-22 11:55:39.124+00	4	27	155	21	4	5	10
33	xxxx	2024-05-22 12:30:25.5+00	2024-05-22 12:30:25.5+00	2	16	47	23	1	1	1
34	xxx	2024-05-22 12:30:25.5+00	2024-05-22 12:30:25.5+00	3	22	69	23	3	4	9
35	xxx	2024-05-22 12:30:25.5+00	2024-05-22 12:30:25.5+00	3	25	85	23	2	2	4
36	xxx	2024-05-22 12:30:25.5+00	2024-05-22 12:30:25.5+00	3	25	85	23	2	3	7
\.


--
-- Data for Name: HT_FollowUpStatuses; Type: TABLE DATA; Schema: public; Owner: ht_db_user
--

COPY public."HT_FollowUpStatuses" (id, status, "helperText", "isActive", "createdAt", "updatedAt") FROM stdin;
1	Intervention Completed	Do you have any additional comments related to this intervention?	t	2022-07-15 00:00:00+00	2022-07-15 00:00:00+00
3	Intervention Not Started	Please provide details on why the intervention has not been started.	t	2022-07-15 00:00:00+00	2022-07-15 00:00:00+00
4	Intervention No Longer Relevant	Do you have any additional comments related to this intervention?	t	2022-07-15 00:00:00+00	2022-07-15 00:00:00+00
2	Intervention In Progress	Do you have any additional comments related to this intervention or its current status?	t	2022-07-15 00:00:00+00	2022-07-15 00:00:00+00
\.


--
-- Data for Name: HT_FollowupStatusQuestionChoices; Type: TABLE DATA; Schema: public; Owner: ht_db_user
--

COPY public."HT_FollowupStatusQuestionChoices" (id, choice, "isActive", "createdAt", "updatedAt", "HTFollowupStatusQuestionId", type) FROM stdin;
1	Improved the situation	t	2022-07-15 00:00:00+00	2022-07-15 00:00:00+00	1	Positive Impact
2	Made the situation worse	t	2022-07-15 00:00:00+00	2022-07-15 00:00:00+00	1	Made Worse
3	Had no impact on the situation	t	2022-07-15 00:00:00+00	2022-07-15 00:00:00+00	1	No Impact
4	Yes	t	2022-07-15 00:00:00+00	2022-07-15 00:00:00+00	2	Pottential Positive Impact
5	No	t	2022-07-15 00:00:00+00	2022-07-15 00:00:00+00	2	No Pottential Impact
6	Yes	t	2022-07-15 00:00:00+00	2022-07-15 00:00:00+00	3	Plan To Continue
7	No	t	2022-07-15 00:00:00+00	2022-07-15 00:00:00+00	3	Dont Plan To Continue
8	Yes	t	2022-07-15 00:00:00+00	2022-07-15 00:00:00+00	4	Will Start
9	No	t	2022-07-15 00:00:00+00	2022-07-15 00:00:00+00	4	Will Not Start
10	Yes, another intervention has been selected	t	2022-07-15 00:00:00+00	2022-07-15 00:00:00+00	5	Have Replaced
11	No, another intervention has not been selected but will be selected	t	2022-07-15 00:00:00+00	2022-07-15 00:00:00+00	5	Will Replace
12	No, another intervention has not been selected	t	2022-07-15 00:00:00+00	2022-07-15 00:00:00+00	5	Will Not Replace
\.


--
-- Data for Name: HT_FollowupStatusQuestions; Type: TABLE DATA; Schema: public; Owner: ht_db_user
--

COPY public."HT_FollowupStatusQuestions" (id, question, "isActive", "createdAt", "updatedAt", "HTFollowUpStatusId") FROM stdin;
3	Will you continue with this intervention in the future?	t	2022-07-15 00:00:00+00	2022-07-15 00:00:00+00	2
4	Do you expect to continue with this intervention in the future?	t	2022-07-15 00:00:00+00	2022-07-15 00:00:00+00	3
5	Have you selected a different intervention to take ths intervention's place?	t	2022-07-15 00:00:00+00	2022-07-15 00:00:00+00	4
1	How do you feel this intervention impacted the family's [domain] situation?	t	2022-07-15 00:00:00+00	2022-07-15 00:00:00+00	1
2	From what you have seen so far ,do you think this intervention will improve the famly's [domain] situation?	t	2022-07-15 00:00:00+00	2022-07-15 00:00:00+00	2
\.


--
-- Data for Name: HT_IntegrationOptionLangMaps; Type: TABLE DATA; Schema: public; Owner: ht_db_user
--

COPY public."HT_IntegrationOptionLangMaps" (id, "integrationOption", "isActive", "isDeleted", "createdBy", "updatedBy", "createdAt", "updatedAt", "HTIntegrationOptionId", "HTLanguageId") FROM stdin;
\.


--
-- Data for Name: HT_IntegrationOptions; Type: TABLE DATA; Schema: public; Owner: ht_db_user
--

COPY public."HT_IntegrationOptions" (id, "integrationOption", "isRedFlag", "isCaseCloseOption", "isActive", "order", "isDeleted", "createdBy", "updatedBy", "createdAt", "updatedAt", "HTFormId", "integrationOptionLang") FROM stdin;
3	No reintegration at this time; continue providing support services and addressing Red Flag milestones	t	f	t	2	f	\N	\N	2022-02-23 05:17:56.425+00	2022-02-23 05:17:56.425+00	1	{"1" : "No reintegration at this time; continue providing support services and addressing Red Flag milestones", "2" : "              /      \\n\\n", "3" : "   /          \\n"}
4	Consider returning child to CCI (eg: due to placement disruption) until Red Flag moved out of in-crisis	t	f	t	1	f	\N	\N	2022-02-23 05:17:56.439+00	2022-02-23 05:17:56.439+00	1	{"1" : "Consider returning child to CCI (eg: due to placement disruption) until Red Flag moved out of in-crisis", "2" : "              (   ,   , )      \\n\\n", "3" : "             (..   ,   ,  )\\n"}
5	Expedited Case Management (ECM) with safety concerns: Consider temporary placement with family or elsewhere until risk mitigates, adding more support to family and increasing follow ups until Red Flag moved out of in-crisis	t	f	t	3	f	\N	\N	2022-02-23 05:17:56.445+00	2022-02-23 05:17:56.445+00	1	{"1" : "Expedited Case Management (ECM) with safety concerns: Consider temporary placement with family or elsewhere until risk mitigates, adding more support to family and increasing follow ups until Red Flag moved out of in-crisis", "2" : "         \\n\\n", "3" : "        \\n"}
6	Consider other FBAC options: Respite care, Foster Care, Adoption, Group Living, Semi-Independent Living, Independent Living, Aftercare, etc. until Red Flag moved out of in-crisis	t	f	t	4	f	\N	\N	2022-02-23 05:17:56.453+00	2022-02-23 05:17:56.453+00	1	{"1" : "Consider other FBAC options: Respite care, Foster Care, Adoption, Group Living, Semi-Independent Living, Independent Living, Aftercare, etc. until Red Flag moved out of in-crisis", "2" : "   , - ,               \\n\\n", "3" : " ,  ,           \\n"}
7	Other	t	f	t	5	f	\N	\N	2022-02-23 05:17:56.459+00	2022-02-23 05:17:56.459+00	1	{"1" : "Other", "2" : "", "3" : "\\n\\n"}
8	Preparing for Reintegration: Focus on planning/implementing support services, and preparation of child and family; resolve Red Flag items	f	f	t	6	f	\N	\N	2022-02-23 05:17:56.465+00	2022-02-23 05:17:56.465+00	1	{"1" : "Preparing for Reintegration: Focus on planning/implementing support services, and preparation of child and family; resolve Red Flag items", "2" : "           ;          \\n\\n", "3" : "      ;   /  \\n\\n"}
9	Permanent Reintegration with birth family, kin, or other Family Based Alternative Care (FBAC) option; continue providing support services and follow ups	f	f	t	7	f	\N	\N	2022-02-23 05:17:56.472+00	2022-02-23 05:17:56.472+00	1	{"1" : "Permanent Reintegration with birth family, kin, or other Family Based Alternative Care (FBAC) option; continue providing support services and follow ups", "2" : "        /            \\n\\n", "3" : "   /          \\n\\n"}
10	Consider returning child to CCI (eg: due to placement disruption)	f	f	t	8	f	\N	\N	2022-02-23 05:17:56.478+00	2022-02-23 05:17:56.478+00	1	{"1" : "Consider returning child to CCI (eg: due to placement disruption)", "2" : "              (   ,   , )      \\n\\n", "3" : "             (..   ,   ,  )\\n\\n"}
11	Expedited Case Management (ECM) with safety concerns: Consider temporary placement with family or elsewhere until risk mitigates, adding more support to family and increasing follow ups	f	f	t	9	f	\N	\N	2022-02-23 05:17:56.484+00	2022-02-23 05:17:56.484+00	1	{"1" : "Expedited Case Management (ECM) with safety concerns: Consider temporary placement with family or elsewhere until risk mitigates, adding more support to family and increasing follow ups", "2" : "         \\n\\n", "3" : "        \\n\\n"}
12	Consider other FBAC options: Respite care, Foster Care, Adoption, Group Living, Semi-Independent Living, Independent Living, Aftercare, etc.	f	f	t	10	f	\N	\N	2022-02-23 05:17:56.49+00	2022-02-23 05:17:56.49+00	1	{"1" : "Consider other FBAC options: Respite care, Foster Care, Adoption, Group Living, Semi-Independent Living, Independent Living, Aftercare, etc.", "2" : "   , - ,               \\n\\n", "3" : " ,  ,           \\n\\n"}
13	Other	f	f	t	11	f	\N	\N	2022-02-23 05:17:56.496+00	2022-02-23 05:17:56.496+00	1	{"1" : "Other", "2" : "", "3" : "\\n\\n"}
14	Close case	f	t	t	12	f	\N	\N	2022-02-23 05:17:56.501+00	2022-02-23 05:17:56.501+00	1	{"1" : "Close case", "2" : "  \\n\\n", "3" : " "}
\.


--
-- Data for Name: HT_InterventionFollowUps; Type: TABLE DATA; Schema: public; Owner: ht_db_user
--

COPY public."HT_InterventionFollowUps" (id, "interventionChoiceIds", "interventionDetail", "createdAt", "updatedAt", "HTAssessmentId", "HTQuestionDomainId", "HTQuestionId") FROM stdin;
19	{153}		2024-04-30 13:06:19.716+00	2024-04-30 13:06:19.716+00	18	1	9
20	{33}		2024-04-30 13:06:19.716+00	2024-04-30 13:06:19.716+00	18	2	13
21	{37}		2024-04-30 13:06:19.716+00	2024-04-30 13:06:19.716+00	18	2	14
22	{155}		2024-04-30 13:06:19.716+00	2024-04-30 13:06:19.716+00	18	4	27
23	{104}		2024-04-30 13:06:19.716+00	2024-04-30 13:06:19.716+00	18	5	32
24	{49}		2024-04-30 13:11:13.986+00	2024-04-30 13:11:13.986+00	17	2	17
25	{57}		2024-04-30 13:11:13.986+00	2024-04-30 13:11:13.986+00	17	2	19
26	{69}		2024-04-30 13:11:13.986+00	2024-04-30 13:11:13.986+00	17	3	22
27	{86}		2024-04-30 13:11:13.986+00	2024-04-30 13:11:13.986+00	17	4	26
28	{109}		2024-04-30 13:11:13.986+00	2024-04-30 13:11:13.986+00	17	5	33
29	{47}	Xxx	2024-05-22 11:52:21.902+00	2024-05-22 11:52:21.902+00	21	2	16
30	{69,70}	Xxx	2024-05-22 11:52:21.902+00	2024-05-22 11:52:21.902+00	21	3	22
31	{155}	Xxx	2024-05-22 11:52:21.902+00	2024-05-22 11:52:21.902+00	21	4	27
32	{47}		2024-05-22 12:28:30.424+00	2024-05-22 12:28:30.424+00	23	2	16
33	{69}	Cxxx	2024-05-22 12:28:30.424+00	2024-05-22 12:28:30.424+00	23	3	22
34	{85}	Xxx	2024-05-22 12:28:30.424+00	2024-05-22 12:28:30.424+00	23	3	25
\.


--
-- Data for Name: HT_UserSocketConnectionMappings; Type: TABLE DATA; Schema: public; Owner: ht_db_user
--

COPY public."HT_UserSocketConnectionMappings" (id, "connectionId", "isActive", "isDeleted", "createdBy", "updatedBy", "createdAt", "updatedAt", "HTUserId") FROM stdin;
\.


--
-- Data for Name: HT_accountLinkings; Type: TABLE DATA; Schema: public; Owner: ht_db_user
--

COPY public."HT_accountLinkings" (id, "isActive", "isDeleted", "createdBy", "updatedBy", "createdAt", "updatedAt", "AccountId", "LinkedAccountId", "HTAccountId") FROM stdin;
\.


--
-- Data for Name: HT_accountTypes; Type: TABLE DATA; Schema: public; Owner: ht_db_user
--

COPY public."HT_accountTypes" (id, name, description, "isActive", "isDeleted", "createdAt", "updatedAt", "nameLang", "descriptionLang") FROM stdin;
1	Miracle Foundation	\N	t	f	2024-01-16 07:01:42+00	2024-01-16 07:01:42+00	\N	\N
5	Private CCI	\N	t	f	2024-01-16 07:01:42+00	2024-01-16 07:01:42+00	\N	\N
4	NGO/Partner	\N	t	f	2024-01-16 07:01:42+00	2024-01-16 07:01:42+00	\N	\N
3	Govt Organization	\N	t	f	2024-01-16 07:01:42+00	2024-01-16 07:01:42+00	\N	\N
2	Govt CCI	\N	t	f	2024-01-16 07:01:42+00	2024-01-16 07:01:42+00	\N	\N
\.


--
-- Data for Name: HT_accounts; Type: TABLE DATA; Schema: public; Owner: ht_db_user
--

COPY public."HT_accounts" (id, "accountName", "addressLine1", "addressLine2", "zipCode", "phoneNumber", email, city, website, "isDCPUOrg", "isActive", "isDeleted", "createdBy", "updatedBy", "injectiondocId", "dbRegion", "consentRequired", "createdAt", "updatedAt", "HTAccountTypeId", "HTCountryId", "HTStateId", "HTDistrictId", "accountCode", "deactivationReason", "accessType") FROM stdin;
d74a2981-22a4-4cc5-90ec-52f4d0301cd3	Thriving Together	123 Miracle Way		78703	\N	\N	Austin	\N	f	t	f	91e4d220-7bfd-4495-8d06-0fd99e1cd9aa	50092e8d-588d-4ebd-b72b-dba355ab0ee4	\N	usa	t	2024-05-20 13:55:46.861+00	2024-05-21 21:28:46.891+00	5	2	37	\N	243	\N	BOTH
0cf24e7b-6487-4288-8847-d336668da62e	QA RBAC REG Phase1 UGANDA	AD01 Ugandan Street		12345	\N	\N	Uganda City	\N	f	t	f	91e4d220-7bfd-4495-8d06-0fd99e1cd9aa	f09a62ed-11bc-424b-9497-9e447f96b856	\N	usa	t	2024-04-09 08:06:13.328+00	2024-04-09 10:03:33.168+00	5	3	38	\N	225	\N	THRIVE_SCALE
0d7b5e4a-9c81-4811-b010-bbef1ff42e28	GCCI UAT Staging USA	AD01 TXAS		12345	\N	\N	TXAS	\N	f	t	f	91e4d220-7bfd-4495-8d06-0fd99e1cd9aa	91e4d220-7bfd-4495-8d06-0fd99e1cd9aa	\N	usa	t	2024-04-04 12:50:41.529+00	2024-04-04 12:50:41.529+00	2	2	37	\N	218	\N	BOTH
1cec9f20-62dd-4cd1-b91b-951d851ab25b	Inapp Govt CCI	ABC Tvm		696567	\N	\N	TVM	\N	f	t	f	\N	\N	\N	india	t	2024-04-04 05:26:39.864+00	2024-04-04 05:26:39.864+00	2	1	18	415	216	\N	BOTH
2593574a-10f1-4074-8fe5-51f8ac753ab9	QA RBAC REG Phase1 INDIA	AD01 		691500	\N	\N	Quilon	\N	f	t	f	91e4d220-7bfd-4495-8d06-0fd99e1cd9aa	91e4d220-7bfd-4495-8d06-0fd99e1cd9aa	\N	india	t	2024-04-05 08:01:56.308+00	2024-04-05 08:04:03.997+00	5	1	18	407	220	\N	BOTH
359fdbcb-8f7b-4279-99c5-9c2b094114af	FS Only US CPA - Katie 4/5	TBD		78735	\N	\N	Austin	\N	f	t	f	fd9de831-d021-40b4-97f3-b13ee07b048e	fd9de831-d021-40b4-97f3-b13ee07b048e	\N	usa	f	2024-04-05 18:24:54.351+00	2024-04-05 18:24:54.351+00	\N	2	37	\N	222	\N	FOSTER_SHARE
3af1f40b-34a5-4174-a141-9dc97bafbd57	FS Only India CPA - Katie 4/5	TBD		999999	\N	\N	TBD	\N	f	t	f	fd9de831-d021-40b4-97f3-b13ee07b048e	fd9de831-d021-40b4-97f3-b13ee07b048e	\N	india	f	2024-04-05 18:26:26.379+00	2024-04-05 18:26:26.379+00	\N	1	21	481	224	\N	FOSTER_SHARE
6536ba55-07ba-4c0d-8c63-8891586345c7	Karasseril Org	Street Address 1		65465	\N	\N	Texas	\N	f	t	f	\N	\N	\N	usa	t	2024-04-04 06:01:38.46+00	2024-04-04 06:01:38.46+00	2	2	37	\N	217	\N	BOTH
91e4d220-7bfd-4495-8d06-0fd99e1cd9aa	Miracle Foundation	Txs North	\N	567845	\N	miraclesuperadmin@yopmail.com	TXS	\N	f	t	f	\N	\N	\N	usa	t	2024-01-16 07:01:42+00	2024-01-16 07:01:42+00	1	2	\N	\N	1000	\N	BOTH
96aca77e-d466-4be1-862d-9bf3ab4573a0	QA RBAC REG Phase1 USA	AD01 Txs	Street 2	12345	\N	\N	TXAS City	\N	f	t	f	91e4d220-7bfd-4495-8d06-0fd99e1cd9aa	d093e74c-259d-4851-a522-5ca4d78fc61f	\N	usa	t	2024-04-05 08:05:12.607+00	2024-04-08 09:11:34.45+00	5	2	37	\N	221	\N	BOTH
a6c3fb73-28c6-4339-8605-8b32e9947007	Mundakal Super speciality	ABS		987878	\N	\N	trv	\N	f	t	f	91e4d220-7bfd-4495-8d06-0fd99e1cd9aa	91e4d220-7bfd-4495-8d06-0fd99e1cd9aa	\N	india	t	2024-04-05 05:20:28.543+00	2024-04-05 05:20:28.543+00	2	1	18	415	219	\N	BOTH
aeb16ff9-0111-4da8-9f9e-c2bbb144065d	Deactivate PCCI - QA - India - TS Only	AD01 1st Address	AD02 1st Address	123456	\N	\N	Kollam City India	\N	f	f	t	91e4d220-7bfd-4495-8d06-0fd99e1cd9aa	91e4d220-7bfd-4495-8d06-0fd99e1cd9aa	\N	india	t	2024-04-15 06:11:52.212+00	2024-05-09 05:54:38.142+00	5	1	18	407	230		THRIVE_SCALE
b705825d-ddd8-45cd-8bb6-4713a96b47d3	FS Only Uganda CPA - Katie 4/5	TBD		99999	\N	\N	Civic Centre	\N	f	t	f	fd9de831-d021-40b4-97f3-b13ee07b048e	fd9de831-d021-40b4-97f3-b13ee07b048e	\N	usa	f	2024-04-05 18:25:34.29+00	2024-04-05 18:25:34.29+00	\N	3	38	\N	223	\N	FOSTER_SHARE
b7a026e2-b257-450a-ad88-60ed87614d0f	Technopark Org	Kazhakkoottam	Trivandrum	695581	\N	\N	TVM	\N	f	t	f	91e4d220-7bfd-4495-8d06-0fd99e1cd9aa	91e4d220-7bfd-4495-8d06-0fd99e1cd9aa	\N	india	f	2024-04-12 08:56:55.679+00	2024-04-12 08:56:55.679+00	3	1	18	415	228	\N	BOTH
bb55df99-046e-4ab8-a418-813c629b0967	PCCI ThriveScale_Uganda	AD01 Kampala Street		12345	\N	\N	Kampala	\N	f	t	f	91e4d220-7bfd-4495-8d06-0fd99e1cd9aa	91e4d220-7bfd-4495-8d06-0fd99e1cd9aa	\N	usa	t	2024-04-15 07:52:27.156+00	2024-04-15 07:52:27.156+00	5	3	38	\N	231	\N	BOTH
f6b5c395-6ed8-4b22-a356-201b75d16c5f	FS Only RBAC - USA	AD01 Wash DC	AD02 DC 	12345	\N	\N	Washington DC	\N	f	t	f	91e4d220-7bfd-4495-8d06-0fd99e1cd9aa	91e4d220-7bfd-4495-8d06-0fd99e1cd9aa	\N	usa	f	2024-04-11 14:19:23.517+00	2024-04-11 14:19:23.517+00	\N	2	37	\N	227	\N	FOSTER_SHARE
fb50e3ce-1543-4160-bcfd-16f103ebd399	Test CCI India (jyotir)	Pune city		431214	\N	\N	Pune	\N	f	t	f	91e4d220-7bfd-4495-8d06-0fd99e1cd9aa	91e4d220-7bfd-4495-8d06-0fd99e1cd9aa	\N	india	t	2024-04-12 11:44:01.759+00	2024-04-12 11:48:24.656+00	5	1	21	507	229	\N	THRIVE_SCALE
80cabb24-8fc7-4ed3-a8c7-1d0e36071342	Ash test - Deactivated USA org	123 6th st		78723	\N	\N	Austin	\N	f	f	t	fd9de831-d021-40b4-97f3-b13ee07b048e	fd9de831-d021-40b4-97f3-b13ee07b048e	\N	usa	f	2024-04-18 19:59:31.527+00	2024-04-18 20:01:10.782+00	4	2	37	\N	233	\N	BOTH
e2ae7a5f-da18-4ac2-9c28-0ab59f1f9b6b	Test	123 6th st		888885	\N	\N	Test	\N	f	t	f	fd9de831-d021-40b4-97f3-b13ee07b048e	fd9de831-d021-40b4-97f3-b13ee07b048e	\N	india	f	2024-04-22 12:40:23.104+00	2024-04-22 12:40:23.104+00	3	1	4	124	235	\N	BOTH
9095cbb8-30cc-408c-9c30-66c23a820855	test-FS only	123 6th st		78723	\N	\N	test	\N	f	t	f	fd9de831-d021-40b4-97f3-b13ee07b048e	fd9de831-d021-40b4-97f3-b13ee07b048e	\N	usa	f	2024-04-22 12:44:40.482+00	2024-04-22 12:44:40.482+00	\N	2	39	\N	236	\N	FOSTER_SHARE
9cfbcab5-ddf0-4fce-9b56-d8666ad2242e	Peace welfare foundation	test address		67154	\N	\N	city of texas	\N	f	t	f	91e4d220-7bfd-4495-8d06-0fd99e1cd9aa	91e4d220-7bfd-4495-8d06-0fd99e1cd9aa	\N	usa	t	2024-05-15 11:14:22.797+00	2024-05-15 11:14:22.797+00	2	2	37	\N	242	\N	BOTH
3c6feba9-08b5-400a-90f1-d7324a6dfd22	Test - NV	Dfsdfsdf		888888	\N	\N	HYds[	\N	f	t	f	fd9de831-d021-40b4-97f3-b13ee07b048e	fd9de831-d021-40b4-97f3-b13ee07b048e	\N	india	f	2024-04-22 12:53:24.169+00	2024-04-22 12:55:29.74+00	2	1	2	758	237	\N	BOTH
f1418a8e-2ccc-4d7e-a961-b7285ed6b27a	Ash test org_only one user	123 6th st		78723	\N	\N	City	\N	f	t	f	fd9de831-d021-40b4-97f3-b13ee07b048e	fd9de831-d021-40b4-97f3-b13ee07b048e	\N	usa	f	2024-04-18 20:08:25.48+00	2024-05-15 19:44:35.477+00	3	2	37	\N	234	\N	BOTH
733783e7-fcf9-42d5-849c-33aff0f01d35	Combo Org USA	TBD		78733	\N	\N	Austin	\N	f	t	f	fd9de831-d021-40b4-97f3-b13ee07b048e	0b9b34f2-dd92-4191-b023-f4ae32884964	\N	usa	t	2024-04-17 00:10:47.142+00	2024-04-22 18:54:33.709+00	5	2	37	\N	232	\N	BOTH
402e9214-a9d8-4a7a-b01e-5b932a0d1ecf	Ash test - USA FS and TS	123 6th st		88888	\N	\N	City	\N	f	t	f	fd9de831-d021-40b4-97f3-b13ee07b048e	fd9de831-d021-40b4-97f3-b13ee07b048e	\N	usa	f	2024-04-22 20:26:47.495+00	2024-04-22 20:26:47.495+00	5	2	37	\N	238	\N	BOTH
7afdc326-bc88-4cbd-b120-85e312fce2e1	AAAAAAAAAAAAAAAA	 Add a new organization		605020	\N	\N	city	\N	f	t	f	91e4d220-7bfd-4495-8d06-0fd99e1cd9aa	91e4d220-7bfd-4495-8d06-0fd99e1cd9aa	\N	india	t	2024-04-30 08:59:07.517+00	2024-04-30 08:59:07.517+00	5	1	18	399	239	\N	BOTH
116546d0-07bb-436d-be51-91cf5f34bd2a	Organization_OnlyUSA	123 6th st		78723	\N	\N	test	\N	f	t	f	fd9de831-d021-40b4-97f3-b13ee07b048e	fd9de831-d021-40b4-97f3-b13ee07b048e	\N	usa	f	2024-05-06 15:53:11.094+00	2024-05-06 15:53:11.094+00	4	2	37	\N	240	\N	BOTH
a38bbea2-e253-4888-afdc-d27a5f603d59	Deactivate PCCI - QA - US - FS Only	Street Address 01	Street Address 02	12345	\N	\N	Texas City USA	\N	f	t	f	91e4d220-7bfd-4495-8d06-0fd99e1cd9aa	91e4d220-7bfd-4495-8d06-0fd99e1cd9aa	\N	usa	t	2024-05-09 05:49:44.239+00	2024-05-09 05:49:44.239+00	5	2	37	\N	241	\N	BOTH
ae6695f8-d28c-4d1e-96be-16da575330b1	Happy CCI	123 Miracle Way		000000	\N	\N	Delhi	\N	f	t	f	91e4d220-7bfd-4495-8d06-0fd99e1cd9aa	c29aa68f-d4ec-48dd-b5ae-b5c717214613	\N	india	t	2024-04-10 16:42:44.357+00	2024-05-20 10:22:31.123+00	5	1	10	239	226	\N	THRIVE_SCALE
\.


--
-- Data for Name: HT_acntTypLangMaps; Type: TABLE DATA; Schema: public; Owner: ht_db_user
--

COPY public."HT_acntTypLangMaps" (id, name, description, "isActive", "isDeleted", "createdBy", "updatedBy", "createdAt", "updatedAt", "HTAccountTypeId", "HTLanguageId") FROM stdin;
\.


--
-- Data for Name: HT_answerTypes; Type: TABLE DATA; Schema: public; Owner: ht_db_user
--

COPY public."HT_answerTypes" (id, "typeName", description, "isActive", "isDeleted", "createdBy", "updatedBy", "createdAt", "updatedAt") FROM stdin;
1	Single Choice	\N	t	f	\N	\N	2022-02-23 05:17:56.362+00	2022-02-23 05:17:56.362+00
2	Multiple Choice	\N	t	f	\N	\N	2022-02-23 05:17:56.362+00	2022-02-23 05:17:56.362+00
3	Text	\N	t	f	\N	\N	2022-02-23 05:17:56.362+00	2022-02-23 05:17:56.362+00
\.


--
-- Data for Name: HT_assessmentImages; Type: TABLE DATA; Schema: public; Owner: ht_db_user
--

COPY public."HT_assessmentImages" (id, "s3BucketName", "objectKey", "isActive", "isDeleted", "createdBy", "updatedBy", "createdAt", "updatedAt", "HTAssessmentId") FROM stdin;
\.


--
-- Data for Name: HT_assessmentIntegrationOptionMappings; Type: TABLE DATA; Schema: public; Owner: ht_db_user
--

COPY public."HT_assessmentIntegrationOptionMappings" (id, "isActive", "isDeleted", "createdBy", "updatedBy", "createdAt", "updatedAt", "HTAssessmentId", "HTIntegrationOptionId") FROM stdin;
12	t	f	0041cb61-2346-4bbe-874b-334cb9af0a1d	\N	2024-04-30 13:06:45.805+00	2024-04-30 13:06:45.805+00	18	4
13	t	f	0041cb61-2346-4bbe-874b-334cb9af0a1d	\N	2024-04-30 13:11:45.338+00	2024-04-30 13:11:45.338+00	17	4
14	t	f	af6bb192-f1d5-4148-bb08-206d1e0151ea	\N	2024-05-22 11:52:52.457+00	2024-05-22 11:52:52.457+00	21	6
15	t	f	af6bb192-f1d5-4148-bb08-206d1e0151ea	\N	2024-05-22 12:29:00.84+00	2024-05-22 12:29:00.84+00	23	6
\.


--
-- Data for Name: HT_assessmentInterventionTextResponses; Type: TABLE DATA; Schema: public; Owner: ht_db_user
--

COPY public."HT_assessmentInterventionTextResponses" (id, "interventionDetails", "otherDetails", "isActive", "isDeleted", "createdBy", "updatedBy", "createdAt", "updatedAt", "HTQuestionId", "HTAssessmentId") FROM stdin;
\.


--
-- Data for Name: HT_assessmentReintegrationTypes; Type: TABLE DATA; Schema: public; Owner: ht_db_user
--

COPY public."HT_assessmentReintegrationTypes" (id, "reIntegrationType", "isActive", "isDeleted", "createdBy", "updatedBy", "createdAt", "updatedAt", "reIntegrationTypeLang") FROM stdin;
1	Prevention of Separation	t	f	\N	\N	2022-02-23 05:17:56.363+00	2022-02-23 05:17:56.363+00	{"1": "Prevention of Separation", "2": "  ", "3": " "}
2	Reintegration with Parents/Step-Parents	t	f	\N	\N	2022-02-23 05:17:56.363+00	2022-02-23 05:17:56.363+00	{"1": "Reintegration with Parents/Step-Parents", "2": "- /  -    ", "3": "/  "}
3	Kinship Care	t	f	\N	\N	2022-02-23 05:17:56.363+00	2022-02-23 05:17:56.363+00	{"1": "Kinship Care", "2": "  ", "3": " "}
4	Foster Care	t	f	\N	\N	2022-02-23 05:17:56.363+00	2022-02-23 05:17:56.363+00	{"1": "Foster Care", "2": "    ( )", "3": "  "}
5	Aftercare	t	f	\N	\N	2022-02-23 05:17:56.363+00	2022-02-23 05:17:56.363+00	{"1": "Aftercare", "2": "  ( )", "3": "  "}
6	Semi-Independent Living	t	f	\N	\N	2022-02-23 05:17:56.363+00	2022-02-23 05:17:56.363+00	{"1": "Semi-Independent Living", "2": "- ", "3": "  "}
7	Group Living	t	f	\N	\N	2022-02-23 05:17:56.363+00	2022-02-23 05:17:56.363+00	{"1": "Group Living", "2": " ", "3": " "}
8	Other	t	f	\N	\N	2022-02-23 05:17:56.363+00	2022-02-23 05:17:56.363+00	{"1": "Other", "2": "", "3": ""}
\.


--
-- Data for Name: HT_assessmentScores; Type: TABLE DATA; Schema: public; Owner: ht_db_user
--

COPY public."HT_assessmentScores" (id, score, "isActive", "isDeleted", "createdBy", "updatedBy", "createdAt", "updatedAt", "HTAssessmentId", "HTQuestionDomainId") FROM stdin;
51	72.5	t	f	0041cb61-2346-4bbe-874b-334cb9af0a1d	\N	2024-04-30 13:06:53.403+00	2024-04-30 13:06:53.403+00	18	1
52	69.4	t	f	0041cb61-2346-4bbe-874b-334cb9af0a1d	\N	2024-04-30 13:06:53.403+00	2024-04-30 13:06:53.403+00	18	2
53	75	t	f	0041cb61-2346-4bbe-874b-334cb9af0a1d	\N	2024-04-30 13:06:53.403+00	2024-04-30 13:06:53.403+00	18	3
54	70.8	t	f	0041cb61-2346-4bbe-874b-334cb9af0a1d	\N	2024-04-30 13:06:53.403+00	2024-04-30 13:06:53.403+00	18	4
55	73.1	t	f	0041cb61-2346-4bbe-874b-334cb9af0a1d	\N	2024-04-30 13:06:53.403+00	2024-04-30 13:06:53.403+00	18	5
56	75	t	f	0041cb61-2346-4bbe-874b-334cb9af0a1d	\N	2024-04-30 13:11:48.689+00	2024-04-30 13:11:48.689+00	17	1
57	69.4	t	f	0041cb61-2346-4bbe-874b-334cb9af0a1d	\N	2024-04-30 13:11:48.689+00	2024-04-30 13:11:48.689+00	17	2
58	68.8	t	f	0041cb61-2346-4bbe-874b-334cb9af0a1d	\N	2024-04-30 13:11:48.689+00	2024-04-30 13:11:48.689+00	17	3
59	70.8	t	f	0041cb61-2346-4bbe-874b-334cb9af0a1d	\N	2024-04-30 13:11:48.689+00	2024-04-30 13:11:48.689+00	17	4
60	73.1	t	f	0041cb61-2346-4bbe-874b-334cb9af0a1d	\N	2024-04-30 13:11:48.689+00	2024-04-30 13:11:48.689+00	17	5
61	72.7	t	f	af6bb192-f1d5-4148-bb08-206d1e0151ea	\N	2024-05-22 11:52:59.76+00	2024-05-22 11:52:59.76+00	21	1
62	72.2	t	f	af6bb192-f1d5-4148-bb08-206d1e0151ea	\N	2024-05-22 11:52:59.76+00	2024-05-22 11:52:59.76+00	21	2
63	68.8	t	f	af6bb192-f1d5-4148-bb08-206d1e0151ea	\N	2024-05-22 11:52:59.76+00	2024-05-22 11:52:59.76+00	21	3
64	70.8	t	f	af6bb192-f1d5-4148-bb08-206d1e0151ea	\N	2024-05-22 11:52:59.76+00	2024-05-22 11:52:59.76+00	21	4
65	76.9	t	f	af6bb192-f1d5-4148-bb08-206d1e0151ea	\N	2024-05-22 11:52:59.76+00	2024-05-22 11:52:59.76+00	21	5
66	72.7	t	f	af6bb192-f1d5-4148-bb08-206d1e0151ea	\N	2024-05-22 12:29:08.505+00	2024-05-22 12:29:08.505+00	23	1
67	72.2	t	f	af6bb192-f1d5-4148-bb08-206d1e0151ea	\N	2024-05-22 12:29:08.505+00	2024-05-22 12:29:08.505+00	23	2
68	62.5	t	f	af6bb192-f1d5-4148-bb08-206d1e0151ea	\N	2024-05-22 12:29:08.505+00	2024-05-22 12:29:08.505+00	23	3
69	75	t	f	af6bb192-f1d5-4148-bb08-206d1e0151ea	\N	2024-05-22 12:29:08.505+00	2024-05-22 12:29:08.505+00	23	4
70	76.9	t	f	af6bb192-f1d5-4148-bb08-206d1e0151ea	\N	2024-05-22 12:29:08.505+00	2024-05-22 12:29:08.505+00	23	5
\.


--
-- Data for Name: HT_assessmentVisitTypes; Type: TABLE DATA; Schema: public; Owner: ht_db_user
--

COPY public."HT_assessmentVisitTypes" (id, "visitType", "isActive", "isDeleted", "createdBy", "updatedBy", "createdAt", "updatedAt", "visitTypeLang") FROM stdin;
1	Risk of Family Separation	t	f	\N	\N	2022-02-23 05:17:56.363+00	2022-02-23 05:17:56.363+00	{"1": "Risk of Family Separation", "2": "    ", "3": "  "}
2	Pre-Reintegration	t	f	\N	\N	2022-02-23 05:17:56.363+00	2022-02-23 05:17:56.363+00	{"1": "Pre-Reintegration", "2": "   ", "3": "  "}
3	At Reintegration	t	f	\N	\N	2022-02-23 05:17:56.363+00	2022-02-23 05:17:56.363+00	{"1": "At Reintegration", "2": "   ", "3": "  "}
4	Post-Reintegration	t	f	\N	\N	2022-02-23 05:17:56.363+00	2022-02-23 05:17:56.363+00	{"1": "Post-Reintegration", "2": "   ", "3": "  "}
\.


--
-- Data for Name: HT_assessments; Type: TABLE DATA; Schema: public; Owner: ht_db_user
--

COPY public."HT_assessments" (id, "meetWithChild", "dateOfAssessment", "isComplete", "formRevisionNumber", "otherReIntegrationTypeValue", "currentPagePosition", "lastIndex", "placementThoughtsOfChild", "placementThoughtsOfFamily", "otherData", "specifyReason", "overallObservation", "totalScore", "schedulingOption", "isActive", "isDeleted", "createdBy", "updatedBy", "assessmentStartsAt", "assessmentEndsAt", "isOffline", "deviceType", "followUpRequired", "followUpStatus", "followUpStartedOn", "followUpCompletedOn", "interventionFollowupStep", "createdAt", "updatedAt", "HTFormId", "HTCaseId", "HTAssessmentVisitTypeId", "HTAssessmentReintegrationTypeId") FROM stdin;
21	t	2024-05-02 00:00:00+00	t	0		10	43	Xxxx	Xxxx	\N	N/A	Xxxx	73.3	Monthly	t	f	af6bb192-f1d5-4148-bb08-206d1e0151ea	af6bb192-f1d5-4148-bb08-206d1e0151ea	2024-05-22 11:49:39.754+00	2024-05-22 11:52:40.851+00	f	MOBILE	t	Completed	2024-05-22 11:55:39.354+00	2024-05-22 11:55:39.354+00	3	2024-05-22 11:50:52.237+00	2024-05-22 11:55:39.355+00	1	30	1	1
24	f	2024-08-02 00:00:00+00	f	0	\N	\N	\N	\N	\N	\N	\N	\N	\N	\N	t	f	\N	\N	\N	\N	\N	UNKNOWN	f		\N	\N	0	2024-05-22 12:28:59.978+00	2024-05-22 12:28:59.978+00	1	31	\N	\N
19	f	2024-07-29 00:00:00+00	f	0	\N	\N	\N	\N	\N	\N	\N	\N	\N	\N	t	f	\N	\N	\N	\N	\N	UNKNOWN	f		\N	\N	0	2024-04-30 13:06:44.956+00	2024-04-30 13:06:44.956+00	1	29	\N	\N
18	t	2024-04-30 00:00:00+00	t	0		10	42	Xxx	XXX	\N	N/A	Xxxx	72	Fortnightly (Bi-weekly)	t	f	0041cb61-2346-4bbe-874b-334cb9af0a1d	0041cb61-2346-4bbe-874b-334cb9af0a1d	2024-04-30 10:17:45.561+00	2024-04-30 13:06:33.548+00	f	MOBILE	t	Completed	2024-04-30 13:09:22.018+00	2024-04-30 13:09:22.018+00	3	2024-04-30 13:04:41.089+00	2024-04-30 13:09:22.019+00	1	29	4	1
23	t	2024-05-04 00:00:00+00	t	0		10	43	Xxxx	Xxxx	\N	N/A	Xxxxx	73.3	Monthly	t	f	af6bb192-f1d5-4148-bb08-206d1e0151ea	af6bb192-f1d5-4148-bb08-206d1e0151ea	2024-05-22 12:25:36.593+00	2024-05-22 12:28:49.022+00	f	MOBILE	t	Completed	2024-05-22 12:30:25.715+00	2024-05-22 12:30:25.715+00	3	2024-05-22 12:26:54.192+00	2024-05-22 12:30:25.716+00	1	31	1	1
20	f	2024-07-29 00:00:00+00	f	0	\N	\N	\N	\N	\N	\N	\N	\N	\N	\N	t	f	\N	\N	\N	\N	\N	UNKNOWN	f		\N	\N	0	2024-04-30 13:11:44.459+00	2024-04-30 13:11:44.459+00	1	28	\N	\N
17	t	2024-04-30 00:00:00+00	t	0		10	42	Xxxx	Xxx	\N	N/A	Xxx	72	Monthly	t	f	0041cb61-2346-4bbe-874b-334cb9af0a1d	0041cb61-2346-4bbe-874b-334cb9af0a1d	2024-04-30 09:57:09.198+00	2024-04-30 13:11:32.544+00	f	MOBILE	t	Completed	2024-04-30 13:12:55.291+00	2024-04-30 13:12:55.291+00	3	2024-04-30 09:58:08.873+00	2024-04-30 13:12:55.292+00	1	28	1	1
22	f	2024-07-31 00:00:00+00	f	0	\N	\N	\N	\N	\N	\N	\N	\N	\N	\N	t	f	\N	\N	\N	\N	\N	UNKNOWN	f		\N	\N	0	2024-05-22 11:52:51.685+00	2024-05-22 11:52:51.685+00	1	30	\N	\N
\.


--
-- Data for Name: HT_assmntReintegrationTypeLangMaps; Type: TABLE DATA; Schema: public; Owner: ht_db_user
--

COPY public."HT_assmntReintegrationTypeLangMaps" (id, "reIntegrationType", "isActive", "isDeleted", "createdBy", "updatedBy", "createdAt", "updatedAt", "HTAssessmentReintegrationTypeId", "HTLanguageId") FROM stdin;
\.


--
-- Data for Name: HT_assmntVisitTypeLangMaps; Type: TABLE DATA; Schema: public; Owner: ht_db_user
--

COPY public."HT_assmntVisitTypeLangMaps" (id, "visitType", "isActive", "isDeleted", "createdBy", "updatedBy", "createdAt", "updatedAt", "HTAssessmentVisitTypeId", "HTLanguageId") FROM stdin;
\.


--
-- Data for Name: HT_auditLogs; Type: TABLE DATA; Schema: public; Owner: ht_db_user
--

COPY public."HT_auditLogs" (id, entity, oldvalue, newvalue, "updateGroupId", "moduleType", "isActive", "isDeleted", "createdAt", "updatedAt", "HTChildId", "HTCaseId", "HTFamilyId", "HTFamilyMemberId", "HTUserId", "HTAccountId", "HTAssessmentId", "updatedUserId") FROM stdin;
142	currentPagePosition	3	4	1714471096253	assessment	t	f	2024-04-30 09:58:16.254+00	2024-04-30 09:58:16.254+00	\N	\N	\N	\N	\N	\N	17	0041cb61-2346-4bbe-874b-334cb9af0a1d
143	lastIndex	10	19	1714471096253	assessment	t	f	2024-04-30 09:58:16.254+00	2024-04-30 09:58:16.254+00	\N	\N	\N	\N	\N	\N	17	0041cb61-2346-4bbe-874b-334cb9af0a1d
144	currentPagePosition	4	5	1714471106060	assessment	t	f	2024-04-30 09:58:26.06+00	2024-04-30 09:58:26.06+00	\N	\N	\N	\N	\N	\N	17	0041cb61-2346-4bbe-874b-334cb9af0a1d
145	lastIndex	19	23	1714471106060	assessment	t	f	2024-04-30 09:58:26.06+00	2024-04-30 09:58:26.06+00	\N	\N	\N	\N	\N	\N	17	0041cb61-2346-4bbe-874b-334cb9af0a1d
146	currentPagePosition	5	6	1714472059298	assessment	t	f	2024-04-30 10:14:19.298+00	2024-04-30 10:14:19.298+00	\N	\N	\N	\N	\N	\N	17	0041cb61-2346-4bbe-874b-334cb9af0a1d
147	lastIndex	23	29	1714472059298	assessment	t	f	2024-04-30 10:14:19.298+00	2024-04-30 10:14:19.298+00	\N	\N	\N	\N	\N	\N	17	0041cb61-2346-4bbe-874b-334cb9af0a1d
148	currentPagePosition	6	7	1714472063817	assessment	t	f	2024-04-30 10:14:23.817+00	2024-04-30 10:14:23.817+00	\N	\N	\N	\N	\N	\N	17	0041cb61-2346-4bbe-874b-334cb9af0a1d
149	lastIndex	29	42	1714472063817	assessment	t	f	2024-04-30 10:14:23.817+00	2024-04-30 10:14:23.817+00	\N	\N	\N	\N	\N	\N	17	0041cb61-2346-4bbe-874b-334cb9af0a1d
150	currentPagePosition	3	5	1714482287307	assessment	t	f	2024-04-30 13:04:47.308+00	2024-04-30 13:04:47.308+00	\N	\N	\N	\N	\N	\N	18	0041cb61-2346-4bbe-874b-334cb9af0a1d
151	lastIndex	10	23	1714482287307	assessment	t	f	2024-04-30 13:04:47.308+00	2024-04-30 13:04:47.308+00	\N	\N	\N	\N	\N	\N	18	0041cb61-2346-4bbe-874b-334cb9af0a1d
152	currentPagePosition	5	6	1714482290354	assessment	t	f	2024-04-30 13:04:50.354+00	2024-04-30 13:04:50.354+00	\N	\N	\N	\N	\N	\N	18	0041cb61-2346-4bbe-874b-334cb9af0a1d
153	lastIndex	23	29	1714482290354	assessment	t	f	2024-04-30 13:04:50.354+00	2024-04-30 13:04:50.354+00	\N	\N	\N	\N	\N	\N	18	0041cb61-2346-4bbe-874b-334cb9af0a1d
154	currentPagePosition	6	7	1714482302156	assessment	t	f	2024-04-30 13:05:02.156+00	2024-04-30 13:05:02.156+00	\N	\N	\N	\N	\N	\N	18	0041cb61-2346-4bbe-874b-334cb9af0a1d
155	lastIndex	29	42	1714482302156	assessment	t	f	2024-04-30 13:05:02.156+00	2024-04-30 13:05:02.156+00	\N	\N	\N	\N	\N	\N	18	0041cb61-2346-4bbe-874b-334cb9af0a1d
156	isComplete	false	true	1714482406498	assessment	t	f	2024-04-30 13:06:46.498+00	2024-04-30 13:06:46.498+00	\N	\N	\N	\N	\N	\N	18	0041cb61-2346-4bbe-874b-334cb9af0a1d
157	currentPagePosition	7	10	1714482406498	assessment	t	f	2024-04-30 13:06:46.498+00	2024-04-30 13:06:46.498+00	\N	\N	\N	\N	\N	\N	18	0041cb61-2346-4bbe-874b-334cb9af0a1d
158	overallObservation		Xxxx	1714482406498	assessment	t	f	2024-04-30 13:06:46.498+00	2024-04-30 13:06:46.498+00	\N	\N	\N	\N	\N	\N	18	0041cb61-2346-4bbe-874b-334cb9af0a1d
159	totalScore	0	72	1714482406498	assessment	t	f	2024-04-30 13:06:46.498+00	2024-04-30 13:06:46.498+00	\N	\N	\N	\N	\N	\N	18	0041cb61-2346-4bbe-874b-334cb9af0a1d
160	schedulingOption	No need for more frequent follow ups - stay with regular schedule	Fortnightly (Bi-weekly)	1714482406498	assessment	t	f	2024-04-30 13:06:46.498+00	2024-04-30 13:06:46.498+00	\N	\N	\N	\N	\N	\N	18	0041cb61-2346-4bbe-874b-334cb9af0a1d
161	isComplete	false	true	1714482706035	assessment	t	f	2024-04-30 13:11:46.035+00	2024-04-30 13:11:46.035+00	\N	\N	\N	\N	\N	\N	17	0041cb61-2346-4bbe-874b-334cb9af0a1d
162	currentPagePosition	7	10	1714482706035	assessment	t	f	2024-04-30 13:11:46.035+00	2024-04-30 13:11:46.035+00	\N	\N	\N	\N	\N	\N	17	0041cb61-2346-4bbe-874b-334cb9af0a1d
163	overallObservation		Xxx	1714482706035	assessment	t	f	2024-04-30 13:11:46.035+00	2024-04-30 13:11:46.035+00	\N	\N	\N	\N	\N	\N	17	0041cb61-2346-4bbe-874b-334cb9af0a1d
164	totalScore	0	72	1714482706035	assessment	t	f	2024-04-30 13:11:46.035+00	2024-04-30 13:11:46.035+00	\N	\N	\N	\N	\N	\N	17	0041cb61-2346-4bbe-874b-334cb9af0a1d
165	schedulingOption	No need for more frequent follow ups - stay with regular schedule	Monthly	1714482706035	assessment	t	f	2024-04-30 13:11:46.035+00	2024-04-30 13:11:46.035+00	\N	\N	\N	\N	\N	\N	17	0041cb61-2346-4bbe-874b-334cb9af0a1d
166	isDeleted	Active	Deleted	1716191210501	family	t	f	2024-05-20 07:46:50.501+00	2024-05-20 07:46:50.501+00	\N	\N	30	\N	\N	\N	\N	8ddd47bf-bd89-4a24-a833-69647a3a990f
167	currentPagePosition	3	4	1716378663769	assessment	t	f	2024-05-22 11:51:03.769+00	2024-05-22 11:51:03.769+00	\N	\N	\N	\N	\N	\N	21	af6bb192-f1d5-4148-bb08-206d1e0151ea
168	lastIndex	11	20	1716378663769	assessment	t	f	2024-05-22 11:51:03.769+00	2024-05-22 11:51:03.769+00	\N	\N	\N	\N	\N	\N	21	af6bb192-f1d5-4148-bb08-206d1e0151ea
169	currentPagePosition	4	5	1716378671041	assessment	t	f	2024-05-22 11:51:11.041+00	2024-05-22 11:51:11.041+00	\N	\N	\N	\N	\N	\N	21	af6bb192-f1d5-4148-bb08-206d1e0151ea
170	lastIndex	20	24	1716378671041	assessment	t	f	2024-05-22 11:51:11.041+00	2024-05-22 11:51:11.041+00	\N	\N	\N	\N	\N	\N	21	af6bb192-f1d5-4148-bb08-206d1e0151ea
171	currentPagePosition	5	6	1716378676813	assessment	t	f	2024-05-22 11:51:16.813+00	2024-05-22 11:51:16.813+00	\N	\N	\N	\N	\N	\N	21	af6bb192-f1d5-4148-bb08-206d1e0151ea
172	lastIndex	24	30	1716378676813	assessment	t	f	2024-05-22 11:51:16.813+00	2024-05-22 11:51:16.813+00	\N	\N	\N	\N	\N	\N	21	af6bb192-f1d5-4148-bb08-206d1e0151ea
173	currentPagePosition	6	7	1716378691320	assessment	t	f	2024-05-22 11:51:31.32+00	2024-05-22 11:51:31.32+00	\N	\N	\N	\N	\N	\N	21	af6bb192-f1d5-4148-bb08-206d1e0151ea
174	lastIndex	30	43	1716378691320	assessment	t	f	2024-05-22 11:51:31.32+00	2024-05-22 11:51:31.32+00	\N	\N	\N	\N	\N	\N	21	af6bb192-f1d5-4148-bb08-206d1e0151ea
175	isComplete	false	true	1716378773098	assessment	t	f	2024-05-22 11:52:53.098+00	2024-05-22 11:52:53.098+00	\N	\N	\N	\N	\N	\N	21	af6bb192-f1d5-4148-bb08-206d1e0151ea
176	currentPagePosition	7	10	1716378773098	assessment	t	f	2024-05-22 11:52:53.098+00	2024-05-22 11:52:53.098+00	\N	\N	\N	\N	\N	\N	21	af6bb192-f1d5-4148-bb08-206d1e0151ea
177	overallObservation		Xxxx	1716378773098	assessment	t	f	2024-05-22 11:52:53.098+00	2024-05-22 11:52:53.098+00	\N	\N	\N	\N	\N	\N	21	af6bb192-f1d5-4148-bb08-206d1e0151ea
178	totalScore	0	73.3	1716378773098	assessment	t	f	2024-05-22 11:52:53.098+00	2024-05-22 11:52:53.098+00	\N	\N	\N	\N	\N	\N	21	af6bb192-f1d5-4148-bb08-206d1e0151ea
179	schedulingOption	No need for more frequent follow ups - stay with regular schedule	Monthly	1716378773098	assessment	t	f	2024-05-22 11:52:53.098+00	2024-05-22 11:52:53.098+00	\N	\N	\N	\N	\N	\N	21	af6bb192-f1d5-4148-bb08-206d1e0151ea
180	currentPagePosition	3	4	1716380824530	assessment	t	f	2024-05-22 12:27:04.53+00	2024-05-22 12:27:04.53+00	\N	\N	\N	\N	\N	\N	23	af6bb192-f1d5-4148-bb08-206d1e0151ea
181	lastIndex	11	20	1716380824530	assessment	t	f	2024-05-22 12:27:04.53+00	2024-05-22 12:27:04.53+00	\N	\N	\N	\N	\N	\N	23	af6bb192-f1d5-4148-bb08-206d1e0151ea
182	currentPagePosition	4	5	1716380833013	assessment	t	f	2024-05-22 12:27:13.013+00	2024-05-22 12:27:13.013+00	\N	\N	\N	\N	\N	\N	23	af6bb192-f1d5-4148-bb08-206d1e0151ea
183	lastIndex	20	24	1716380833013	assessment	t	f	2024-05-22 12:27:13.013+00	2024-05-22 12:27:13.013+00	\N	\N	\N	\N	\N	\N	23	af6bb192-f1d5-4148-bb08-206d1e0151ea
184	currentPagePosition	5	6	1716380837804	assessment	t	f	2024-05-22 12:27:17.804+00	2024-05-22 12:27:17.804+00	\N	\N	\N	\N	\N	\N	23	af6bb192-f1d5-4148-bb08-206d1e0151ea
185	lastIndex	24	30	1716380837804	assessment	t	f	2024-05-22 12:27:17.804+00	2024-05-22 12:27:17.804+00	\N	\N	\N	\N	\N	\N	23	af6bb192-f1d5-4148-bb08-206d1e0151ea
186	currentPagePosition	6	7	1716380853461	assessment	t	f	2024-05-22 12:27:33.461+00	2024-05-22 12:27:33.461+00	\N	\N	\N	\N	\N	\N	23	af6bb192-f1d5-4148-bb08-206d1e0151ea
187	lastIndex	30	43	1716380853461	assessment	t	f	2024-05-22 12:27:33.461+00	2024-05-22 12:27:33.461+00	\N	\N	\N	\N	\N	\N	23	af6bb192-f1d5-4148-bb08-206d1e0151ea
188	isComplete	false	true	1716380941683	assessment	t	f	2024-05-22 12:29:01.683+00	2024-05-22 12:29:01.683+00	\N	\N	\N	\N	\N	\N	23	af6bb192-f1d5-4148-bb08-206d1e0151ea
189	currentPagePosition	7	10	1716380941683	assessment	t	f	2024-05-22 12:29:01.683+00	2024-05-22 12:29:01.683+00	\N	\N	\N	\N	\N	\N	23	af6bb192-f1d5-4148-bb08-206d1e0151ea
190	overallObservation		Xxxxx	1716380941683	assessment	t	f	2024-05-22 12:29:01.683+00	2024-05-22 12:29:01.683+00	\N	\N	\N	\N	\N	\N	23	af6bb192-f1d5-4148-bb08-206d1e0151ea
191	totalScore	0	73.3	1716380941683	assessment	t	f	2024-05-22 12:29:01.683+00	2024-05-22 12:29:01.683+00	\N	\N	\N	\N	\N	\N	23	af6bb192-f1d5-4148-bb08-206d1e0151ea
192	schedulingOption	No need for more frequent follow ups - stay with regular schedule	Monthly	1716380941683	assessment	t	f	2024-05-22 12:29:01.683+00	2024-05-22 12:29:01.683+00	\N	\N	\N	\N	\N	\N	23	af6bb192-f1d5-4148-bb08-206d1e0151ea
\.


--
-- Data for Name: HT_cases; Type: TABLE DATA; Schema: public; Owner: ht_db_user
--

COPY public."HT_cases" (id, "startDate", "endDate", "caseStatus", "isActive", "isDeleted", "createdBy", "updatedBy", "createdAt", "updatedAt", "HTChildId", "HTUserId") FROM stdin;
27	\N	\N	Open	t	f	8ddd47bf-bd89-4a24-a833-69647a3a990f	8ddd47bf-bd89-4a24-a833-69647a3a990f	2024-04-11 16:00:17.283+00	2024-04-11 16:00:17.283+00	36	e4d6cce9-b4d0-446e-bcab-72a67f475c08
28	\N	\N	Open	t	f	0041cb61-2346-4bbe-874b-334cb9af0a1d	0041cb61-2346-4bbe-874b-334cb9af0a1d	2024-04-30 09:54:44.42+00	2024-04-30 09:54:44.42+00	37	0041cb61-2346-4bbe-874b-334cb9af0a1d
29	\N	\N	Open	t	f	0041cb61-2346-4bbe-874b-334cb9af0a1d	0041cb61-2346-4bbe-874b-334cb9af0a1d	2024-04-30 09:55:59.217+00	2024-04-30 09:55:59.217+00	38	0041cb61-2346-4bbe-874b-334cb9af0a1d
30	\N	\N	Open	t	f	8ddd47bf-bd89-4a24-a833-69647a3a990f	8ddd47bf-bd89-4a24-a833-69647a3a990f	2024-05-20 08:04:42.623+00	2024-05-20 08:08:45.274+00	39	af6bb192-f1d5-4148-bb08-206d1e0151ea
31	\N	\N	Open	t	f	8ddd47bf-bd89-4a24-a833-69647a3a990f	8ddd47bf-bd89-4a24-a833-69647a3a990f	2024-05-20 08:13:03.506+00	2024-05-20 08:13:03.506+00	40	af6bb192-f1d5-4148-bb08-206d1e0151ea
32	\N	\N	Open	t	f	25bd89d9-c39f-4d08-9fcf-b952d85551e8	25bd89d9-c39f-4d08-9fcf-b952d85551e8	2024-05-21 21:57:38.664+00	2024-05-21 21:57:38.664+00	41	aee6b946-0732-4dda-8ecf-a4cb23b3ad71
\.


--
-- Data for Name: HT_childCareGiverMappings; Type: TABLE DATA; Schema: public; Owner: ht_db_user
--

COPY public."HT_childCareGiverMappings" (id, "isActive", "isDeleted", "createdBy", "updatedBy", "createdAt", "updatedAt", "HTFamilyMemberId", "HTChildId") FROM stdin;
\.


--
-- Data for Name: HT_childConsentLangMaps; Type: TABLE DATA; Schema: public; Owner: ht_db_user
--

COPY public."HT_childConsentLangMaps" (id, "consentLanguageText", "consentLanguageStatus", "createdAt", "updatedAt", "HTLanguageId") FROM stdin;
1	{"header":"Informed Consent","description":"Consent is for the completion of the Thrive Scale assessment on your family.","points":["This assessment will help us understand your family's strengths and needs in five areas including: Family & Social Relationships, Household Economy, Living Conditions, Education, and Health & Mental Health.","After completing this assessment, I (the social worker) will provide support to improve your areas of need.","All data is confidential; only those directly supporting your family and child will have access to this information."],"footer":"By clicking the box below, you are acknowledging that you agree to the above statements for [ChildName] on [Date]."}	t	2023-04-26 10:53:42.042+00	2023-04-26 10:53:42.042+00	1
2	{"header":" ","description":"            ","points":["                ,   :    ,  ,   ,      ","      ,  ( )            ","   ;              ,     "],"footer":"      ,              [ChildName]  [Date]."}	t	2023-04-26 10:53:42.042+00	2023-04-26 10:53:42.042+00	\N
3	{"header":" ","description":"      .","points":["   ,  ,  ,    &             .","   ,  ( )      .","  ;           ."],"footer":"    , [Date]  [ChildName]       ."}	t	2023-04-26 10:53:42.042+00	2023-04-26 10:53:42.042+00	\N
\.


--
-- Data for Name: HT_childConsents; Type: TABLE DATA; Schema: public; Owner: ht_db_user
--

COPY public."HT_childConsents" (id, "primaryCareGiver", "consentStatus", "dateOfEntry", "createdAt", "updatedAt", "HTFamilyRelationId", "HTChildId", "HTUserId") FROM stdin;
7	Test Parent 1 	ACCEPTED	2024-04-30 09:57:07.576+00	2024-04-30 09:57:07.578+00	2024-04-30 09:57:07.578+00	1	37	0041cb61-2346-4bbe-874b-334cb9af0a1d
8	Test Parent 2	ACCEPTED	2024-04-30 10:17:44.233+00	2024-04-30 10:17:44.235+00	2024-04-30 10:17:44.235+00	2	38	0041cb61-2346-4bbe-874b-334cb9af0a1d
9	Test Father 2 	ACCEPTED	2024-05-20 10:24:45.947+00	2024-05-20 10:24:45.949+00	2024-05-20 10:24:45.949+00	2	39	af6bb192-f1d5-4148-bb08-206d1e0151ea
10	Test Mother 1	ACCEPTED	2024-05-22 12:24:29.195+00	2024-05-22 12:24:29.197+00	2024-05-22 12:24:29.197+00	1	40	af6bb192-f1d5-4148-bb08-206d1e0151ea
\.


--
-- Data for Name: HT_childCurrentPlacementStatuses; Type: TABLE DATA; Schema: public; Owner: ht_db_user
--

COPY public."HT_childCurrentPlacementStatuses" (id, "currentPlacementStatus", "isActive", "isDeleted", "createdBy", "updatedBy", "createdAt", "updatedAt", "currentPlacementStatusLang") FROM stdin;
1	Institutional Care	t	f	\N	\N	2022-02-23 05:17:56.363+00	2022-02-23 05:17:56.363+00	{"1": "Institutional Care", "2": " ", "3": " "}
2	Parents/step parents	t	f	\N	\N	2022-02-23 05:17:56.363+00	2022-02-23 05:17:56.363+00	{"1": "Parents/Step Parents", "2": "- /  -", "3": "/  "}
3	Kinship	t	f	\N	\N	2022-02-23 05:17:56.363+00	2022-02-23 05:17:56.363+00	{"1": "Kinship", "2": "", "3": ""}
4	Foster care	t	f	\N	\N	2022-02-23 05:17:56.363+00	2022-02-23 05:17:56.363+00	{"1": "Foster Care", "2": " ", "3": "   "}
5	After care	t	f	\N	\N	2022-02-23 05:17:56.363+00	2022-02-23 05:17:56.363+00	{"1": "After Care", "2": "  ", "3": "  "}
6	Semi- independent living	t	f	\N	\N	2022-02-23 05:17:56.363+00	2022-02-23 05:17:56.363+00	{"1": "Semi-Independent Living", "2": "- ", "3": "  "}
7	Independent living	t	f	\N	\N	2022-02-23 05:17:56.363+00	2022-02-23 05:17:56.363+00	{"1": "Independent Living", "2": " ", "3": " "}
8	Group living	t	f	\N	\N	2022-02-23 05:17:56.363+00	2022-02-23 05:17:56.363+00	{"1": "Group Living", "2": " ", "3": " "}
9	Other	t	f	\N	\N	2022-02-23 05:17:56.363+00	2022-02-23 05:17:56.363+00	{"1": "Other", "2": "", "3": ""}
\.


--
-- Data for Name: HT_childEducationLevels; Type: TABLE DATA; Schema: public; Owner: ht_db_user
--

COPY public."HT_childEducationLevels" (id, "educationLevel", "isActive", "isDeleted", "createdBy", "updatedBy", "createdAt", "updatedAt", "educationLevelLang") FROM stdin;
1	Pre-Kindergarten/Pre Primary	t	f	\N	\N	2022-02-23 05:17:56.366+00	2022-02-23 05:17:56.366+00	{"1": "Pre-Kindergarten/Pre Primary", "2": "-/-", "3": " /  "}
2	Kindergarten (LKG)	t	f	\N	\N	2022-02-23 05:17:56.366+00	2022-02-23 05:17:56.366+00	{"1": "Kindergarten (LKG)", "2": " ( )", "3": "  (LKG)"}
3	Kindergarten (UKG)	t	f	\N	\N	2022-02-23 05:17:56.366+00	2022-02-23 05:17:56.366+00	{"1": "Kindergarten (UKG)", "2": "", "3": "  (UKG)"}
4	I	t	f	\N	\N	2022-02-23 05:17:56.366+00	2022-02-23 05:17:56.366+00	{"1": "I", "2": "", "3": "I"}
5	II	t	f	\N	\N	2022-02-23 05:17:56.366+00	2022-02-23 05:17:56.366+00	{"1": "II", "2": "", "3": "I"}
6	III	t	f	\N	\N	2022-02-23 05:17:56.366+00	2022-02-23 05:17:56.366+00	{"1": "III", "2": "", "3": "III"}
7	IV	t	f	\N	\N	2022-02-23 05:17:56.366+00	2022-02-23 05:17:56.366+00	{"1": "IV", "2": "", "3": "IV"}
8	V	t	f	\N	\N	2022-02-23 05:17:56.366+00	2022-02-23 05:17:56.366+00	{"1": "V", "2": "", "3": "V"}
9	VI	t	f	\N	\N	2022-02-23 05:17:56.366+00	2022-02-23 05:17:56.366+00	{"1": "VI", "2": "", "3": "VI"}
10	VII	t	f	\N	\N	2022-02-23 05:17:56.366+00	2022-02-23 05:17:56.366+00	{"1": "VII", "2": "", "3": "VII"}
11	VIII	t	f	\N	\N	2022-02-23 05:17:56.366+00	2022-02-23 05:17:56.366+00	{"1": "VIII", "2": "", "3": "VIII"}
12	IX	t	f	\N	\N	2022-02-23 05:17:56.366+00	2022-02-23 05:17:56.366+00	{"1": "IX", "2": "", "3": "IX"}
13	X	t	f	\N	\N	2022-02-23 05:17:56.366+00	2022-02-23 05:17:56.366+00	{"1": "X", "2": "", "3": "X"}
14	Junior College/XI	t	f	\N	\N	2022-02-23 05:17:56.366+00	2022-02-23 05:17:56.366+00	{"1": "Junior College/XI", "2": "  / ", "3": " / XI"}
15	Junior College/XII	t	f	\N	\N	2022-02-23 05:17:56.366+00	2022-02-23 05:17:56.366+00	{"1": "Junior College/XII", "2": "  / ", "3": " / XII"}
16	Vocational Training	t	f	\N	\N	2022-02-23 05:17:56.366+00	2022-02-23 05:17:56.366+00	{"1": "Vocational Training", "2": " ", "3": " "}
17	Undergraduate degree	t	f	\N	\N	2022-02-23 05:17:56.366+00	2022-02-23 05:17:56.366+00	{"1": "Undergraduate Degree", "2": " / ", "3": " "}
18	Associate degree/certificate courses	t	f	\N	\N	2022-02-23 05:17:56.366+00	2022-02-23 05:17:56.366+00	{"1": "Associate Degree/Certificate Courses", "2": " / ", "3": "  / "}
19	Post-graduate degree	t	f	\N	\N	2022-02-23 05:17:56.366+00	2022-02-23 05:17:56.366+00	{"1": "Post-Graduate Degree", "2": "/   ", "3": " "}
20	Discontinued education (specify highest level of education)	t	f	\N	\N	2022-02-23 05:17:56.366+00	2022-02-23 05:17:56.366+00	{"1": "Discontinued Education (Specify Highest Level of Education)", "2": "  (     )", "3": "  (   )"}
21	Employed	t	f	\N	\N	2022-02-23 05:17:56.366+00	2022-02-23 05:17:56.366+00	{"1": "Employed", "2": "", "3": " "}
22	Illiterate	t	f	\N	\N	2023-04-18 11:06:55.446973+00	2023-04-18 11:06:55.446973+00	{"1": "Illiterate", "2": "", "3": ""}
\.


--
-- Data for Name: HT_childHistories; Type: TABLE DATA; Schema: public; Owner: ht_db_user
--

COPY public."HT_childHistories" (id, "fromDate", "toDate", "isActive", "isDeleted", "createdBy", "updatedBy", "createdAt", "updatedAt", "HTChildId", "HTFamilyId", "HTFamilyMemberId") FROM stdin;
\.


--
-- Data for Name: HT_childPlacementStatuses; Type: TABLE DATA; Schema: public; Owner: ht_db_user
--

COPY public."HT_childPlacementStatuses" (id, "placementStatus", "isActive", "isDeleted", "createdBy", "updatedBy", "createdAt", "updatedAt", "placementStatusLang") FROM stdin;
1	Intake	t	f	\N	\N	2022-02-23 05:17:56.364+00	2022-02-23 05:17:56.364+00	{"1": "Intake", "2": "", "3": " "}
2	Assessment	t	f	\N	\N	2022-02-23 05:17:56.364+00	2022-02-23 05:17:56.364+00	{"1": "Assessment", "2": "", "3": ""}
3	Planning	t	f	\N	\N	2022-02-23 05:17:56.364+00	2022-02-23 05:17:56.364+00	{"1": "Planning", "2": "", "3": ""}
4	Implementation	t	f	\N	\N	2022-02-23 05:17:56.364+00	2022-02-23 05:17:56.364+00	{"1": "Implementation", "2": "", "3": ""}
5	Follow up/Evaluate	t	f	\N	\N	2022-02-23 05:17:56.364+00	2022-02-23 05:17:56.364+00	{"1": "Follow up/Evaluate", "2": "/", "3": "/"}
6	Case Closed	t	f	\N	\N	2022-02-23 05:17:56.364+00	2022-02-23 05:17:56.364+00	{"1": "Case Closed", "2": " ", "3": " "}
\.


--
-- Data for Name: HT_childStatuses; Type: TABLE DATA; Schema: public; Owner: ht_db_user
--

COPY public."HT_childStatuses" (id, status, "isActive", "isDeleted", "createdBy", "updatedBy", "createdAt", "updatedAt", "statusLang") FROM stdin;
1	Orphan	t	f	\N	\N	2022-02-23 05:17:56.364+00	2022-02-23 05:17:56.364+00	{"1": "Orphan", "2": "", "3": ""}
2	Semi-Orphan	t	f	\N	\N	2022-02-23 05:17:56.364+00	2022-02-23 05:17:56.364+00	{"1": "Semi-Orphan", "2": "-", "3": " "}
3	Economic Orphan	t	f	\N	\N	2022-02-23 05:17:56.364+00	2022-02-23 05:17:56.364+00	{"1": "Economic Orphan", "2": " ", "3": " "}
\.


--
-- Data for Name: HT_children; Type: TABLE DATA; Schema: public; Owner: ht_db_user
--

COPY public."HT_children" (id, "firstName", "lastName", "addressLine1", "addressLine2", "zipCode", city, "highestEducationLevel", "birthDate", "dateOfEntry", "dateOfExit", gender, "phoneNumber", email, "isActive", "isDeleted", "createdBy", "updatedBy", "injectiondocId", "createdAt", "updatedAt", "HTFamilyId", "HTAccountId", "HTLanguageId", "HTChildEducationLevelId", "HTCountryId", "HTStateId", "HTDistrictId", "HTChildPlacementStatusId", "HTChildStatusId", "HTChildCurrentPlacementStatusId", "HTChildOldPlacementStatusId") FROM stdin;
41	Papu	Pandey	123 Miracle Way		234353	Dhubri		2017-05-08 00:00:00+00	\N	\N	Male	+916788466356		t	f	25bd89d9-c39f-4d08-9fcf-b952d85551e8	25bd89d9-c39f-4d08-9fcf-b952d85551e8	\N	2024-05-21 21:57:32.512+00	2024-05-21 22:06:58.372+00	32	d74a2981-22a4-4cc5-90ec-52f4d0301cd3	2	\N	1	4	123	3	2	3	\N
37	ABC	Test	ABC		431214	Pune		2017-06-07 00:00:00+00	\N	\N	Female	+919999999999		t	f	0041cb61-2346-4bbe-874b-334cb9af0a1d	0041cb61-2346-4bbe-874b-334cb9af0a1d	\N	2024-04-30 09:54:40.784+00	2024-04-30 09:54:40.784+00	27	fb50e3ce-1543-4160-bcfd-16f103ebd399	2	5	1	21	507	\N	3	2	\N
38	Test	Child 2	Pune city		431214	Pune		2019-09-09 00:00:00+00	\N	\N	Male	+918888888888		t	f	0041cb61-2346-4bbe-874b-334cb9af0a1d	0041cb61-2346-4bbe-874b-334cb9af0a1d	\N	2024-04-30 09:55:55.603+00	2024-04-30 09:55:55.603+00	28	fb50e3ce-1543-4160-bcfd-16f103ebd399	1	3	1	21	507	\N	2	3	\N
36	Nihar	Bahria	123 Miracle Way		000000	Delhi		2017-04-11 00:00:00+00	\N	\N	Male	+912783901992		t	f	8ddd47bf-bd89-4a24-a833-69647a3a990f	8ddd47bf-bd89-4a24-a833-69647a3a990f	\N	2024-04-11 16:00:13.645+00	2024-05-20 07:35:23.048+00	29	ae6695f8-d28c-4d1e-96be-16da575330b1	2	\N	1	10	239	4	2	1	\N
39	Test Child	2	Indore city		111111	Indore		2016-09-07 00:00:00+00	\N	\N	Female	+919999999999		t	f	8ddd47bf-bd89-4a24-a833-69647a3a990f	8ddd47bf-bd89-4a24-a833-69647a3a990f	\N	2024-05-20 08:04:33.841+00	2024-05-20 08:08:38.385+00	31	ae6695f8-d28c-4d1e-96be-16da575330b1	2	4	1	20	451	2	2	2	\N
40	Test Child	3	kannur		222222	Kannur		2016-07-07 00:00:00+00	\N	\N	Male	+917777777777		t	f	8ddd47bf-bd89-4a24-a833-69647a3a990f	8ddd47bf-bd89-4a24-a833-69647a3a990f	\N	2024-05-20 08:12:57.154+00	2024-05-20 08:12:57.154+00	29	ae6695f8-d28c-4d1e-96be-16da575330b1	1	5	1	18	404	5	3	2	\N
\.


--
-- Data for Name: HT_chldCurntPlmtStsLangMaps; Type: TABLE DATA; Schema: public; Owner: ht_db_user
--

COPY public."HT_chldCurntPlmtStsLangMaps" (id, "currentPlacementStatus", "isActive", "isDeleted", "createdBy", "updatedBy", "createdAt", "updatedAt", "HTChildCurrentPlacementStatusId", "HTLanguageId") FROM stdin;
\.


--
-- Data for Name: HT_chldEdnLvlLangMaps; Type: TABLE DATA; Schema: public; Owner: ht_db_user
--

COPY public."HT_chldEdnLvlLangMaps" (id, "educationLevel", "isActive", "isDeleted", "createdBy", "updatedBy", "createdAt", "updatedAt", "HTChildEducationLevelId", "HTLanguageId") FROM stdin;
\.


--
-- Data for Name: HT_chldPlmtStsLangMaps; Type: TABLE DATA; Schema: public; Owner: ht_db_user
--

COPY public."HT_chldPlmtStsLangMaps" (id, "placementStatus", "isActive", "isDeleted", "createdBy", "updatedBy", "createdAt", "updatedAt", "HTChildPlacementStatusId", "HTLanguageId") FROM stdin;
\.


--
-- Data for Name: HT_chldStsLangMaps; Type: TABLE DATA; Schema: public; Owner: ht_db_user
--

COPY public."HT_chldStsLangMaps" (id, status, "isActive", "isDeleted", "createdBy", "updatedBy", "createdAt", "updatedAt", "HTChildStatusId", "HTLanguageId") FROM stdin;
\.


--
-- Data for Name: HT_choiceLangMaps; Type: TABLE DATA; Schema: public; Owner: ht_db_user
--

COPY public."HT_choiceLangMaps" (id, "choiceName", "isActive", "isDeleted", "createdBy", "updatedBy", "createdAt", "updatedAt", "HTChoiceId", "HTLanguageId") FROM stdin;
\.


--
-- Data for Name: HT_choices; Type: TABLE DATA; Schema: public; Owner: ht_db_user
--

COPY public."HT_choices" (id, "choiceName", score, "isIntervention", "isActive", "isDeleted", "createdBy", "updatedBy", "createdAt", "updatedAt", "HTQuestionTypeId", "HTQuestionDomainId", "HTQuestionId", "choiceNameLang") FROM stdin;
1	In-crisis	1	f	t	f	\N	\N	2022-02-21 16:47:36.816+00	2022-02-21 16:47:36.816+00	1	\N	\N	{"1" : "In-crisis", "2" : " ", "3" : ""}
2	Vulnerable	2	f	t	f	\N	\N	2022-02-21 16:47:36.816+00	2022-02-21 16:47:36.816+00	1	\N	\N	{"1" : "Vulnerable", "2" : "", "3" : " "}
3	Safe	3	f	t	f	\N	\N	2022-02-21 16:47:36.816+00	2022-02-21 16:47:36.816+00	1	\N	\N	{"1" : "Safe", "2" : "", "3" : " "}
4	Thriving	4	f	t	f	\N	\N	2022-02-21 16:47:36.816+00	2022-02-21 16:47:36.816+00	1	\N	\N	{"1" : "Thriving", "2" : "", "3" : " "}
5	Report to proper authorities	\N	t	t	f	\N	\N	2022-02-21 16:47:41.153+00	2022-02-21 16:47:41.153+00	\N	\N	3	{"1" : "Report to proper authorities", "2" : null, "3" : null}
6	Ensure safety of the child	\N	t	t	f	\N	\N	2022-02-21 16:47:41.424+00	2022-02-21 16:47:41.424+00	\N	\N	3	{"1" : "Ensure safety of the child", "2" : null, "3" : null}
7	Educate family on risks of child marriage and review alternatives	\N	t	t	f	\N	\N	2022-02-21 16:47:41.733+00	2022-02-21 16:47:41.733+00	\N	\N	3	{"1" : "Educate family on risks of child marriage and review alternatives", "2" : null, "3" : null}
8	increase frequency monitoring support	\N	t	t	f	\N	\N	2022-02-21 16:47:42.038+00	2022-02-21 16:47:42.038+00	\N	\N	3	{"1" : "increase frequency monitoring support", "2" : null, "3" : null}
9	Empower child with information, skills and support networks	\N	t	t	f	\N	\N	2022-02-21 16:47:42.279+00	2022-02-21 16:47:42.279+00	\N	\N	3	{"1" : "Empower child with information, skills and support networks", "2" : null, "3" : null}
10	Other (please specify)	\N	t	t	f	\N	\N	2022-02-21 16:47:42.521+00	2022-02-21 16:47:42.521+00	\N	\N	3	{"1" : "Other (please specify)", "2" : "    ", "3" : "   "}
11	Support to connect with extended family (such as facilitating regular contact, exploring respite care options, phone calls, transportation options, etc)	\N	t	t	f	\N	\N	2022-02-21 16:47:43.268+00	2022-02-21 16:47:43.268+00	\N	\N	4	{"1" : "Support to connect with extended family (such as facilitating regular contact, exploring respite care options, phone calls, transportation options, etc)", "2" : "         ", "3" : "       "}
12	Support with obtaining counseling for difficulty in relationships with family members	\N	t	t	f	\N	\N	2022-02-21 16:47:43.576+00	2022-02-21 16:47:43.576+00	\N	\N	4	{"1" : "Support with obtaining counseling for difficulty in relationships with family members", "2" : "              ", "3" : "      "}
13	Other (please specify)	\N	t	t	f	\N	\N	2022-02-21 16:47:43.884+00	2022-02-21 16:47:43.884+00	\N	\N	4	{"1" : "Other (please specify)", "2" : "       ", "3" : "     "}
14	Assist with developing network in community	\N	t	t	f	\N	\N	2022-02-21 16:47:44.498+00	2022-02-21 16:47:44.498+00	\N	\N	5	{"1" : "Assist with developing network in community", "2" : " (  )", "3" : " ( )"}
15	Support with obtaining counseling for difficulty in relationships with neighbors/community	\N	t	t	f	\N	\N	2022-02-21 16:47:44.804+00	2022-02-21 16:47:44.804+00	\N	\N	5	{"1" : "Support with obtaining counseling for difficulty in relationships with neighbors/community", "2" : "    ", "3" : "   "}
16	Other (please specify)	\N	t	t	f	\N	\N	2022-02-21 16:47:45.11+00	2022-02-21 16:47:45.11+00	\N	\N	5	{"1" : "Other (please specify)", "2" : "    ", "3" : "  "}
17	Assist with parenting skills training-may include individualized training with SW or group classes; identify skills needed	\N	t	t	f	\N	\N	2022-02-21 16:47:45.725+00	2022-02-21 16:47:45.725+00	\N	\N	6	{"1" : "Assist with parenting skills training-may include individualized training with SW or group classes; identify skills needed", "2" : "               ", "3" : "           "}
18	Linked to/availing schemes (Parenting/ child care support, affordable housing, healthcare, safety, supportive social networks including respite/emergency support when family is in crisis)	\N	t	t	f	\N	\N	2022-02-21 16:47:46.033+00	2022-02-21 16:47:46.033+00	\N	\N	6	{"1" : "Linked to/availing schemes (Parenting/ child care support, affordable housing, healthcare, safety, supportive social networks including respite/emergency support when family is in crisis)", "2" : "    ", "3" : "   "}
19	Support with access to counseling services	\N	t	t	f	\N	\N	2022-02-21 16:47:46.271+00	2022-02-21 16:47:46.271+00	\N	\N	6	{"1" : "Support with access to counseling services", "2" : ",          ", "3" : ",         "}
20	Other (please specify)	\N	t	t	f	\N	\N	2022-02-21 16:47:46.544+00	2022-02-21 16:47:46.544+00	\N	\N	6	{"1" : "Other (please specify)", "2" : " (  )", "3" : " ( )"}
21	Connect to assistance for extra support needed for child (such as access to child care, respite care support, parenting techniques other specialized support)	\N	t	t	f	\N	\N	2022-02-21 16:47:47.571+00	2022-02-21 16:47:47.571+00	\N	\N	7	{"1" : "Connect to assistance for extra support needed for child (such as access to child care, respite care support, parenting techniques other specialized support)", "2" : "         (    ,    ,  ,  , )", "3" : "     (   ,    ,  ,   )"}
33	Refer for support such as relief packages	\N	t	t	f	\N	\N	2022-02-21 16:47:54.123+00	2022-02-21 16:47:54.123+00	\N	\N	13	{"1" : "Refer for support such as relief packages", "2" : " (  )", "3" : " ( )"}
22	Support with access to counseling services	\N	t	t	f	\N	\N	2022-02-21 16:47:47.822+00	2022-02-21 16:47:47.822+00	\N	\N	7	{"1" : "Support with access to counseling services", "2" : "               ", "3" : "        "}
23	Other (please specify)	\N	t	t	f	\N	\N	2022-02-21 16:47:48.08+00	2022-02-21 16:47:48.08+00	\N	\N	7	{"1" : "Other (please specify)", "2" : " (  )", "3" : " ( )"}
24	Support for caregivers who are under 21 or very elderly (such as parental guidance, addressing child safety issues, child care, respite care support, etc)	\N	t	t	f	\N	\N	2022-02-21 16:47:48.56+00	2022-02-21 16:47:48.56+00	\N	\N	8	{"1" : "Support for caregivers who are under 21 or very elderly (such as parental guidance, addressing child safety issues, child care, respite care support, etc)", "2" : "       ", "3" : "   "}
25	Linked to/availing schemes/resources/support from govt or NGOs	\N	t	t	f	\N	\N	2022-02-21 16:47:48.802+00	2022-02-21 16:47:48.802+00	\N	\N	8	{"1" : "Linked to/availing schemes/resources/support from govt or NGOs", "2" : "/             ", "3" : " /        "}
26	Other (please specify)	\N	t	t	f	\N	\N	2022-02-21 16:47:49.104+00	2022-02-21 16:47:49.104+00	\N	\N	8	{"1" : "Other (please specify)", "2" : " (  )", "3" : " ( )"}
27	Provide education on importance of childrens rights	\N	t	t	f	\N	\N	2022-02-21 16:47:50.405+00	2022-02-21 16:47:50.405+00	\N	\N	10	{"1" : "Provide education on importance of childrens rights", "2" : "     -  SW           ;     ", "3" : "    -         ;    "}
28	Other (please specify)	\N	t	t	f	\N	\N	2022-02-21 16:47:50.744+00	2022-02-21 16:47:50.744+00	\N	\N	10	{"1" : "Other (please specify)", "2" : "(-/  ,  ,  , ,     /     )     ", "3" : " /   ( /   ,   ,  , ,   ,  /      )"}
29	Support to connect with birth family (such as facilitating regular contact, exploring respite care options, phone calls, transportation options, etc)	\N	t	t	f	\N	\N	2022-02-21 16:47:51.226+00	2022-02-21 16:47:51.226+00	\N	\N	11	{"1" : "Support to connect with birth family (such as facilitating regular contact, exploring respite care options, phone calls, transportation options, etc)", "2" : "        ", "3" : "       "}
778	Support with obtaining counseling for the abused	\N	f	t	f	\N	\N	2022-02-21 16:47:36.816+00	2022-02-21 16:47:36.816+00	\N	\N	1	\N
30	Other (please specify)	\N	t	t	f	\N	\N	2022-02-21 16:47:51.465+00	2022-02-21 16:47:51.465+00	\N	\N	11	{"1" : "Other (please specify)", "2" : " (  )", "3" : " ( )"}
138	Review diet	\N	t	t	f	\N	\N	2022-02-21 16:48:39.897+00	2022-02-21 16:48:39.897+00	\N	\N	41	{"1" : "Review diet", "2" : " (  )", "3" : " ( )"}
31	Offer support with relationship counseling for marital issues	\N	t	t	f	\N	\N	2022-02-21 16:47:53.235+00	2022-02-21 16:47:53.235+00	\N	\N	12	{"1" : "Offer support with relationship counseling for marital issues", "2" : "      (    ,   , - ,   )    ", "3" : "        (   ,   ,  ,    )"}
32	Other (please specify)	\N	t	t	f	\N	\N	2022-02-21 16:47:53.507+00	2022-02-21 16:47:53.507+00	\N	\N	12	{"1" : "Other (please specify)", "2" : "        ", "3" : "       "}
34	Discuss stable employment opportunities	\N	t	t	f	\N	\N	2022-02-21 16:47:54.429+00	2022-02-21 16:47:54.429+00	\N	\N	13	{"1" : "Discuss stable employment opportunities", "2" : "     21        (  ,     ,  ,    )", "3" : "21        (  ,    ,  ,    )"}
35	Linked to/availing schemes (such as financial assistance, Self-help groups, other unemployment benefits	\N	t	t	f	\N	\N	2022-02-21 16:47:54.668+00	2022-02-21 16:47:54.668+00	\N	\N	13	{"1" : "Linked to/availing schemes (such as financial assistance, Self-help groups, other unemployment benefits", "2" : "/  / /    / ", "3" : "     / /   /  "}
36	Other (please specify)	\N	t	t	f	\N	\N	2022-02-21 16:47:54.942+00	2022-02-21 16:47:54.942+00	\N	\N	13	{"1" : "Other (please specify)", "2" : " (  )", "3" : " ( )"}
37	Access to adult education/literacy courses	\N	t	t	f	\N	\N	2022-02-21 16:47:55.556+00	2022-02-21 16:47:55.556+00	\N	\N	14	{"1" : "Access to adult education/literacy courses", "2" : "             ,     ", "3" : "    ,           ,    "}
38	Assist in obtaining vocational training for adult	\N	t	t	f	\N	\N	2022-02-21 16:47:55.797+00	2022-02-21 16:47:55.797+00	\N	\N	14	{"1" : "Assist in obtaining vocational training for adult", "2" : " (  )", "3" : " ( )"}
39	Assist with job-seeking- may include access to job postings, preparing job application, preparation for interviews, transportation to interviews, appropriate attire for interviews	\N	t	t	f	\N	\N	2022-02-21 16:47:56.037+00	2022-02-21 16:47:56.037+00	\N	\N	14	{"1" : "Assist with job-seeking- may include access to job postings, preparing job application, preparation for interviews, transportation to interviews, appropriate attire for interviews", "2" : "        ", "3" : "     "}
40	Assist with obtaining necessary documents	\N	t	t	f	\N	\N	2022-02-21 16:47:56.277+00	2022-02-21 16:47:56.277+00	\N	\N	14	{"1" : "Assist with obtaining necessary documents", "2" : " (  )", "3" : " ( )"}
55	Linked to/availing schemes/resources/support from govt or NGOs	\N	t	t	f	\N	\N	2022-02-21 16:48:01.545+00	2022-02-21 16:48:01.545+00	\N	\N	18	{"1" : "Linked to/availing schemes/resources/support from govt or NGOs", "2" : "  /     ", "3" : " /   "}
56	Other (please specify)	\N	t	t	f	\N	\N	2022-02-21 16:48:01.774+00	2022-02-21 16:48:01.774+00	\N	\N	18	{"1" : "Other (please specify)", "2" : "     ", "3" : "     "}
41	Linked to/availing schemes/resources/support from govt or NGOs	\N	t	t	f	\N	\N	2022-02-21 16:47:56.517+00	2022-02-21 16:47:56.517+00	\N	\N	14	{"1" : "Linked to/availing schemes/resources/support from govt or NGOs", "2" : "       (    ,     ,  ,   )", "3" : "     (   ,    ,  ,   )"}
42	Other (please specify)	\N	t	t	f	\N	\N	2022-02-21 16:47:56.786+00	2022-02-21 16:47:56.786+00	\N	\N	14	{"1" : "Other (please specify)", "2" : " (  )", "3" : " ( )"}
43	Assist in obtaining supplies/tools for job	\N	t	t	f	\N	\N	2022-02-21 16:47:57.4+00	2022-02-21 16:47:57.4+00	\N	\N	15	{"1" : "Assist in obtaining supplies/tools for job", "2" : "         ", "3" : "   ,       "}
44	Discuss short-term bank loans	\N	t	t	f	\N	\N	2022-02-21 16:47:57.639+00	2022-02-21 16:47:57.639+00	\N	\N	15	{"1" : "Discuss short-term bank loans", "2" : " (  )", "3" : " ( )"}
45	Linked to/availing schemes/resources/support from govt or NGOs	\N	t	t	f	\N	\N	2022-02-21 16:47:57.913+00	2022-02-21 16:47:57.913+00	\N	\N	15	{"1" : "Linked to/availing schemes/resources/support from govt or NGOs", "2" : "      ", "3" : "    "}
46	Other (please specify)	\N	t	t	f	\N	\N	2022-02-21 16:47:58.143+00	2022-02-21 16:47:58.143+00	\N	\N	15	{"1" : "Other (please specify)", "2" : "      ", "3" : "    "}
47	Assist with accessing transportation for job	\N	t	t	f	\N	\N	2022-02-21 16:47:58.731+00	2022-02-21 16:47:58.731+00	\N	\N	16	{"1" : "Assist with accessing transportation for job", "2" : "( ,    ,   )     ", "3" : " /   ( ,  ,    "}
48	Other (please specify)	\N	t	t	f	\N	\N	2022-02-21 16:47:59.036+00	2022-02-21 16:47:59.036+00	\N	\N	16	{"1" : "Other (please specify)", "2" : " (  )", "3" : " ( )"}
49	Assist in locating child care during work hours (such as neighbors, extended family, etc.)	\N	t	t	f	\N	\N	2022-02-21 16:47:59.652+00	2022-02-21 16:47:59.652+00	\N	\N	17	{"1" : "Assist in locating child care during work hours (such as neighbors, extended family, etc.)", "2" : " /   ", "3" : "  /    "}
50	Linked to/availing schemes/resources/support from govt or NGOs	\N	t	t	f	\N	\N	2022-02-21 16:47:59.964+00	2022-02-21 16:47:59.964+00	\N	\N	17	{"1" : "Linked to/availing schemes/resources/support from govt or NGOs", "2" : "        ", "3" : "     "}
51	Other (please specify)	\N	t	t	f	\N	\N	2022-02-21 16:48:00.231+00	2022-02-21 16:48:00.231+00	\N	\N	17	{"1" : "Other (please specify)", "2" : "   -       ,      ,   ,    ,         ", "3" : "  -     ,   ,  ,  ,     "}
52	Assist in obtaining food, clothing, and household supplies	\N	t	t	f	\N	\N	2022-02-21 16:48:00.777+00	2022-02-21 16:48:00.777+00	\N	\N	18	{"1" : "Assist in obtaining food, clothing, and household supplies", "2" : "      ", "3" : "   "}
53	Budgeting skills training	\N	t	t	f	\N	\N	2022-02-21 16:48:01.085+00	2022-02-21 16:48:01.085+00	\N	\N	18	{"1" : "Budgeting skills training", "2" : "/  / /    / ", "3" : "     / /   /  "}
54	Assist in obtaining financial support to reduce debt	\N	t	t	f	\N	\N	2022-02-21 16:48:01.315+00	2022-02-21 16:48:01.315+00	\N	\N	18	{"1" : "Assist in obtaining financial support to reduce debt", "2" : " (  )", "3" : " ( )"}
57	Assist with budgeting skills training	\N	t	t	f	\N	\N	2022-02-21 16:48:02.338+00	2022-02-21 16:48:02.338+00	\N	\N	19	{"1" : "Assist with budgeting skills training", "2" : "/  / /    / ", "3" : "     / /   /  "}
58	Financial assistance to pay rent/bills (one-off)	\N	t	t	f	\N	\N	2022-02-21 16:48:02.929+00	2022-02-21 16:48:02.929+00	\N	\N	19	{"1" : "Financial assistance to pay rent/bills (one-off)", "2" : " (  )", "3" : " ( )"}
59	Assist in obtaining financial support to reduce debt	\N	t	t	f	\N	\N	2022-02-21 16:48:03.237+00	2022-02-21 16:48:03.237+00	\N	\N	19	{"1" : "Assist in obtaining financial support to reduce debt", "2" : "        ", "3" : "   "}
60	Linked to/availing schemes/resources/support from govt or NGOs	\N	t	t	f	\N	\N	2022-02-21 16:48:04.362+00	2022-02-21 16:48:04.362+00	\N	\N	19	{"1" : "Linked to/availing schemes/resources/support from govt or NGOs", "2" : " (  )", "3" : " ( )"}
88	Arrange for remote learning if possible	\N	t	t	f	\N	\N	2022-02-21 16:48:16.266+00	2022-02-21 16:48:16.266+00	\N	\N	26	{"1" : "Arrange for remote learning if possible", "2" : " ", "3" : " "}
61	Other (please specify)	\N	t	t	f	\N	\N	2022-02-21 16:48:04.67+00	2022-02-21 16:48:04.67+00	\N	\N	19	{"1" : "Other (please specify)", "2" : "       ( ,  , )     ", "3" : "    ( ,   )  ."}
62	Assist with budgeting skills training	\N	t	t	f	\N	\N	2022-02-21 16:48:05.229+00	2022-02-21 16:48:05.229+00	\N	\N	20	{"1" : "Assist with budgeting skills training", "2" : "/  / /    / ", "3" : "     / /   /  "}
63	Assist in obtaining financial support to reduce debt	\N	t	t	f	\N	\N	2022-02-21 16:48:05.488+00	2022-02-21 16:48:05.488+00	\N	\N	20	{"1" : "Assist in obtaining financial support to reduce debt", "2" : " (  )", "3" : " ( )"}
64	Linked to/availing schemes/resources/support from govt or NGOs	\N	t	t	f	\N	\N	2022-02-21 16:48:05.796+00	2022-02-21 16:48:05.796+00	\N	\N	20	{"1" : "Linked to/availing schemes/resources/support from govt or NGOs", "2" : ",         ", "3" : ",      "}
65	Other (please specify)	\N	t	t	f	\N	\N	2022-02-21 16:48:06.104+00	2022-02-21 16:48:06.104+00	\N	\N	20	{"1" : "Other (please specify)", "2" : "  ", "3" : "    "}
66	Assist with obtaining necessary documents	\N	t	t	f	\N	\N	2022-02-21 16:48:06.563+00	2022-02-21 16:48:06.563+00	\N	\N	21	{"1" : "Assist with obtaining necessary documents", "2" : "          ", "3" : "     "}
67	Linked to/availing schemes/resources/support from govt or NGOs (such as Assistance to claim benefits- may include accessing information, documentation on potential benefits, assistance with applications)	\N	t	t	f	\N	\N	2022-02-21 16:48:06.82+00	2022-02-21 16:48:06.82+00	\N	\N	21	{"1" : "Linked to/availing schemes/resources/support from govt or NGOs (such as Assistance to claim benefits- may include accessing information, documentation on potential benefits, assistance with applications)", "2" : "/  / /    / ", "3" : "     / /   /  "}
68	Other (please specify)	\N	t	t	f	\N	\N	2022-02-21 16:48:07.436+00	2022-02-21 16:48:07.436+00	\N	\N	21	{"1" : "Other (please specify)", "2" : " (  )", "3" : " ( )"}
69	Ensure child is safe  move to another placement if needed	\N	t	t	f	\N	\N	2022-02-21 16:48:07.946+00	2022-02-21 16:48:07.946+00	\N	\N	22	{"1" : "Ensure child is safe  move to another placement if needed", "2" : "     ", "3" : "     "}
70	Discuss safety measures such as never go out alone, dont go out after dark, etc.	\N	t	t	f	\N	\N	2022-02-21 16:48:08.229+00	2022-02-21 16:48:08.229+00	\N	\N	22	{"1" : "Discuss safety measures such as never go out alone, dont go out after dark, etc.", "2" : "/        ()", "3" : "/     ( )"}
98	Offer guidance to parents/ caregivers for learning issues	\N	t	t	f	\N	\N	2022-02-21 16:48:22.487+00	2022-02-21 16:48:22.487+00	\N	\N	30	{"1" : "Offer guidance to parents/ caregivers for learning issues", "2" : "     ", "3" : "   "}
71	Discuss with neighbors, community influencers other political/ other authorities on matters concerning child and family safety	\N	t	t	f	\N	\N	2022-02-21 16:48:08.46+00	2022-02-21 16:48:08.46+00	\N	\N	22	{"1" : "Discuss with neighbors, community influencers other political/ other authorities on matters concerning child and family safety", "2" : "          ", "3" : "     "}
72	Consider family move to safer location if possible	\N	t	t	f	\N	\N	2022-02-21 16:48:08.765+00	2022-02-21 16:48:08.765+00	\N	\N	22	{"1" : "Consider family move to safer location if possible", "2" : "/  / /    / ", "3" : "     / /   /  "}
73	Linked to/availing schemes/resources/support from govt or NGOs	\N	t	t	f	\N	\N	2022-02-21 16:48:09.074+00	2022-02-21 16:48:09.074+00	\N	\N	22	{"1" : "Linked to/availing schemes/resources/support from govt or NGOs", "2" : " (  )", "3" : " ( )"}
74	Other (please specify)	\N	t	t	f	\N	\N	2022-02-21 16:48:09.304+00	2022-02-21 16:48:09.304+00	\N	\N	22	{"1" : "Other (please specify)", "2" : "     ", "3" : "     "}
75	Explore/ provide stable accommodations	\N	t	t	f	\N	\N	2022-02-21 16:48:10.602+00	2022-02-21 16:48:10.602+00	\N	\N	23	{"1" : "Explore/ provide stable accommodations", "2" : "          ", "3" : "     "}
76	Improved safety	\N	t	t	f	\N	\N	2022-02-21 16:48:10.834+00	2022-02-21 16:48:10.834+00	\N	\N	23	{"1" : "Improved safety", "2" : "/  / /    / ", "3" : "     / /   /  "}
77	Assist with obtaining refurbishing/repairs	\N	t	t	f	\N	\N	2022-02-21 16:48:11.847+00	2022-02-21 16:48:11.847+00	\N	\N	23	{"1" : "Assist with obtaining refurbishing/repairs", "2" : " (  )", "3" : " ( )"}
78	Linked to/availing schemes/resources/support from govt or NGOs	\N	t	t	f	\N	\N	2022-02-21 16:48:12.145+00	2022-02-21 16:48:12.145+00	\N	\N	23	{"1" : "Linked to/availing schemes/resources/support from govt or NGOs", "2" : "      ", "3" : "   "}
79	Other (please specify)	\N	t	t	f	\N	\N	2022-02-21 16:48:12.452+00	2022-02-21 16:48:12.452+00	\N	\N	23	{"1" : "Other (please specify)", "2" : "/  / /    /  (       -    ,    ,        )", "3" : "     //  /   (   -   ,    ,   )"}
80	Assist with access to basic amenities	\N	t	t	f	\N	\N	2022-02-21 16:48:13.296+00	2022-02-21 16:48:13.296+00	\N	\N	24	{"1" : "Assist with access to basic amenities", "2" : " (  )", "3" : " ( )"}
81	Linked to/availing schemes/resources/support from govt or NGOs	\N	t	t	f	\N	\N	2022-02-21 16:48:13.526+00	2022-02-21 16:48:13.526+00	\N	\N	24	{"1" : "Linked to/availing schemes/resources/support from govt or NGOs", "2" : "      -         ", "3" : "     -    "}
82	Other (please specify)	\N	t	t	f	\N	\N	2022-02-21 16:48:13.783+00	2022-02-21 16:48:13.783+00	\N	\N	24	{"1" : "Other (please specify)", "2" : "           ,        ", "3" : "  ,         ."}
99	Discuss with school on special education needs related to child	\N	t	t	f	\N	\N	2022-02-21 16:48:22.794+00	2022-02-21 16:48:22.794+00	\N	\N	30	{"1" : "Discuss with school on special education needs related to child", "2" : "          ", "3" : "     "}
83	Assist with purchase of furniture, household appliances, etc.	\N	t	t	f	\N	\N	2022-02-21 16:48:14.318+00	2022-02-21 16:48:14.318+00	\N	\N	25	{"1" : "Assist with purchase of furniture, household appliances, etc.", "2" : "         ,       /     ", "3" : "       ,   ,  /    "}
84	Linked to/availing schemes/resources/support from govt or NGOs	\N	t	t	f	\N	\N	2022-02-21 16:48:14.548+00	2022-02-21 16:48:14.548+00	\N	\N	25	{"1" : "Linked to/availing schemes/resources/support from govt or NGOs", "2" : "             ", "3" : "      "}
85	Other (please specify)	\N	t	t	f	\N	\N	2022-02-21 16:48:14.807+00	2022-02-21 16:48:14.807+00	\N	\N	25	{"1" : "Other (please specify)", "2" : "/  / /    / ", "3" : "     / /   /  "}
86	Discuss importance of education	\N	t	t	f	\N	\N	2022-02-21 16:48:15.421+00	2022-02-21 16:48:15.421+00	\N	\N	26	{"1" : "Discuss importance of education", "2" : " (  )", "3" : " ( )"}
87	Explore education facilities within practical range from home	\N	t	t	f	\N	\N	2022-02-21 16:48:16.037+00	2022-02-21 16:48:16.037+00	\N	\N	26	{"1" : "Explore education facilities within practical range from home", "2" : "   / ", "3" : "  /   "}
777	Refer for counseling to resolve issues leading to abuse such as anger management, anxiety, depression, behavioral issues, marital issues, difficulty in relationship with family members, etc.	\N	f	t	f	\N	\N	2022-02-21 16:47:36.816+00	2022-02-21 16:47:36.816+00	\N	\N	1	\N
89	Assist with school fees	\N	t	t	f	\N	\N	2022-02-21 16:48:16.549+00	2022-02-21 16:48:16.549+00	\N	\N	26	{"1" : "Assist with school fees", "2" : "/     ", "3" : "/   "}
90	Linked to/availing schemes/resources/support from govt or NGOs	\N	t	t	f	\N	\N	2022-02-21 16:48:17.162+00	2022-02-21 16:48:17.162+00	\N	\N	26	{"1" : "Linked to/availing schemes/resources/support from govt or NGOs", "2" : "/  / /    / ", "3" : "     / /   /  "}
91	Other (please specify)	\N	t	t	f	\N	\N	2022-02-21 16:48:17.47+00	2022-02-21 16:48:17.47+00	\N	\N	26	{"1" : "Other (please specify)", "2" : " (  )", "3" : " ( )"}
92	Assist with purchase of school supplies/educational toys	\N	t	t	f	\N	\N	2022-02-21 16:48:19.108+00	2022-02-21 16:48:19.108+00	\N	\N	28	{"1" : "Assist with purchase of school supplies/educational toys", "2" : "      ", "3" : "   "}
93	Linked to/availing schemes/resources/support from govt or NGOs	\N	t	t	f	\N	\N	2022-02-21 16:48:19.417+00	2022-02-21 16:48:19.417+00	\N	\N	28	{"1" : "Linked to/availing schemes/resources/support from govt or NGOs", "2" : "/  / /    / ", "3" : "     / /   /  "}
94	Other (please specify)	\N	t	t	f	\N	\N	2022-02-21 16:48:19.66+00	2022-02-21 16:48:19.66+00	\N	\N	28	{"1" : "Other (please specify)", "2" : " (  )", "3" : " ( )"}
95	Assist with arranging transportation to school	\N	t	t	f	\N	\N	2022-02-21 16:48:20.234+00	2022-02-21 16:48:20.234+00	\N	\N	29	{"1" : "Assist with arranging transportation to school", "2" : ",        ", "3" : " ,      ."}
96	Other (please specify)	\N	t	t	f	\N	\N	2022-02-21 16:48:20.542+00	2022-02-21 16:48:20.542+00	\N	\N	29	{"1" : "Other (please specify)", "2" : "/  / /    / ", "3" : "     / /   /  "}
97	Support for learning issues (LD, ADHD, physical disabilities, etc.)	\N	t	t	f	\N	\N	2022-02-21 16:48:21.873+00	2022-02-21 16:48:21.873+00	\N	\N	30	{"1" : "Support for learning issues (LD, ADHD, physical disabilities, etc.)", "2" : " (  )", "3" : " ( )"}
100	Linked to/availing schemes/resources/support from govt or NGOs	\N	t	t	f	\N	\N	2022-02-21 16:48:23.103+00	2022-02-21 16:48:23.103+00	\N	\N	30	{"1" : "Linked to/availing schemes/resources/support from govt or NGOs", "2" : "        ", "3" : "    "}
101	Other (please specify)	\N	t	t	f	\N	\N	2022-02-21 16:48:23.345+00	2022-02-21 16:48:23.345+00	\N	\N	30	{"1" : "Other (please specify)", "2" : "    ", "3" : "  "}
102	Provide access to extracurricular activities (such as supplies, fees, etc.)	\N	t	t	f	\N	\N	2022-02-21 16:48:23.823+00	2022-02-21 16:48:23.823+00	\N	\N	31	{"1" : "Provide access to extracurricular activities (such as supplies, fees, etc.)", "2" : "/  / /    / ", "3" : "     / /   /  "}
103	Other (please specify)	\N	t	t	f	\N	\N	2022-02-21 16:48:24.127+00	2022-02-21 16:48:24.127+00	\N	\N	31	{"1" : "Other (please specify)", "2" : " (  )", "3" : " ( )"}
104	Ensure safety of child and other family members	\N	t	t	f	\N	\N	2022-02-21 16:48:24.66+00	2022-02-21 16:48:24.66+00	\N	\N	32	{"1" : "Ensure safety of child and other family members", "2" : "    /    ", "3" : "  /   "}
105	Set boundaries for behavior of abuser (eg, never use substances at home, never come home drunk/high, etc.)	\N	t	t	f	\N	\N	2022-02-21 16:48:24.929+00	2022-02-21 16:48:24.929+00	\N	\N	32	{"1" : "Set boundaries for behavior of abuser (eg, never use substances at home, never come home drunk/high, etc.)", "2" : "/  / /    / ", "3" : "     / /   /  "}
106	Refer abuser for treatment	\N	t	t	f	\N	\N	2022-02-21 16:48:25.226+00	2022-02-21 16:48:25.226+00	\N	\N	32	{"1" : "Refer abuser for treatment", "2" : " (  )", "3" : " ( )"}
107	Access to de-addiction center/ Alcoholics Anonymous Groups (AA)	\N	t	t	f	\N	\N	2022-02-21 16:48:25.468+00	2022-02-21 16:48:25.468+00	\N	\N	32	{"1" : "Access to de-addiction center/ Alcoholics Anonymous Groups (AA)", "2" : "  /      ", "3" : " /     "}
108	Other (please specify)	\N	t	t	f	\N	\N	2022-02-21 16:48:25.707+00	2022-02-21 16:48:25.707+00	\N	\N	32	{"1" : "Other (please specify)", "2" : "/  / /    / ", "3" : "     / /   /  "}
109	Access to general health care services	\N	t	t	f	\N	\N	2022-02-21 16:48:26.225+00	2022-02-21 16:48:26.225+00	\N	\N	33	{"1" : "Access to general health care services", "2" : " (  )", "3" : " ( )"}
110	Access to family planning and counseling	\N	t	t	f	\N	\N	2022-02-21 16:48:26.482+00	2022-02-21 16:48:26.482+00	\N	\N	33	{"1" : "Access to family planning and counseling", "2" : "        ", "3" : "    "}
111	Linked to/availing schemes/resources/support from govt or NGOs	\N	t	t	f	\N	\N	2022-02-21 16:48:26.788+00	2022-02-21 16:48:26.788+00	\N	\N	33	{"1" : "Linked to/availing schemes/resources/support from govt or NGOs", "2" : " (  )", "3" : " ( )"}
112	Other (please specify)	\N	t	t	f	\N	\N	2022-02-21 16:48:27.095+00	2022-02-21 16:48:27.095+00	\N	\N	33	{"1" : "Other (please specify)", "2" : "      (, ,  , )", "3" : "    (LD, ADHD,   )"}
113	Access to health care services - PHCs, other catering specific health issues	\N	t	t	f	\N	\N	2022-02-21 16:48:28.529+00	2022-02-21 16:48:28.529+00	\N	\N	34	{"1" : "Access to health care services - PHCs, other catering specific health issues", "2" : "      -/    ", "3" : "  /   "}
114	Provide information to child/ family regarding managing health condition	\N	t	t	f	\N	\N	2022-02-21 16:48:28.837+00	2022-02-21 16:48:28.837+00	\N	\N	34	{"1" : "Provide information to child/ family regarding managing health condition", "2" : "            ", "3" : "       "}
776	Ensure safety of child or other family member	\N	f	t	f	\N	\N	2022-02-21 16:47:36.816+00	2022-02-21 16:47:36.816+00	\N	\N	1	\N
775	Report to proper authorities	\N	f	t	f	\N	\N	2022-02-21 16:47:36.816+00	2022-02-21 16:47:36.816+00	\N	\N	1	\N
115	Liked to availing schemes/resources/support from govt or NGOs	\N	t	t	f	\N	\N	2022-02-21 16:48:29.099+00	2022-02-21 16:48:29.099+00	\N	\N	34	{"1" : "Liked to availing schemes/resources/support from govt or NGOs", "2" : "/  / /    / ", "3" : "     / /   /  "}
116	Other (please specify)	\N	t	t	f	\N	\N	2022-02-21 16:48:29.339+00	2022-02-21 16:48:29.339+00	\N	\N	34	{"1" : "Other (please specify)", "2" : " (  )", "3" : " ( )"}
117	Assist with access to dentist/vision care	\N	t	t	f	\N	\N	2022-02-21 16:48:30.987+00	2022-02-21 16:48:30.987+00	\N	\N	35	{"1" : "Assist with access to dentist/vision care", "2" : "  ( ,  )  ", "3" : "      (,  )"}
118	Linked to/availing schemes/resources/support from govt or NGOs	\N	t	t	f	\N	\N	2022-02-21 16:48:31.238+00	2022-02-21 16:48:31.238+00	\N	\N	35	{"1" : "Linked to/availing schemes/resources/support from govt or NGOs", "2" : " (  )", "3" : " ( )"}
119	Other (please specify)	\N	t	t	f	\N	\N	2022-02-21 16:48:31.499+00	2022-02-21 16:48:31.499+00	\N	\N	35	{"1" : "Other (please specify)", "2" : "         ", "3" : "       "}
120	Assist with access to mental health services (including counseling, therapy, etc.)	\N	t	t	f	\N	\N	2022-02-21 16:48:32.114+00	2022-02-21 16:48:32.114+00	\N	\N	36	{"1" : "Assist with access to mental health services (including counseling, therapy, etc.)", "2" : "        (         ,   /       )", "3" : "      (..    , /   , )"}
121	Offer support with guidance to family on managing symptoms	\N	t	t	f	\N	\N	2022-02-21 16:48:32.42+00	2022-02-21 16:48:32.42+00	\N	\N	36	{"1" : "Offer support with guidance to family on managing symptoms", "2" : "     ", "3" : "    "}
122	Support with accessing medication	\N	t	t	f	\N	\N	2022-02-21 16:48:32.728+00	2022-02-21 16:48:32.728+00	\N	\N	36	{"1" : "Support with accessing medication", "2" : "  /    ()  ", "3" : "   /      (AA)"}
123	Other (please specify)	\N	t	t	f	\N	\N	2022-02-21 16:48:33.035+00	2022-02-21 16:48:33.035+00	\N	\N	36	{"1" : "Other (please specify)", "2" : " (  )", "3" : " ( )"}
124	Assist with access to mental health services (including counseling, therapy, etc.)	\N	t	t	f	\N	\N	2022-02-21 16:48:33.547+00	2022-02-21 16:48:33.547+00	\N	\N	37	{"1" : "Assist with access to mental health services (including counseling, therapy, etc.)", "2" : "     ", "3" : "     "}
125	Offer support with guidance to family on managing symptoms	\N	t	t	f	\N	\N	2022-02-21 16:48:33.854+00	2022-02-21 16:48:33.854+00	\N	\N	37	{"1" : "Offer support with guidance to family on managing symptoms", "2" : "     ", "3" : "     "}
126	Support with accessing medication	\N	t	t	f	\N	\N	2022-02-21 16:48:34.161+00	2022-02-21 16:48:34.161+00	\N	\N	37	{"1" : "Support with accessing medication", "2" : "/  / /    / ", "3" : "     / /   /  "}
127	Other (please specify)	\N	t	t	f	\N	\N	2022-02-21 16:48:34.469+00	2022-02-21 16:48:34.469+00	\N	\N	37	{"1" : "Other (please specify)", "2" : " (  )", "3" : " ( )"}
128	Assist with access to medication/medical equipment	\N	t	t	f	\N	\N	2022-02-21 16:48:35.083+00	2022-02-21 16:48:35.083+00	\N	\N	38	{"1" : "Assist with access to medication/medical equipment", "2" : "   -   ,       ", "3" : "     - PHC-,      "}
779	Other (please specify)	\N	f	t	f	\N	\N	2022-02-21 16:47:36.816+00	2022-02-21 16:47:36.816+00	\N	\N	1	\N
129	Linked to/availing schemes/resources/support from govt or NGOs	\N	t	t	f	\N	\N	2022-02-21 16:48:35.698+00	2022-02-21 16:48:35.698+00	\N	\N	38	{"1" : "Linked to/availing schemes/resources/support from govt or NGOs", "2" : "        /    ", "3" : "/       "}
130	Other (please specify)	\N	t	t	f	\N	\N	2022-02-21 16:48:36.824+00	2022-02-21 16:48:36.824+00	\N	\N	38	{"1" : "Other (please specify)", "2" : "/  / /    / ", "3" : "     / /   "}
131	Assist with access to services for impairments/disabilities/ developmental delays	\N	t	t	f	\N	\N	2022-02-21 16:48:37.3+00	2022-02-21 16:48:37.3+00	\N	\N	39	{"1" : "Assist with access to services for impairments/disabilities/ developmental delays", "2" : " (  )", "3" : " ( )"}
132	Assist with obtaining medical equipment (such as hearing aids, prosthetics, etc	\N	t	t	f	\N	\N	2022-02-21 16:48:37.541+00	2022-02-21 16:48:37.541+00	\N	\N	39	{"1" : "Assist with obtaining medical equipment (such as hearing aids, prosthetics, etc", "2" : " /     ", "3" : "/    "}
149	Report to proper authorities	\N	t	t	f	\N	86173a36-b02f-427e-9280-f4f61155dfb3	2023-07-20 06:01:39.021+00	2023-07-20 06:01:39.021+00	\N	\N	2	{"1" : "Report to proper authorities", "2" : " (  )", "3" : " ( )"}
133	Linked to/availing schemes/resources/support from govt or NGOs	\N	t	t	f	\N	\N	2022-02-21 16:48:37.851+00	2022-02-21 16:48:37.851+00	\N	\N	39	{"1" : "Linked to/availing schemes/resources/support from govt or NGOs", "2" : "/  / /    / ", "3" : "     / /   /  "}
134	Other (please specify)	\N	t	t	f	\N	\N	2022-02-21 16:48:38.156+00	2022-02-21 16:48:38.156+00	\N	\N	39	{"1" : "Other (please specify)", "2" : " (  )", "3" : " ( )"}
135	Teach personal hygiene and self-care skills and	\N	t	t	f	\N	\N	2022-02-21 16:48:38.771+00	2022-02-21 16:48:38.771+00	\N	\N	40	{"1" : "Teach personal hygiene and self-care skills and", "2" : "    (, ,  )     ", "3" : "      (,   )"}
136	Offer access to personal hygiene products - (soaps, sanitary napkins, etc)	\N	t	t	f	\N	\N	2022-02-21 16:48:39.078+00	2022-02-21 16:48:39.078+00	\N	\N	40	{"1" : "Offer access to personal hygiene products - (soaps, sanitary napkins, etc)", "2" : "            ", "3" : "      "}
137	Other (please specify)	\N	t	t	f	\N	\N	2022-02-21 16:48:39.316+00	2022-02-21 16:48:39.316+00	\N	\N	40	{"1" : "Other (please specify)", "2" : "     ", "3" : "   "}
139	Offer nutritional resources	\N	t	t	f	\N	\N	2022-02-21 16:48:40.203+00	2022-02-21 16:48:40.203+00	\N	\N	41	{"1" : "Offer nutritional resources", "2" : "    (, ,  )     ", "3" : "      (,   )"}
140	Assist in getting hemoglobin tested	\N	t	t	f	\N	\N	2022-02-21 16:48:40.441+00	2022-02-21 16:48:40.441+00	\N	\N	41	{"1" : "Assist in getting hemoglobin tested", "2" : "            ", "3" : "      "}
141	Linked to/availing schemes/resources/support from govt or NGOs	\N	t	t	f	\N	\N	2022-02-21 16:48:40.68+00	2022-02-21 16:48:40.68+00	\N	\N	41	{"1" : "Linked to/availing schemes/resources/support from govt or NGOs", "2" : "     ", "3" : "   "}
142	Other (please specify)	\N	t	t	f	\N	\N	2022-02-21 16:48:40.92+00	2022-02-21 16:48:40.92+00	\N	\N	41	{"1" : "Other (please specify)", "2" : " (  )", "3" : " ( )"}
143	Access to nutritious foods	\N	t	t	f	\N	\N	2022-02-21 16:48:41.842+00	2022-02-21 16:48:41.842+00	\N	\N	42	{"1" : "Access to nutritious foods", "2" : "/      ", "3" : "/    "}
144	Linked to/availing schemes/resources/support from govt or NGOs	\N	t	t	f	\N	\N	2022-02-21 16:48:42.15+00	2022-02-21 16:48:42.15+00	\N	\N	42	{"1" : "Linked to/availing schemes/resources/support from govt or NGOs", "2" : "/  / /    / ", "3" : "     / /   /  "}
145	Other (please specify)	\N	t	t	f	\N	\N	2022-02-21 16:48:42.388+00	2022-02-21 16:48:42.388+00	\N	\N	42	{"1" : "Other (please specify)", "2" : " (  )", "3" : " ( )"}
146	Assist with health insurance	\N	t	t	f	\N	\N	2022-02-21 16:48:42.968+00	2022-02-21 16:48:42.968+00	\N	\N	43	{"1" : "Assist with health insurance", "2" : " //         ", "3" : "/ /     "}
147	Linked to/availing schemes/resources/support from govt or NGOs	\N	t	t	f	\N	\N	2022-02-21 16:48:43.228+00	2022-02-21 16:48:43.228+00	\N	\N	43	{"1" : "Linked to/availing schemes/resources/support from govt or NGOs", "2" : "       (  , , )", "3" : "    (  ,   "}
148	Other (please specify)	\N	t	t	f	\N	\N	2022-02-21 16:48:43.467+00	2022-02-21 16:48:43.467+00	\N	\N	43	{"1" : "Other (please specify)", "2" : "/  / /    / ", "3" : "     / /   /  "}
150	Refer for counselling to support family to cope with impact of abuse	\N	t	t	f	\N	86173a36-b02f-427e-9280-f4f61155dfb3	2023-07-20 06:01:39.214+00	2023-07-20 06:01:39.214+00	\N	\N	2	{"1" : "Refer for counselling to support family to cope with impact of abuse", "2" : "   -   ", "3" : "       "}
151	Ensure safety of child or other family member	\N	t	t	f	\N	86173a36-b02f-427e-9280-f4f61155dfb3	2023-07-20 06:01:39.404+00	2023-07-20 06:01:39.404+00	\N	\N	2	{"1" : "Ensure safety of child or other family member", "2" : "       - (,  , )", "3" : "      - (,   )"}
152	Support with obtaining counseling for the abused	\N	t	t	f	\N	86173a36-b02f-427e-9280-f4f61155dfb3	2023-07-20 06:01:39.594+00	2023-07-20 06:01:39.594+00	\N	\N	2	{"1" : "Support with obtaining counseling for the abused", "2" : " (  )", "3" : " ( )"}
153	Provide basic training, information, and guidance on CP risks & reporting procedures to primary carer and child	\N	t	t	f	\N	eb638800-13b2-4199-a5a4-dc45bb73fde5	2023-07-23 09:44:08.495+00	2023-07-23 09:44:08.495+00	\N	\N	9	{"1" : "Provide basic training, information, and guidance on CP risks & reporting procedures to primary carer and child", "2" : "   ", "3" : "  "}
154	Other (please specify)	\N	t	t	f	\N	eb638800-13b2-4199-a5a4-dc45bb73fde5	2023-07-23 09:44:08.686+00	2023-07-23 09:44:08.686+00	\N	\N	9	{"1" : "Other (please specify)", "2" : "    ", "3" : "  "}
155	Linked to/availing schemes/resources/support from govt or NGOs	\N	t	t	f	\N	9d675b84-35f0-4bb8-9945-70d1e5d04811	2023-07-26 05:57:05.075+00	2023-07-26 05:57:05.075+00	\N	\N	27	{"1" : "Linked to/availing schemes/resources/support from govt or NGOs", "2" : "      ", "3" : "   "}
156	Assist with higher education/vocational training for child	\N	t	t	f	\N	9d675b84-35f0-4bb8-9945-70d1e5d04811	2023-07-26 05:57:05.278+00	2023-07-26 05:57:05.278+00	\N	\N	27	{"1" : "Assist with higher education/vocational training for child", "2" : "/  / /    / ", "3" : "     / /   /  "}
157	Other (please specify)	\N	t	t	f	\N	9d675b84-35f0-4bb8-9945-70d1e5d04811	2023-07-26 05:57:05.473+00	2023-07-26 05:57:05.473+00	\N	\N	27	{"1" : "Other (please specify)", "2" : " (  )", "3" : " ( )"}
\.


--
-- Data for Name: HT_countries; Type: TABLE DATA; Schema: public; Owner: ht_db_user
--

COPY public."HT_countries" (id, "countryName", "isoCode", "countryCode", "phoneNumberFormat", "isActive", "isDeleted", "createdAt", "updatedAt", "districtRequired", "stateRequired", "iso2Code", "countryNameLang") FROM stdin;
1	India	IND	91	dss	t	f	2024-01-16 07:01:42+00	2024-01-16 07:01:42+00	t	t	IN	{"1":"India","2":"","3":""}
2	US	US	1	sfd	t	f	2024-01-16 07:01:42+00	2024-01-16 07:01:42+00	f	t	US	{"1":"US","2":"","3":""}
3	Uganda	UGN	1	dfgdf	t	f	2024-01-16 07:01:42+00	2024-01-16 07:01:42+00	f	t	UG	{"1":"Uganda","2":"","3":""}
\.


--
-- Data for Name: HT_countryLangMaps; Type: TABLE DATA; Schema: public; Owner: ht_db_user
--

COPY public."HT_countryLangMaps" (id, "countryName", "isActive", "isDeleted", "createdBy", "updatedBy", "createdAt", "updatedAt", "HTCountryId", "HTLanguageId") FROM stdin;
\.


--
-- Data for Name: HT_deviceDetails; Type: TABLE DATA; Schema: public; Owner: ht_db_user
--

COPY public."HT_deviceDetails" (id, token, platform, model, "osVersion", "endpointARN", "isActive", "isDeleted", "createdBy", "updatedBy", "createdAt", "updatedAt", "HTUserId") FROM stdin;
\.


--
-- Data for Name: HT_districtLangMaps; Type: TABLE DATA; Schema: public; Owner: ht_db_user
--

COPY public."HT_districtLangMaps" (id, "districtName", "isActive", "isDeleted", "createdBy", "updatedBy", "createdAt", "updatedAt", "HTDistrictId", "HTLanguageId") FROM stdin;
\.


--
-- Data for Name: HT_districts; Type: TABLE DATA; Schema: public; Owner: ht_db_user
--

COPY public."HT_districts" (id, "districtName", "isActive", "isDeleted", "createdAt", "updatedAt", "HTStateId", "districtNameLang", "MPCountryId") FROM stdin;
1	Alipur	t	f	2021-10-27 11:17:25.289+00	2021-10-27 11:17:25.289+00	1	{"1" : "Alipur", "2" : "", "3" : ""}	1
2	Andaman Island	t	f	2021-10-27 11:17:25.289+00	2021-10-27 11:17:25.289+00	1	{"1" : "Andaman Island", "2" : " ", "3" : " "}	1
3	Anderson Island	t	f	2021-10-27 11:17:25.289+00	2021-10-27 11:17:25.289+00	1	{"1" : "Anderson Island", "2" : " ", "3" : " "}	1
4	Arainj-Laka-Punga	t	f	2021-10-27 11:17:25.289+00	2021-10-27 11:17:25.289+00	1	{"1" : "Arainj-Laka-Punga", "2" : "--", "3" : "Arainj-Laka-Punga"}	1
5	Austinabad	t	f	2021-10-27 11:17:25.289+00	2021-10-27 11:17:25.289+00	1	{"1" : "Austinabad", "2" : "", "3" : "Ustinbad"}	1
6	Bamboo Flat	t	f	2021-10-27 11:17:25.289+00	2021-10-27 11:17:25.289+00	1	{"1" : "Bamboo Flat", "2" : " ", "3" : " "}	1
7	Barren Island	t	f	2021-10-27 11:17:25.289+00	2021-10-27 11:17:25.289+00	1	{"1" : "Barren Island", "2" : " ", "3" : " "}	1
98	Trivandrum	t	f	2024-01-16 07:01:42+00	2024-01-16 07:01:42+00	18	\N	\N
8	Beadonabad	t	f	2021-10-27 11:17:25.289+00	2021-10-27 11:17:25.289+00	1	{"1" : "Beadonabad", "2" : "", "3" : ""}	1
9	Betapur	t	f	2021-10-27 11:17:25.289+00	2021-10-27 11:17:25.289+00	1	{"1" : "Betapur", "2" : "", "3" : ""}	1
10	Bindraban	t	f	2021-10-27 11:17:25.289+00	2021-10-27 11:17:25.289+00	1	{"1" : "Bindraban", "2" : "", "3" : ""}	1
11	Bonington	t	f	2021-10-27 11:17:25.289+00	2021-10-27 11:17:25.289+00	1	{"1" : "Bonington", "2" : "", "3" : ""}	1
12	Brookesabad	t	f	2021-10-27 11:17:25.289+00	2021-10-27 11:17:25.289+00	1	{"1" : "Brookesabad", "2" : "", "3" : ""}	1
13	Cadell Point	t	f	2021-10-27 11:17:25.289+00	2021-10-27 11:17:25.289+00	1	{"1" : "Cadell Point", "2" : " ", "3" : " "}	1
14	Calicut	t	f	2021-10-27 11:17:25.289+00	2021-10-27 11:17:25.289+00	1	{"1" : "Calicut", "2" : "", "3" : ""}	1
15	Chetamale	t	f	2021-10-27 11:17:25.289+00	2021-10-27 11:17:25.289+00	1	{"1" : "Chetamale", "2" : "", "3" : ""}	1
16	Cinque Islands	t	f	2021-10-27 11:17:25.289+00	2021-10-27 11:17:25.289+00	1	{"1" : "Cinque Islands", "2" : " ", "3" : " "}	1
17	Defence Island	t	f	2021-10-27 11:17:25.289+00	2021-10-27 11:17:25.289+00	1	{"1" : "Defence Island", "2" : " ", "3" : " "}	1
18	Digilpur	t	f	2021-10-27 11:17:25.289+00	2021-10-27 11:17:25.289+00	1	{"1" : "Digilpur", "2" : "", "3" : ""}	1
19	Dolyganj	t	f	2021-10-27 11:17:25.289+00	2021-10-27 11:17:25.289+00	1	{"1" : "Dolyganj", "2" : "", "3" : "Dolyginj"}	1
20	Flat Island	t	f	2021-10-27 11:17:25.289+00	2021-10-27 11:17:25.289+00	1	{"1" : "Flat Island", "2" : " ", "3" : " "}	1
21	Geinyale	t	f	2021-10-27 11:17:25.289+00	2021-10-27 11:17:25.289+00	1	{"1" : "Geinyale", "2" : "", "3" : ""}	1
22	Great Coco Island	t	f	2021-10-27 11:17:25.289+00	2021-10-27 11:17:25.289+00	1	{"1" : "Great Coco Island", "2" : "  ", "3" : "  "}	1
23	Haddo	t	f	2021-10-27 11:17:25.289+00	2021-10-27 11:17:25.289+00	1	{"1" : "Haddo", "2" : "", "3" : ""}	1
24	Havelock Island	t	f	2021-10-27 11:17:25.289+00	2021-10-27 11:17:25.289+00	1	{"1" : "Havelock Island", "2" : " ", "3" : " "}	1
25	Henry Lawrence Island	t	f	2021-10-27 11:17:25.289+00	2021-10-27 11:17:25.289+00	1	{"1" : "Henry Lawrence Island", "2" : "  ", "3" : "  "}	1
26	Herbertabad	t	f	2021-10-27 11:17:25.289+00	2021-10-27 11:17:25.289+00	1	{"1" : "Herbertabad", "2" : "", "3" : ""}	1
27	Hobdaypur	t	f	2021-10-27 11:17:25.289+00	2021-10-27 11:17:25.289+00	1	{"1" : "Hobdaypur", "2" : "", "3" : ""}	1
28	Ilichar	t	f	2021-10-27 11:17:25.289+00	2021-10-27 11:17:25.289+00	1	{"1" : "Ilichar", "2" : "", "3" : "Ilichar"}	1
29	Ingoie	t	f	2021-10-27 11:17:25.289+00	2021-10-27 11:17:25.289+00	1	{"1" : "Ingoie", "2" : "", "3" : "Ingoie"}	1
30	Inteview Island	t	f	2021-10-27 11:17:25.289+00	2021-10-27 11:17:25.289+00	1	{"1" : "Inteview Island", "2" : " ", "3" : " "}	1
31	Jangli Ghat	t	f	2021-10-27 11:17:25.289+00	2021-10-27 11:17:25.289+00	1	{"1" : "Jangli Ghat", "2" : " ", "3" : " "}	1
32	Jhon Lawrence Island	t	f	2021-10-27 11:17:25.289+00	2021-10-27 11:17:25.289+00	1	{"1" : "Jhon Lawrence Island", "2" : "  ", "3" : "  "}	1
33	Karen	t	f	2021-10-27 11:17:25.289+00	2021-10-27 11:17:25.289+00	1	{"1" : "Karen", "2" : "", "3" : ""}	1
34	Kartara	t	f	2021-10-27 11:17:25.289+00	2021-10-27 11:17:25.289+00	1	{"1" : "Kartara", "2" : "", "3" : ""}	1
35	KYD Islannd	t	f	2021-10-27 11:17:25.289+00	2021-10-27 11:17:25.289+00	1	{"1" : "KYD Islannd", "2" : " ", "3" : "KYD ISLANND"}	1
36	Landfall Island	t	f	2021-10-27 11:17:25.289+00	2021-10-27 11:17:25.289+00	1	{"1" : "Landfall Island", "2" : " ", "3" : " "}	1
37	Little Andmand	t	f	2021-10-27 11:17:25.289+00	2021-10-27 11:17:25.289+00	1	{"1" : "Little Andmand", "2" : " ", "3" : "  "}	1
38	Little Coco Island	t	f	2021-10-27 11:17:25.289+00	2021-10-27 11:17:25.289+00	1	{"1" : "Little Coco Island", "2" : "  ", "3" : "  "}	1
39	Long Island	t	f	2021-10-27 11:17:25.289+00	2021-10-27 11:17:25.289+00	1	{"1" : "Long Island", "2" : " ", "3" : " "}	1
40	Maimyo	t	f	2021-10-27 11:17:25.289+00	2021-10-27 11:17:25.289+00	1	{"1" : "Maimyo", "2" : "", "3" : ""}	1
41	Malappuram	t	f	2021-10-27 11:17:25.289+00	2021-10-27 11:17:25.289+00	1	{"1" : "Malappuram", "2" : "", "3" : ""}	1
42	Manglutan	t	f	2021-10-27 11:17:25.289+00	2021-10-27 11:17:25.289+00	1	{"1" : "Manglutan", "2" : "", "3" : ""}	1
43	Manpur	t	f	2021-10-27 11:17:25.289+00	2021-10-27 11:17:25.289+00	1	{"1" : "Manpur", "2" : "", "3" : ""}	1
44	Mitha Khari	t	f	2021-10-27 11:17:25.289+00	2021-10-27 11:17:25.289+00	1	{"1" : "Mitha Khari", "2" : " ", "3" : " "}	1
45	Neill Island	t	f	2021-10-27 11:17:25.289+00	2021-10-27 11:17:25.289+00	1	{"1" : "Neill Island", "2" : " ", "3" : " "}	1
46	Nicobar Island	t	f	2021-10-27 11:17:25.289+00	2021-10-27 11:17:25.289+00	1	{"1" : "Nicobar Island", "2" : " ", "3" : " "}	1
47	North Brother Island	t	f	2021-10-27 11:17:25.289+00	2021-10-27 11:17:25.289+00	1	{"1" : "North Brother Island", "2" : "  ", "3" : "  "}	1
48	North Passage Island	t	f	2021-10-27 11:17:25.289+00	2021-10-27 11:17:25.289+00	1	{"1" : "North Passage Island", "2" : "  ", "3" : "  "}	1
49	North Sentinel Island	t	f	2021-10-27 11:17:25.289+00	2021-10-27 11:17:25.289+00	1	{"1" : "North Sentinel Island", "2" : "  ", "3" : "  "}	1
50	Nothen Reef Island	t	f	2021-10-27 11:17:25.289+00	2021-10-27 11:17:25.289+00	1	{"1" : "Nothen Reef Island", "2" : "  ", "3" : "  "}	1
51	Outram Island	t	f	2021-10-27 11:17:25.289+00	2021-10-27 11:17:25.289+00	1	{"1" : "Outram Island", "2" : " ", "3" : " "}	1
52	Pahlagaon	t	f	2021-10-27 11:17:25.289+00	2021-10-27 11:17:25.289+00	1	{"1" : "Pahlagaon", "2" : "", "3" : ""}	1
53	Palalankwe	t	f	2021-10-27 11:17:25.289+00	2021-10-27 11:17:25.289+00	1	{"1" : "Palalankwe", "2" : "", "3" : ""}	1
54	Passage Island	t	f	2021-10-27 11:17:25.289+00	2021-10-27 11:17:25.289+00	1	{"1" : "Passage Island", "2" : " ", "3" : " "}	1
55	Phaiapong	t	f	2021-10-27 11:17:25.289+00	2021-10-27 11:17:25.289+00	1	{"1" : "Phaiapong", "2" : "", "3" : ""}	1
56	Phoenix Island	t	f	2021-10-27 11:17:25.289+00	2021-10-27 11:17:25.289+00	1	{"1" : "Phoenix Island", "2" : " ", "3" : " "}	1
57	Port Blair	t	f	2021-10-27 11:17:25.289+00	2021-10-27 11:17:25.289+00	1	{"1" : "Port Blair", "2" : " ", "3" : " "}	1
58	Preparis Island	t	f	2021-10-27 11:17:25.289+00	2021-10-27 11:17:25.289+00	1	{"1" : "Preparis Island", "2" : " ", "3" : " "}	1
59	Protheroepur	t	f	2021-10-27 11:17:25.289+00	2021-10-27 11:17:25.289+00	1	{"1" : "Protheroepur", "2" : "", "3" : "Protheroepur"}	1
60	Rangachang	t	f	2021-10-27 11:17:25.289+00	2021-10-27 11:17:25.289+00	1	{"1" : "Rangachang", "2" : "", "3" : ""}	1
61	Rongat	t	f	2021-10-27 11:17:25.289+00	2021-10-27 11:17:25.289+00	1	{"1" : "Rongat", "2" : "", "3" : ""}	1
62	Rutland Island	t	f	2021-10-27 11:17:25.289+00	2021-10-27 11:17:25.289+00	1	{"1" : "Rutland Island", "2" : " ", "3" : " "}	1
63	Sabari	t	f	2021-10-27 11:17:25.289+00	2021-10-27 11:17:25.289+00	1	{"1" : "Sabari", "2" : "", "3" : ""}	1
64	Saddle Peak	t	f	2021-10-27 11:17:25.289+00	2021-10-27 11:17:25.289+00	1	{"1" : "Saddle Peak", "2" : " ", "3" : " "}	1
706	Karur	t	f	2021-10-27 11:17:25.289+00	2021-10-27 11:17:25.289+00	31	{"1" : "Karur", "2" : "", "3" : ""}	1
752	Khowai	t	f	2021-10-27 11:17:25.289+00	2021-10-27 11:17:25.289+00	32	{"1" : "Khowai", "2" : "", "3" : ""}	1
65	Shadipur	t	f	2021-10-27 11:17:25.289+00	2021-10-27 11:17:25.289+00	1	{"1" : "Shadipur", "2" : "", "3" : ""}	1
66	Smith Island	t	f	2021-10-27 11:17:25.289+00	2021-10-27 11:17:25.289+00	1	{"1" : "Smith Island", "2" : " ", "3" : " "}	1
67	Sound Island	t	f	2021-10-27 11:17:25.289+00	2021-10-27 11:17:25.289+00	1	{"1" : "Sound Island", "2" : " ", "3" : " "}	1
68	South Sentinel Island	t	f	2021-10-27 11:17:25.289+00	2021-10-27 11:17:25.289+00	1	{"1" : "South Sentinel Island", "2" : "  ", "3" : "  "}	1
69	Spike Island	t	f	2021-10-27 11:17:25.289+00	2021-10-27 11:17:25.289+00	1	{"1" : "Spike Island", "2" : " ", "3" : " "}	1
70	Tarmugli Island	t	f	2021-10-27 11:17:25.289+00	2021-10-27 11:17:25.289+00	1	{"1" : "Tarmugli Island", "2" : " ", "3" : " "}	1
71	Taylerabad	t	f	2021-10-27 11:17:25.289+00	2021-10-27 11:17:25.289+00	1	{"1" : "Taylerabad", "2" : "", "3" : ""}	1
72	Titaije	t	f	2021-10-27 11:17:25.289+00	2021-10-27 11:17:25.289+00	1	{"1" : "Titaije", "2" : "", "3" : ""}	1
73	Toibalawe	t	f	2021-10-27 11:17:25.289+00	2021-10-27 11:17:25.289+00	1	{"1" : "Toibalawe", "2" : "", "3" : ""}	1
74	Tusonabad	t	f	2021-10-27 11:17:25.289+00	2021-10-27 11:17:25.289+00	1	{"1" : "Tusonabad", "2" : "", "3" : ""}	1
75	West Island	t	f	2021-10-27 11:17:25.289+00	2021-10-27 11:17:25.289+00	1	{"1" : "West Island", "2" : " ", "3" : " "}	1
76	Wimberleyganj	t	f	2021-10-27 11:17:25.289+00	2021-10-27 11:17:25.289+00	1	{"1" : "Wimberleyganj", "2" : "", "3" : ""}	1
77	Yadita	t	f	2021-10-27 11:17:25.289+00	2021-10-27 11:17:25.289+00	1	{"1" : "Yadita", "2" : "", "3" : ""}	1
101	Anjaw	t	f	2021-10-27 11:17:25.289+00	2021-10-27 11:17:25.289+00	3	{"1" : "Anjaw", "2" : "", "3" : ""}	1
102	Changlang	t	f	2021-10-27 11:17:25.289+00	2021-10-27 11:17:25.289+00	3	{"1" : "Changlang", "2" : "", "3" : ""}	1
103	Dibang Valley	t	f	2021-10-27 11:17:25.289+00	2021-10-27 11:17:25.289+00	3	{"1" : "Dibang Valley", "2" : " ", "3" : " "}	1
104	East Kameng	t	f	2021-10-27 11:17:25.289+00	2021-10-27 11:17:25.289+00	3	{"1" : "East Kameng", "2" : " ", "3" : " "}	1
105	East Siang	t	f	2021-10-27 11:17:25.289+00	2021-10-27 11:17:25.289+00	3	{"1" : "East Siang", "2" : " ", "3" : " "}	1
106	Itanagar	t	f	2021-10-27 11:17:25.289+00	2021-10-27 11:17:25.289+00	3	{"1" : "Itanagar", "2" : "", "3" : ""}	1
107	Kurung Kumey	t	f	2021-10-27 11:17:25.289+00	2021-10-27 11:17:25.289+00	3	{"1" : "Kurung Kumey", "2" : " ", "3" : " "}	1
108	Lohit	t	f	2021-10-27 11:17:25.289+00	2021-10-27 11:17:25.289+00	3	{"1" : "Lohit", "2" : "", "3" : ""}	1
109	Lower Dibang Valley	t	f	2021-10-27 11:17:25.289+00	2021-10-27 11:17:25.289+00	3	{"1" : "Lower Dibang Valley", "2" : "  ", "3" : "  "}	1
110	Lower Subansiri	t	f	2021-10-27 11:17:25.289+00	2021-10-27 11:17:25.289+00	3	{"1" : "Lower Subansiri", "2" : " ", "3" : " "}	1
111	Papum Pare	t	f	2021-10-27 11:17:25.289+00	2021-10-27 11:17:25.289+00	3	{"1" : "Papum Pare", "2" : "", "3" : " "}	1
112	Tawang	t	f	2021-10-27 11:17:25.289+00	2021-10-27 11:17:25.289+00	3	{"1" : "Tawang", "2" : "", "3" : ""}	1
113	Tirap	t	f	2021-10-27 11:17:25.289+00	2021-10-27 11:17:25.289+00	3	{"1" : "Tirap", "2" : "", "3" : ""}	1
114	Upper Siang	t	f	2021-10-27 11:17:25.289+00	2021-10-27 11:17:25.289+00	3	{"1" : "Upper Siang", "2" : " ", "3" : " "}	1
115	Upper Subansiri	t	f	2021-10-27 11:17:25.289+00	2021-10-27 11:17:25.289+00	3	{"1" : "Upper Subansiri", "2" : " ", "3" : " "}	1
116	West Kameng	t	f	2021-10-27 11:17:25.289+00	2021-10-27 11:17:25.289+00	3	{"1" : "West Kameng", "2" : " ", "3" : " "}	1
117	West Siang	t	f	2021-10-27 11:17:25.289+00	2021-10-27 11:17:25.289+00	3	{"1" : "West Siang", "2" : " ", "3" : " "}	1
118	Barpeta	t	f	2021-10-27 11:17:25.289+00	2021-10-27 11:17:25.289+00	4	{"1" : "Barpeta", "2" : "", "3" : ""}	1
119	Bongaigaon	t	f	2021-10-27 11:17:25.289+00	2021-10-27 11:17:25.289+00	4	{"1" : "Bongaigaon", "2" : "", "3" : ""}	1
120	Cachar	t	f	2021-10-27 11:17:25.289+00	2021-10-27 11:17:25.289+00	4	{"1" : "Cachar", "2" : "", "3" : ""}	1
121	Darrang	t	f	2021-10-27 11:17:25.289+00	2021-10-27 11:17:25.289+00	4	{"1" : "Darrang", "2" : "", "3" : ""}	1
122	Dhemaji	t	f	2021-10-27 11:17:25.289+00	2021-10-27 11:17:25.289+00	4	{"1" : "Dhemaji", "2" : "", "3" : ""}	1
123	Dhubri	t	f	2021-10-27 11:17:25.289+00	2021-10-27 11:17:25.289+00	4	{"1" : "Dhubri", "2" : "", "3" : ""}	1
124	Dibrugarh	t	f	2021-10-27 11:17:25.289+00	2021-10-27 11:17:25.289+00	4	{"1" : "Dibrugarh", "2" : "", "3" : ""}	1
125	Goalpara	t	f	2021-10-27 11:17:25.289+00	2021-10-27 11:17:25.289+00	4	{"1" : "Goalpara", "2" : "", "3" : ""}	1
126	Golaghat	t	f	2021-10-27 11:17:25.289+00	2021-10-27 11:17:25.289+00	4	{"1" : "Golaghat", "2" : "", "3" : ""}	1
127	Guwahati	t	f	2021-10-27 11:17:25.289+00	2021-10-27 11:17:25.289+00	4	{"1" : "Guwahati", "2" : "", "3" : ""}	1
128	Hailakandi	t	f	2021-10-27 11:17:25.289+00	2021-10-27 11:17:25.289+00	4	{"1" : "Hailakandi", "2" : "", "3" : ""}	1
129	Jorhat	t	f	2021-10-27 11:17:25.289+00	2021-10-27 11:17:25.289+00	4	{"1" : "Jorhat", "2" : "", "3" : ""}	1
130	Kamrup	t	f	2021-10-27 11:17:25.289+00	2021-10-27 11:17:25.289+00	4	{"1" : "Kamrup", "2" : "", "3" : ""}	1
131	Karbi Anglong	t	f	2021-10-27 11:17:25.289+00	2021-10-27 11:17:25.289+00	4	{"1" : "Karbi Anglong", "2" : " ", "3" : " "}	1
132	Karimganj	t	f	2021-10-27 11:17:25.289+00	2021-10-27 11:17:25.289+00	4	{"1" : "Karimganj", "2" : "", "3" : ""}	1
133	Kokrajhar	t	f	2021-10-27 11:17:25.289+00	2021-10-27 11:17:25.289+00	4	{"1" : "Kokrajhar", "2" : "", "3" : ""}	1
134	Lakhimpur	t	f	2021-10-27 11:17:25.289+00	2021-10-27 11:17:25.289+00	4	{"1" : "Lakhimpur", "2" : "", "3" : ""}	1
135	Marigaon	t	f	2021-10-27 11:17:25.289+00	2021-10-27 11:17:25.289+00	4	{"1" : "Marigaon", "2" : "", "3" : ""}	1
136	Nagaon	t	f	2021-10-27 11:17:25.289+00	2021-10-27 11:17:25.289+00	4	{"1" : "Nagaon", "2" : "", "3" : ""}	1
137	Nalbari	t	f	2021-10-27 11:17:25.289+00	2021-10-27 11:17:25.289+00	4	{"1" : "Nalbari", "2" : "", "3" : ""}	1
138	North Cachar Hills	t	f	2021-10-27 11:17:25.289+00	2021-10-27 11:17:25.289+00	4	{"1" : "North Cachar Hills", "2" : "  ", "3" : "  "}	1
139	Silchar	t	f	2021-10-27 11:17:25.289+00	2021-10-27 11:17:25.289+00	4	{"1" : "Silchar", "2" : "", "3" : ""}	1
140	Sivasagar	t	f	2021-10-27 11:17:25.289+00	2021-10-27 11:17:25.289+00	4	{"1" : "Sivasagar", "2" : "", "3" : ""}	1
141	Sonitpur	t	f	2021-10-27 11:17:25.289+00	2021-10-27 11:17:25.289+00	4	{"1" : "Sonitpur", "2" : "", "3" : ""}	1
142	Tinsukia	t	f	2021-10-27 11:17:25.289+00	2021-10-27 11:17:25.289+00	4	{"1" : "Tinsukia", "2" : "", "3" : ""}	1
143	Udalguri	t	f	2021-10-27 11:17:25.289+00	2021-10-27 11:17:25.289+00	4	{"1" : "Udalguri", "2" : "", "3" : " -"}	1
144	Araria	t	f	2021-10-27 11:17:25.289+00	2021-10-27 11:17:25.289+00	5	{"1" : "Araria", "2" : "", "3" : ""}	1
145	Aurangabad	t	f	2021-10-27 11:17:25.289+00	2021-10-27 11:17:25.289+00	5	{"1" : "Aurangabad", "2" : "", "3" : ""}	1
146	Banka	t	f	2021-10-27 11:17:25.289+00	2021-10-27 11:17:25.289+00	5	{"1" : "Banka", "2" : "", "3" : ""}	1
147	Begusarai	t	f	2021-10-27 11:17:25.289+00	2021-10-27 11:17:25.289+00	5	{"1" : "Begusarai", "2" : "", "3" : ""}	1
148	Bhagalpur	t	f	2021-10-27 11:17:25.289+00	2021-10-27 11:17:25.289+00	5	{"1" : "Bhagalpur", "2" : "", "3" : ""}	1
149	Bhojpur	t	f	2021-10-27 11:17:25.289+00	2021-10-27 11:17:25.289+00	5	{"1" : "Bhojpur", "2" : "", "3" : ""}	1
150	Buxar	t	f	2021-10-27 11:17:25.289+00	2021-10-27 11:17:25.289+00	5	{"1" : "Buxar", "2" : "", "3" : ""}	1
151	Darbhanga	t	f	2021-10-27 11:17:25.289+00	2021-10-27 11:17:25.289+00	5	{"1" : "Darbhanga", "2" : "", "3" : ""}	1
152	East Champaran	t	f	2021-10-27 11:17:25.289+00	2021-10-27 11:17:25.289+00	5	{"1" : "East Champaran", "2" : " ", "3" : " "}	1
153	Gaya	t	f	2021-10-27 11:17:25.289+00	2021-10-27 11:17:25.289+00	5	{"1" : "Gaya", "2" : "", "3" : ""}	1
154	Gopalganj	t	f	2021-10-27 11:17:25.289+00	2021-10-27 11:17:25.289+00	5	{"1" : "Gopalganj", "2" : "", "3" : ""}	1
155	Jamshedpur	t	f	2021-10-27 11:17:25.289+00	2021-10-27 11:17:25.289+00	5	{"1" : "Jamshedpur", "2" : "", "3" : ""}	1
156	Jamui	t	f	2021-10-27 11:17:25.289+00	2021-10-27 11:17:25.289+00	5	{"1" : "Jamui", "2" : "", "3" : ""}	1
157	Jehanabad	t	f	2021-10-27 11:17:25.289+00	2021-10-27 11:17:25.289+00	5	{"1" : "Jehanabad", "2" : "", "3" : ""}	1
158	Kaimur (Bhabua)	t	f	2021-10-27 11:17:25.289+00	2021-10-27 11:17:25.289+00	5	{"1" : "Kaimur (Bhabua)", "2" : " ()", "3" : " ()"}	1
159	Katihar	t	f	2021-10-27 11:17:25.289+00	2021-10-27 11:17:25.289+00	5	{"1" : "Katihar", "2" : "", "3" : ""}	1
160	Khagaria	t	f	2021-10-27 11:17:25.289+00	2021-10-27 11:17:25.289+00	5	{"1" : "Khagaria", "2" : "", "3" : ""}	1
161	Kishanganj	t	f	2021-10-27 11:17:25.289+00	2021-10-27 11:17:25.289+00	5	{"1" : "Kishanganj", "2" : "", "3" : ""}	1
162	Lakhisarai	t	f	2021-10-27 11:17:25.289+00	2021-10-27 11:17:25.289+00	5	{"1" : "Lakhisarai", "2" : "", "3" : ""}	1
163	Madhepura	t	f	2021-10-27 11:17:25.289+00	2021-10-27 11:17:25.289+00	5	{"1" : "Madhepura", "2" : "", "3" : ""}	1
164	Madhubani	t	f	2021-10-27 11:17:25.289+00	2021-10-27 11:17:25.289+00	5	{"1" : "Madhubani", "2" : "", "3" : ""}	1
165	Munger	t	f	2021-10-27 11:17:25.289+00	2021-10-27 11:17:25.289+00	5	{"1" : "Munger", "2" : "", "3" : ""}	1
166	Muzaffarpur	t	f	2021-10-27 11:17:25.289+00	2021-10-27 11:17:25.289+00	5	{"1" : "Muzaffarpur", "2" : "", "3" : ""}	1
167	Nalanda	t	f	2021-10-27 11:17:25.289+00	2021-10-27 11:17:25.289+00	5	{"1" : "Nalanda", "2" : "", "3" : ""}	1
168	Nawada	t	f	2021-10-27 11:17:25.289+00	2021-10-27 11:17:25.289+00	5	{"1" : "Nawada", "2" : "", "3" : ""}	1
169	Patna	t	f	2021-10-27 11:17:25.289+00	2021-10-27 11:17:25.289+00	5	{"1" : "Patna", "2" : "", "3" : ""}	1
170	Purnia	t	f	2021-10-27 11:17:25.289+00	2021-10-27 11:17:25.289+00	5	{"1" : "Purnia", "2" : "", "3" : ""}	1
171	Rohtas	t	f	2021-10-27 11:17:25.289+00	2021-10-27 11:17:25.289+00	5	{"1" : "Rohtas", "2" : "", "3" : ""}	1
172	Saharsa	t	f	2021-10-27 11:17:25.289+00	2021-10-27 11:17:25.289+00	5	{"1" : "Saharsa", "2" : "", "3" : ""}	1
173	Samastipur	t	f	2021-10-27 11:17:25.289+00	2021-10-27 11:17:25.289+00	5	{"1" : "Samastipur", "2" : "", "3" : ""}	1
174	Saran	t	f	2021-10-27 11:17:25.289+00	2021-10-27 11:17:25.289+00	5	{"1" : "Saran", "2" : "", "3" : ""}	1
175	Sheikhpura	t	f	2021-10-27 11:17:25.289+00	2021-10-27 11:17:25.289+00	5	{"1" : "Sheikhpura", "2" : "", "3" : ""}	1
176	Sheohar	t	f	2021-10-27 11:17:25.289+00	2021-10-27 11:17:25.289+00	5	{"1" : "Sheohar", "2" : "", "3" : ""}	1
177	Sitamarhi	t	f	2021-10-27 11:17:25.289+00	2021-10-27 11:17:25.289+00	5	{"1" : "Sitamarhi", "2" : "", "3" : ""}	1
178	Siwan	t	f	2021-10-27 11:17:25.289+00	2021-10-27 11:17:25.289+00	5	{"1" : "Siwan", "2" : "", "3" : ""}	1
179	Supaul	t	f	2021-10-27 11:17:25.289+00	2021-10-27 11:17:25.289+00	5	{"1" : "Supaul", "2" : "", "3" : ""}	1
180	Vaishali	t	f	2021-10-27 11:17:25.289+00	2021-10-27 11:17:25.289+00	5	{"1" : "Vaishali", "2" : "", "3" : ""}	1
181	West Champaran	t	f	2021-10-27 11:17:25.289+00	2021-10-27 11:17:25.289+00	5	{"1" : "West Champaran", "2" : " ", "3" : " "}	1
182	Chandigarh	t	f	2021-10-27 11:17:25.289+00	2021-10-27 11:17:25.289+00	6	{"1" : "Chandigarh", "2" : "", "3" : ""}	1
183	Mani Marja	t	f	2021-10-27 11:17:25.289+00	2021-10-27 11:17:25.289+00	6	{"1" : "Mani Marja", "2" : " ", "3" : " "}	1
184	Bastar	t	f	2021-10-27 11:17:25.289+00	2021-10-27 11:17:25.289+00	7	{"1" : "Bastar", "2" : "", "3" : ""}	1
185	Bhilai	t	f	2021-10-27 11:17:25.289+00	2021-10-27 11:17:25.289+00	7	{"1" : "Bhilai", "2" : "", "3" : ""}	1
186	Bijapur	t	f	2021-10-27 11:17:25.289+00	2021-10-27 11:17:25.289+00	7	{"1" : "Bijapur", "2" : "", "3" : ""}	1
187	Bilaspur	t	f	2021-10-27 11:17:25.289+00	2021-10-27 11:17:25.289+00	7	{"1" : "Bilaspur", "2" : "", "3" : ""}	1
188	Dhamtari	t	f	2021-10-27 11:17:25.289+00	2021-10-27 11:17:25.289+00	7	{"1" : "Dhamtari", "2" : "", "3" : ""}	1
189	Durg	t	f	2021-10-27 11:17:25.289+00	2021-10-27 11:17:25.289+00	7	{"1" : "Durg", "2" : "", "3" : ""}	1
190	Janjgir-Champa	t	f	2021-10-27 11:17:25.289+00	2021-10-27 11:17:25.289+00	7	{"1" : "Janjgir-Champa", "2" : "-", "3" : "Janjgir-Champa"}	1
191	Jashpur	t	f	2021-10-27 11:17:25.289+00	2021-10-27 11:17:25.289+00	7	{"1" : "Jashpur", "2" : "", "3" : ""}	1
192	Kabirdham-Kawardha	t	f	2021-10-27 11:17:25.289+00	2021-10-27 11:17:25.289+00	7	{"1" : "Kabirdham-Kawardha", "2" : "-", "3" : "Kabirdham-Kawardha"}	1
193	Korba	t	f	2021-10-27 11:17:25.289+00	2021-10-27 11:17:25.289+00	7	{"1" : "Korba", "2" : "", "3" : ""}	1
194	Korea	t	f	2021-10-27 11:17:25.289+00	2021-10-27 11:17:25.289+00	7	{"1" : "Korea", "2" : "", "3" : ""}	1
195	Mahasamund	t	f	2021-10-27 11:17:25.289+00	2021-10-27 11:17:25.289+00	7	{"1" : "Mahasamund", "2" : "", "3" : ""}	1
196	Narayanpur	t	f	2021-10-27 11:17:25.289+00	2021-10-27 11:17:25.289+00	7	{"1" : "Narayanpur", "2" : "", "3" : ""}	1
197	Norh Bastar-Kanker	t	f	2021-10-27 11:17:25.289+00	2021-10-27 11:17:25.289+00	7	{"1" : "Norh Bastar-Kanker", "2" : " -", "3" : "Naur:  "}	1
198	Raigarh	t	f	2021-10-27 11:17:25.289+00	2021-10-27 11:17:25.289+00	7	{"1" : "Raigarh", "2" : "", "3" : ""}	1
199	Raipur	t	f	2021-10-27 11:17:25.289+00	2021-10-27 11:17:25.289+00	7	{"1" : "Raipur", "2" : "", "3" : ""}	1
200	Rajnandgaon	t	f	2021-10-27 11:17:25.289+00	2021-10-27 11:17:25.289+00	7	{"1" : "Rajnandgaon", "2" : "", "3" : ""}	1
201	South Bastar-Dantewada	t	f	2021-10-27 11:17:25.289+00	2021-10-27 11:17:25.289+00	7	{"1" : "South Bastar-Dantewada", "2" : " -", "3" : " -"}	1
202	Surguja	t	f	2021-10-27 11:17:25.289+00	2021-10-27 11:17:25.289+00	7	{"1" : "Surguja", "2" : "", "3" : ""}	1
203	Amal	t	f	2021-10-27 11:17:25.289+00	2021-10-27 11:17:25.289+00	8	{"1" : "Amal", "2" : "", "3" : ""}	1
204	Amli	t	f	2021-10-27 11:17:25.289+00	2021-10-27 11:17:25.289+00	8	{"1" : "Amli", "2" : "", "3" : ""}	1
205	Bedpa	t	f	2021-10-27 11:17:25.289+00	2021-10-27 11:17:25.289+00	8	{"1" : "Bedpa", "2" : "", "3" : ""}	1
206	Chikhli	t	f	2021-10-27 11:17:25.289+00	2021-10-27 11:17:25.289+00	8	{"1" : "Chikhli", "2" : "", "3" : ""}	1
207	Dadra & Nagar Haveli	t	f	2021-10-27 11:17:25.289+00	2021-10-27 11:17:25.289+00	8	{"1" : "Dadra & Nagar Haveli", "2" : " &  ", "3" : " &  "}	1
208	Dahikhed	t	f	2021-10-27 11:17:25.289+00	2021-10-27 11:17:25.289+00	8	{"1" : "Dahikhed", "2" : "", "3" : ""}	1
209	Dolara	t	f	2021-10-27 11:17:25.289+00	2021-10-27 11:17:25.289+00	8	{"1" : "Dolara", "2" : "", "3" : ""}	1
210	Galonda	t	f	2021-10-27 11:17:25.289+00	2021-10-27 11:17:25.289+00	8	{"1" : "Galonda", "2" : "", "3" : ""}	1
211	Kanadi	t	f	2021-10-27 11:17:25.289+00	2021-10-27 11:17:25.289+00	8	{"1" : "Kanadi", "2" : "", "3" : ""}	1
212	Karchond	t	f	2021-10-27 11:17:25.289+00	2021-10-27 11:17:25.289+00	8	{"1" : "Karchond", "2" : "", "3" : ""}	1
213	Khadoli	t	f	2021-10-27 11:17:25.289+00	2021-10-27 11:17:25.289+00	8	{"1" : "Khadoli", "2" : "", "3" : ""}	1
214	Kharadpada	t	f	2021-10-27 11:17:25.289+00	2021-10-27 11:17:25.289+00	8	{"1" : "Kharadpada", "2" : "", "3" : ""}	1
215	Kherabari	t	f	2021-10-27 11:17:25.289+00	2021-10-27 11:17:25.289+00	8	{"1" : "Kherabari", "2" : "", "3" : ""}	1
216	Kherdi	t	f	2021-10-27 11:17:25.289+00	2021-10-27 11:17:25.289+00	8	{"1" : "Kherdi", "2" : "", "3" : ""}	1
217	Kothar	t	f	2021-10-27 11:17:25.289+00	2021-10-27 11:17:25.289+00	8	{"1" : "Kothar", "2" : "", "3" : ""}	1
218	Luari	t	f	2021-10-27 11:17:25.289+00	2021-10-27 11:17:25.289+00	8	{"1" : "Luari", "2" : "", "3" : ""}	1
219	Mashat	t	f	2021-10-27 11:17:25.289+00	2021-10-27 11:17:25.289+00	8	{"1" : "Mashat", "2" : "", "3" : ""}	1
220	Rakholi	t	f	2021-10-27 11:17:25.289+00	2021-10-27 11:17:25.289+00	8	{"1" : "Rakholi", "2" : "", "3" : ""}	1
221	Rudana	t	f	2021-10-27 11:17:25.289+00	2021-10-27 11:17:25.289+00	8	{"1" : "Rudana", "2" : "", "3" : ""}	1
222	Saili	t	f	2021-10-27 11:17:25.289+00	2021-10-27 11:17:25.289+00	8	{"1" : "Saili", "2" : "", "3" : ""}	1
223	Sili	t	f	2021-10-27 11:17:25.289+00	2021-10-27 11:17:25.289+00	8	{"1" : "Sili", "2" : "", "3" : ""}	1
224	Silvassa	t	f	2021-10-27 11:17:25.289+00	2021-10-27 11:17:25.289+00	8	{"1" : "Silvassa", "2" : "", "3" : ""}	1
225	Sindavni	t	f	2021-10-27 11:17:25.289+00	2021-10-27 11:17:25.289+00	8	{"1" : "Sindavni", "2" : "", "3" : ""}	1
226	Udva	t	f	2021-10-27 11:17:25.289+00	2021-10-27 11:17:25.289+00	8	{"1" : "Udva", "2" : "", "3" : ""}	1
227	Umbarkoi	t	f	2021-10-27 11:17:25.289+00	2021-10-27 11:17:25.289+00	8	{"1" : "Umbarkoi", "2" : "", "3" : ""}	1
228	Vansda	t	f	2021-10-27 11:17:25.289+00	2021-10-27 11:17:25.289+00	8	{"1" : "Vansda", "2" : "", "3" : ""}	1
229	Vasona	t	f	2021-10-27 11:17:25.289+00	2021-10-27 11:17:25.289+00	8	{"1" : "Vasona", "2" : "", "3" : ""}	1
230	Velugam	t	f	2021-10-27 11:17:25.289+00	2021-10-27 11:17:25.289+00	8	{"1" : "Velugam", "2" : "", "3" : ""}	1
231	Brancavare	t	f	2021-10-27 11:17:25.289+00	2021-10-27 11:17:25.289+00	9	{"1" : "Brancavare", "2" : "", "3" : ""}	1
232	Dagasi	t	f	2021-10-27 11:17:25.289+00	2021-10-27 11:17:25.289+00	9	{"1" : "Dagasi", "2" : "", "3" : ""}	1
233	Daman	t	f	2021-10-27 11:17:25.289+00	2021-10-27 11:17:25.289+00	9	{"1" : "Daman", "2" : "", "3" : ""}	1
234	Diu	t	f	2021-10-27 11:17:25.289+00	2021-10-27 11:17:25.289+00	9	{"1" : "Diu", "2" : "", "3" : ""}	1
235	Magarvara	t	f	2021-10-27 11:17:25.289+00	2021-10-27 11:17:25.289+00	9	{"1" : "Magarvara", "2" : "", "3" : ""}	1
236	Nagwa	t	f	2021-10-27 11:17:25.289+00	2021-10-27 11:17:25.289+00	9	{"1" : "Nagwa", "2" : "", "3" : ""}	1
237	Pariali	t	f	2021-10-27 11:17:25.289+00	2021-10-27 11:17:25.289+00	9	{"1" : "Pariali", "2" : "", "3" : "Paiali"}	1
238	Passo Covo	t	f	2021-10-27 11:17:25.289+00	2021-10-27 11:17:25.289+00	9	{"1" : "Passo Covo", "2" : " ", "3" : " "}	1
239	Central Delhi	t	f	2021-10-27 11:17:25.289+00	2021-10-27 11:17:25.289+00	10	{"1" : "Central Delhi", "2" : " ", "3" : " "}	1
240	East Delhi	t	f	2021-10-27 11:17:25.289+00	2021-10-27 11:17:25.289+00	10	{"1" : "East Delhi", "2" : " ", "3" : " "}	1
241	New Delhi	t	f	2021-10-27 11:17:25.289+00	2021-10-27 11:17:25.289+00	10	{"1" : "New Delhi", "2" : " ", "3" : " "}	1
242	North Delhi	t	f	2021-10-27 11:17:25.289+00	2021-10-27 11:17:25.289+00	10	{"1" : "North Delhi", "2" : " ", "3" : " "}	1
293	Bhiwani	t	f	2021-10-27 11:17:25.289+00	2021-10-27 11:17:25.289+00	13	{"1" : "Bhiwani", "2" : "", "3" : ""}	1
243	North East Delhi	t	f	2021-10-27 11:17:25.289+00	2021-10-27 11:17:25.289+00	10	{"1" : "North East Delhi", "2" : "  ", "3" : " "}	1
244	North West Delhi	t	f	2021-10-27 11:17:25.289+00	2021-10-27 11:17:25.289+00	10	{"1" : "North West Delhi", "2" : "  ", "3" : " "}	1
245	Old Delhi	t	f	2021-10-27 11:17:25.289+00	2021-10-27 11:17:25.289+00	10	{"1" : "Old Delhi", "2" : " ", "3" : " "}	1
246	South Delhi	t	f	2021-10-27 11:17:25.289+00	2021-10-27 11:17:25.289+00	10	{"1" : "South Delhi", "2" : " ", "3" : " "}	1
247	South West Delhi	t	f	2021-10-27 11:17:25.289+00	2021-10-27 11:17:25.289+00	10	{"1" : "South West Delhi", "2" : "  ", "3" : " "}	1
248	West Delhi	t	f	2021-10-27 11:17:25.289+00	2021-10-27 11:17:25.289+00	10	{"1" : "West Delhi", "2" : " ", "3" : " "}	1
249	Canacona	t	f	2021-10-27 11:17:25.289+00	2021-10-27 11:17:25.289+00	11	{"1" : "Canacona", "2" : "", "3" : ""}	1
250	Candolim	t	f	2021-10-27 11:17:25.289+00	2021-10-27 11:17:25.289+00	11	{"1" : "Candolim", "2" : "", "3" : ""}	1
251	Chinchinim	t	f	2021-10-27 11:17:25.289+00	2021-10-27 11:17:25.289+00	11	{"1" : "Chinchinim", "2" : "", "3" : ""}	1
252	Cortalim	t	f	2021-10-27 11:17:25.289+00	2021-10-27 11:17:25.289+00	11	{"1" : "Cortalim", "2" : "", "3" : ""}	1
253	Goa	t	f	2021-10-27 11:17:25.289+00	2021-10-27 11:17:25.289+00	11	{"1" : "Goa", "2" : "", "3" : ""}	1
254	Jua	t	f	2021-10-27 11:17:25.289+00	2021-10-27 11:17:25.289+00	11	{"1" : "Jua", "2" : "", "3" : ""}	1
255	Madgaon	t	f	2021-10-27 11:17:25.289+00	2021-10-27 11:17:25.289+00	11	{"1" : "Madgaon", "2" : "", "3" : ""}	1
256	Mahem	t	f	2021-10-27 11:17:25.289+00	2021-10-27 11:17:25.289+00	11	{"1" : "Mahem", "2" : "", "3" : ""}	1
257	Mapuca	t	f	2021-10-27 11:17:25.289+00	2021-10-27 11:17:25.289+00	11	{"1" : "Mapuca", "2" : "", "3" : ""}	1
258	Marmagao	t	f	2021-10-27 11:17:25.289+00	2021-10-27 11:17:25.289+00	11	{"1" : "Marmagao", "2" : "", "3" : ""}	1
259	Panji	t	f	2021-10-27 11:17:25.289+00	2021-10-27 11:17:25.289+00	11	{"1" : "Panji", "2" : "", "3" : ""}	1
260	Ponda	t	f	2021-10-27 11:17:25.289+00	2021-10-27 11:17:25.289+00	11	{"1" : "Ponda", "2" : "", "3" : ""}	1
261	Sanvordem	t	f	2021-10-27 11:17:25.289+00	2021-10-27 11:17:25.289+00	11	{"1" : "Sanvordem", "2" : "", "3" : ""}	1
262	Terekhol	t	f	2021-10-27 11:17:25.289+00	2021-10-27 11:17:25.289+00	11	{"1" : "Terekhol", "2" : "", "3" : ""}	1
263	Ahmedabad	t	f	2021-10-27 11:17:25.289+00	2021-10-27 11:17:25.289+00	12	{"1" : "Ahmedabad", "2" : "", "3" : ""}	1
264	Amreli	t	f	2021-10-27 11:17:25.289+00	2021-10-27 11:17:25.289+00	12	{"1" : "Amreli", "2" : "", "3" : ""}	1
265	Anand	t	f	2021-10-27 11:17:25.289+00	2021-10-27 11:17:25.289+00	12	{"1" : "Anand", "2" : "", "3" : ""}	1
266	Banaskantha	t	f	2021-10-27 11:17:25.289+00	2021-10-27 11:17:25.289+00	12	{"1" : "Banaskantha", "2" : "", "3" : ""}	1
267	Baroda	t	f	2021-10-27 11:17:25.289+00	2021-10-27 11:17:25.289+00	12	{"1" : "Baroda", "2" : "", "3" : ""}	1
268	Bharuch	t	f	2021-10-27 11:17:25.289+00	2021-10-27 11:17:25.289+00	12	{"1" : "Bharuch", "2" : "", "3" : ""}	1
269	Bhavnagar	t	f	2021-10-27 11:17:25.289+00	2021-10-27 11:17:25.289+00	12	{"1" : "Bhavnagar", "2" : "", "3" : ""}	1
270	Dahod	t	f	2021-10-27 11:17:25.289+00	2021-10-27 11:17:25.289+00	12	{"1" : "Dahod", "2" : "", "3" : ""}	1
271	Dang	t	f	2021-10-27 11:17:25.289+00	2021-10-27 11:17:25.289+00	12	{"1" : "Dang", "2" : "", "3" : ""}	1
272	Dwarka	t	f	2021-10-27 11:17:25.289+00	2021-10-27 11:17:25.289+00	12	{"1" : "Dwarka", "2" : "", "3" : ""}	1
273	Gandhinagar	t	f	2021-10-27 11:17:25.289+00	2021-10-27 11:17:25.289+00	12	{"1" : "Gandhinagar", "2" : "", "3" : ""}	1
274	Jamnagar	t	f	2021-10-27 11:17:25.289+00	2021-10-27 11:17:25.289+00	12	{"1" : "Jamnagar", "2" : "", "3" : ""}	1
275	Junagadh	t	f	2021-10-27 11:17:25.289+00	2021-10-27 11:17:25.289+00	12	{"1" : "Junagadh", "2" : "", "3" : ""}	1
276	Kheda	t	f	2021-10-27 11:17:25.289+00	2021-10-27 11:17:25.289+00	12	{"1" : "Kheda", "2" : "", "3" : ""}	1
277	Kutch	t	f	2021-10-27 11:17:25.289+00	2021-10-27 11:17:25.289+00	12	{"1" : "Kutch", "2" : "", "3" : "   "}	1
278	Mehsana	t	f	2021-10-27 11:17:25.289+00	2021-10-27 11:17:25.289+00	12	{"1" : "Mehsana", "2" : "", "3" : ""}	1
279	Nadiad	t	f	2021-10-27 11:17:25.289+00	2021-10-27 11:17:25.289+00	12	{"1" : "Nadiad", "2" : "", "3" : ""}	1
280	Narmada	t	f	2021-10-27 11:17:25.289+00	2021-10-27 11:17:25.289+00	12	{"1" : "Narmada", "2" : "", "3" : ""}	1
281	Navsari	t	f	2021-10-27 11:17:25.289+00	2021-10-27 11:17:25.289+00	12	{"1" : "Navsari", "2" : "", "3" : ""}	1
282	Panchmahals	t	f	2021-10-27 11:17:25.289+00	2021-10-27 11:17:25.289+00	12	{"1" : "Panchmahals", "2" : "", "3" : ""}	1
283	Patan	t	f	2021-10-27 11:17:25.289+00	2021-10-27 11:17:25.289+00	12	{"1" : "Patan", "2" : "", "3" : ""}	1
284	Porbandar	t	f	2021-10-27 11:17:25.289+00	2021-10-27 11:17:25.289+00	12	{"1" : "Porbandar", "2" : "", "3" : ""}	1
285	Rajkot	t	f	2021-10-27 11:17:25.289+00	2021-10-27 11:17:25.289+00	12	{"1" : "Rajkot", "2" : "", "3" : ""}	1
286	Sabarkantha	t	f	2021-10-27 11:17:25.289+00	2021-10-27 11:17:25.289+00	12	{"1" : "Sabarkantha", "2" : "", "3" : ""}	1
287	Surat	t	f	2021-10-27 11:17:25.289+00	2021-10-27 11:17:25.289+00	12	{"1" : "Surat", "2" : "", "3" : ""}	1
288	Surendranagar	t	f	2021-10-27 11:17:25.289+00	2021-10-27 11:17:25.289+00	12	{"1" : "Surendranagar", "2" : "", "3" : ""}	1
289	Vadodara	t	f	2021-10-27 11:17:25.289+00	2021-10-27 11:17:25.289+00	12	{"1" : "Vadodara", "2" : "", "3" : ""}	1
290	Valsad	t	f	2021-10-27 11:17:25.289+00	2021-10-27 11:17:25.289+00	12	{"1" : "Valsad", "2" : "", "3" : ""}	1
291	Vapi	t	f	2021-10-27 11:17:25.289+00	2021-10-27 11:17:25.289+00	12	{"1" : "Vapi", "2" : "", "3" : ""}	1
292	Ambala	t	f	2021-10-27 11:17:25.289+00	2021-10-27 11:17:25.289+00	13	{"1" : "Ambala", "2" : "", "3" : ""}	1
294	Faridabad	t	f	2021-10-27 11:17:25.289+00	2021-10-27 11:17:25.289+00	13	{"1" : "Faridabad", "2" : "", "3" : ""}	1
295	Fatehabad	t	f	2021-10-27 11:17:25.289+00	2021-10-27 11:17:25.289+00	13	{"1" : "Fatehabad", "2" : "", "3" : ""}	1
296	Gurgaon	t	f	2021-10-27 11:17:25.289+00	2021-10-27 11:17:25.289+00	13	{"1" : "Gurgaon", "2" : "", "3" : ""}	1
297	Hisar	t	f	2021-10-27 11:17:25.289+00	2021-10-27 11:17:25.289+00	13	{"1" : "Hisar", "2" : "", "3" : ""}	1
298	Jhajjar	t	f	2021-10-27 11:17:25.289+00	2021-10-27 11:17:25.289+00	13	{"1" : "Jhajjar", "2" : "", "3" : ""}	1
299	Jind	t	f	2021-10-27 11:17:25.289+00	2021-10-27 11:17:25.289+00	13	{"1" : "Jind", "2" : "", "3" : ""}	1
300	Kaithal	t	f	2021-10-27 11:17:25.289+00	2021-10-27 11:17:25.289+00	13	{"1" : "Kaithal", "2" : "", "3" : ""}	1
301	Karnal	t	f	2021-10-27 11:17:25.289+00	2021-10-27 11:17:25.289+00	13	{"1" : "Karnal", "2" : "", "3" : ""}	1
302	Kurukshetra	t	f	2021-10-27 11:17:25.289+00	2021-10-27 11:17:25.289+00	13	{"1" : "Kurukshetra", "2" : "", "3" : ""}	1
303	Mahendragarh	t	f	2021-10-27 11:17:25.289+00	2021-10-27 11:17:25.289+00	13	{"1" : "Mahendragarh", "2" : "", "3" : ""}	1
304	Mewat	t	f	2021-10-27 11:17:25.289+00	2021-10-27 11:17:25.289+00	13	{"1" : "Mewat", "2" : "", "3" : "Mewat"}	1
305	Panchkula	t	f	2021-10-27 11:17:25.289+00	2021-10-27 11:17:25.289+00	13	{"1" : "Panchkula", "2" : "", "3" : ""}	1
306	Panipat	t	f	2021-10-27 11:17:25.289+00	2021-10-27 11:17:25.289+00	13	{"1" : "Panipat", "2" : "", "3" : ""}	1
307	Rewari	t	f	2021-10-27 11:17:25.289+00	2021-10-27 11:17:25.289+00	13	{"1" : "Rewari", "2" : "", "3" : ""}	1
308	Rohtak	t	f	2021-10-27 11:17:25.289+00	2021-10-27 11:17:25.289+00	13	{"1" : "Rohtak", "2" : "", "3" : ""}	1
309	Sirsa	t	f	2021-10-27 11:17:25.289+00	2021-10-27 11:17:25.289+00	13	{"1" : "Sirsa", "2" : "", "3" : ""}	1
310	Sonipat	t	f	2021-10-27 11:17:25.289+00	2021-10-27 11:17:25.289+00	13	{"1" : "Sonipat", "2" : "", "3" : ""}	1
311	Yamunanagar	t	f	2021-10-27 11:17:25.289+00	2021-10-27 11:17:25.289+00	13	{"1" : "Yamunanagar", "2" : "", "3" : ""}	1
312	Bilaspur	t	f	2021-10-27 11:17:25.289+00	2021-10-27 11:17:25.289+00	14	{"1" : "Bilaspur", "2" : "", "3" : ""}	1
313	Chamba	t	f	2021-10-27 11:17:25.289+00	2021-10-27 11:17:25.289+00	14	{"1" : "Chamba", "2" : "", "3" : ""}	1
314	Dalhousie	t	f	2021-10-27 11:17:25.289+00	2021-10-27 11:17:25.289+00	14	{"1" : "Dalhousie", "2" : "", "3" : ""}	1
315	Hamirpur	t	f	2021-10-27 11:17:25.289+00	2021-10-27 11:17:25.289+00	14	{"1" : "Hamirpur", "2" : "", "3" : ""}	1
316	Kangra	t	f	2021-10-27 11:17:25.289+00	2021-10-27 11:17:25.289+00	14	{"1" : "Kangra", "2" : "", "3" : ""}	1
317	Kinnaur	t	f	2021-10-27 11:17:25.289+00	2021-10-27 11:17:25.289+00	14	{"1" : "Kinnaur", "2" : "", "3" : ""}	1
318	Kullu	t	f	2021-10-27 11:17:25.289+00	2021-10-27 11:17:25.289+00	14	{"1" : "Kullu", "2" : "", "3" : ""}	1
319	Lahaul & Spiti	t	f	2021-10-27 11:17:25.289+00	2021-10-27 11:17:25.289+00	14	{"1" : "Lahaul & Spiti", "2" : " & ", "3" : " & "}	1
320	Mandi	t	f	2021-10-27 11:17:25.289+00	2021-10-27 11:17:25.289+00	14	{"1" : "Mandi", "2" : "", "3" : ""}	1
321	Shimla	t	f	2021-10-27 11:17:25.289+00	2021-10-27 11:17:25.289+00	14	{"1" : "Shimla", "2" : "", "3" : ""}	1
322	Sirmaur	t	f	2021-10-27 11:17:25.289+00	2021-10-27 11:17:25.289+00	14	{"1" : "Sirmaur", "2" : "", "3" : "Sirmaur"}	1
323	Solan	t	f	2021-10-27 11:17:25.289+00	2021-10-27 11:17:25.289+00	14	{"1" : "Solan", "2" : "", "3" : ""}	1
324	Una	t	f	2021-10-27 11:17:25.289+00	2021-10-27 11:17:25.289+00	14	{"1" : "Una", "2" : "", "3" : ""}	1
325	Anantnag	t	f	2021-10-27 11:17:25.289+00	2021-10-27 11:17:25.289+00	15	{"1" : "Anantnag", "2" : "", "3" : ""}	1
326	Baramulla	t	f	2021-10-27 11:17:25.289+00	2021-10-27 11:17:25.289+00	15	{"1" : "Baramulla", "2" : "", "3" : ""}	1
327	Budgam	t	f	2021-10-27 11:17:25.289+00	2021-10-27 11:17:25.289+00	15	{"1" : "Budgam", "2" : "", "3" : ""}	1
328	Doda	t	f	2021-10-27 11:17:25.289+00	2021-10-27 11:17:25.289+00	15	{"1" : "Doda", "2" : "", "3" : ""}	1
329	Jammu	t	f	2021-10-27 11:17:25.289+00	2021-10-27 11:17:25.289+00	15	{"1" : "Jammu", "2" : "", "3" : ""}	1
330	Kargil	t	f	2021-10-27 11:17:25.289+00	2021-10-27 11:17:25.289+00	15	{"1" : "Kargil", "2" : "", "3" : ""}	1
331	Kathua	t	f	2021-10-27 11:17:25.289+00	2021-10-27 11:17:25.289+00	15	{"1" : "Kathua", "2" : "", "3" : ""}	1
332	Kupwara	t	f	2021-10-27 11:17:25.289+00	2021-10-27 11:17:25.289+00	15	{"1" : "Kupwara", "2" : "", "3" : ""}	1
333	Leh	t	f	2021-10-27 11:17:25.289+00	2021-10-27 11:17:25.289+00	15	{"1" : "Leh", "2" : "", "3" : ""}	1
334	Poonch	t	f	2021-10-27 11:17:25.289+00	2021-10-27 11:17:25.289+00	15	{"1" : "Poonch", "2" : "", "3" : ""}	1
335	Pulwama	t	f	2021-10-27 11:17:25.289+00	2021-10-27 11:17:25.289+00	15	{"1" : "Pulwama", "2" : "", "3" : ""}	1
336	Rajauri	t	f	2021-10-27 11:17:25.289+00	2021-10-27 11:17:25.289+00	15	{"1" : "Rajauri", "2" : "", "3" : ""}	1
337	Srinagar	t	f	2021-10-27 11:17:25.289+00	2021-10-27 11:17:25.289+00	15	{"1" : "Srinagar", "2" : "", "3" : ""}	1
338	Udhampur	t	f	2021-10-27 11:17:25.289+00	2021-10-27 11:17:25.289+00	15	{"1" : "Udhampur", "2" : "", "3" : ""}	1
339	Bokaro	t	f	2021-10-27 11:17:25.289+00	2021-10-27 11:17:25.289+00	16	{"1" : "Bokaro", "2" : "", "3" : ""}	1
340	Chatra	t	f	2021-10-27 11:17:25.289+00	2021-10-27 11:17:25.289+00	16	{"1" : "Chatra", "2" : "", "3" : ""}	1
341	Deoghar	t	f	2021-10-27 11:17:25.289+00	2021-10-27 11:17:25.289+00	16	{"1" : "Deoghar", "2" : "", "3" : " -"}	1
342	Dhanbad	t	f	2021-10-27 11:17:25.289+00	2021-10-27 11:17:25.289+00	16	{"1" : "Dhanbad", "2" : "", "3" : ""}	1
343	Dumka	t	f	2021-10-27 11:17:25.289+00	2021-10-27 11:17:25.289+00	16	{"1" : "Dumka", "2" : "", "3" : ""}	1
391	Raichur	t	f	2021-10-27 11:17:25.289+00	2021-10-27 11:17:25.289+00	17	{"1" : "Raichur", "2" : "", "3" : ""}	1
344	East Singhbhum	t	f	2021-10-27 11:17:25.289+00	2021-10-27 11:17:25.289+00	16	{"1" : "East Singhbhum", "2" : " ", "3" : " "}	1
345	Garhwa	t	f	2021-10-27 11:17:25.289+00	2021-10-27 11:17:25.289+00	16	{"1" : "Garhwa", "2" : "", "3" : ""}	1
346	Giridih	t	f	2021-10-27 11:17:25.289+00	2021-10-27 11:17:25.289+00	16	{"1" : "Giridih", "2" : "", "3" : ""}	1
347	Godda	t	f	2021-10-27 11:17:25.289+00	2021-10-27 11:17:25.289+00	16	{"1" : "Godda", "2" : "", "3" : ""}	1
348	Gumla	t	f	2021-10-27 11:17:25.289+00	2021-10-27 11:17:25.289+00	16	{"1" : "Gumla", "2" : "", "3" : ""}	1
349	Hazaribag	t	f	2021-10-27 11:17:25.289+00	2021-10-27 11:17:25.289+00	16	{"1" : "Hazaribag", "2" : "", "3" : ""}	1
350	Jamtara	t	f	2021-10-27 11:17:25.289+00	2021-10-27 11:17:25.289+00	16	{"1" : "Jamtara", "2" : "", "3" : ""}	1
351	Koderma	t	f	2021-10-27 11:17:25.289+00	2021-10-27 11:17:25.289+00	16	{"1" : "Koderma", "2" : "", "3" : ""}	1
352	Latehar	t	f	2021-10-27 11:17:25.289+00	2021-10-27 11:17:25.289+00	16	{"1" : "Latehar", "2" : "", "3" : ""}	1
353	Lohardaga	t	f	2021-10-27 11:17:25.289+00	2021-10-27 11:17:25.289+00	16	{"1" : "Lohardaga", "2" : "", "3" : ""}	1
354	Pakur	t	f	2021-10-27 11:17:25.289+00	2021-10-27 11:17:25.289+00	16	{"1" : "Pakur", "2" : "", "3" : ""}	1
355	Palamu	t	f	2021-10-27 11:17:25.289+00	2021-10-27 11:17:25.289+00	16	{"1" : "Palamu", "2" : "", "3" : ""}	1
356	Ranchi	t	f	2021-10-27 11:17:25.289+00	2021-10-27 11:17:25.289+00	16	{"1" : "Ranchi", "2" : "", "3" : ""}	1
357	Sahibganj	t	f	2021-10-27 11:17:25.289+00	2021-10-27 11:17:25.289+00	16	{"1" : "Sahibganj", "2" : "", "3" : ""}	1
358	Seraikela	t	f	2021-10-27 11:17:25.289+00	2021-10-27 11:17:25.289+00	16	{"1" : "Seraikela", "2" : "", "3" : ""}	1
359	Simdega	t	f	2021-10-27 11:17:25.289+00	2021-10-27 11:17:25.289+00	16	{"1" : "Simdega", "2" : "", "3" : ""}	1
360	West Singhbhum	t	f	2021-10-27 11:17:25.289+00	2021-10-27 11:17:25.289+00	16	{"1" : "West Singhbhum", "2" : " ", "3" : " "}	1
361	Bagalkot	t	f	2021-10-27 11:17:25.289+00	2021-10-27 11:17:25.289+00	17	{"1" : "Bagalkot", "2" : "", "3" : ""}	1
362	Bangalore	t	f	2021-10-27 11:17:25.289+00	2021-10-27 11:17:25.289+00	17	{"1" : "Bangalore", "2" : "", "3" : ""}	1
363	Bangalore Rural	t	f	2021-10-27 11:17:25.289+00	2021-10-27 11:17:25.289+00	17	{"1" : "Bangalore Rural", "2" : " ", "3" : " "}	1
364	Belgaum	t	f	2021-10-27 11:17:25.289+00	2021-10-27 11:17:25.289+00	17	{"1" : "Belgaum", "2" : "", "3" : ""}	1
365	Bellary	t	f	2021-10-27 11:17:25.289+00	2021-10-27 11:17:25.289+00	17	{"1" : "Bellary", "2" : "", "3" : ""}	1
366	Bhatkal	t	f	2021-10-27 11:17:25.289+00	2021-10-27 11:17:25.289+00	17	{"1" : "Bhatkal", "2" : "", "3" : "   "}	1
367	Bidar	t	f	2021-10-27 11:17:25.289+00	2021-10-27 11:17:25.289+00	17	{"1" : "Bidar", "2" : "", "3" : ""}	1
368	Bijapur	t	f	2021-10-27 11:17:25.289+00	2021-10-27 11:17:25.289+00	17	{"1" : "Bijapur", "2" : "", "3" : ""}	1
369	Chamrajnagar	t	f	2021-10-27 11:17:25.289+00	2021-10-27 11:17:25.289+00	17	{"1" : "Chamrajnagar", "2" : "", "3" : ""}	1
370	Chickmagalur	t	f	2021-10-27 11:17:25.289+00	2021-10-27 11:17:25.289+00	17	{"1" : "Chickmagalur", "2" : "", "3" : ""}	1
371	Chikballapur	t	f	2021-10-27 11:17:25.289+00	2021-10-27 11:17:25.289+00	17	{"1" : "Chikballapur", "2" : "", "3" : ""}	1
372	Chitradurga	t	f	2021-10-27 11:17:25.289+00	2021-10-27 11:17:25.289+00	17	{"1" : "Chitradurga", "2" : "", "3" : ""}	1
373	Dakshina Kannada	t	f	2021-10-27 11:17:25.289+00	2021-10-27 11:17:25.289+00	17	{"1" : "Dakshina Kannada", "2" : " ", "3" : " "}	1
374	Davanagere	t	f	2021-10-27 11:17:25.289+00	2021-10-27 11:17:25.289+00	17	{"1" : "Davanagere", "2" : "", "3" : "Davanagere"}	1
375	Dharwad	t	f	2021-10-27 11:17:25.289+00	2021-10-27 11:17:25.289+00	17	{"1" : "Dharwad", "2" : "", "3" : ""}	1
376	Gadag	t	f	2021-10-27 11:17:25.289+00	2021-10-27 11:17:25.289+00	17	{"1" : "Gadag", "2" : "", "3" : ""}	1
377	Gulbarga	t	f	2021-10-27 11:17:25.289+00	2021-10-27 11:17:25.289+00	17	{"1" : "Gulbarga", "2" : "", "3" : ""}	1
378	Hampi	t	f	2021-10-27 11:17:25.289+00	2021-10-27 11:17:25.289+00	17	{"1" : "Hampi", "2" : "", "3" : ""}	1
379	Hassan	t	f	2021-10-27 11:17:25.289+00	2021-10-27 11:17:25.289+00	17	{"1" : "Hassan", "2" : "", "3" : ""}	1
380	Haveri	t	f	2021-10-27 11:17:25.289+00	2021-10-27 11:17:25.289+00	17	{"1" : "Haveri", "2" : "", "3" : ""}	1
381	Hospet	t	f	2021-10-27 11:17:25.289+00	2021-10-27 11:17:25.289+00	17	{"1" : "Hospet", "2" : "", "3" : ""}	1
382	Karwar	t	f	2021-10-27 11:17:25.289+00	2021-10-27 11:17:25.289+00	17	{"1" : "Karwar", "2" : "", "3" : ""}	1
383	Kodagu	t	f	2021-10-27 11:17:25.289+00	2021-10-27 11:17:25.289+00	17	{"1" : "Kodagu", "2" : "", "3" : ""}	1
384	Kolar	t	f	2021-10-27 11:17:25.289+00	2021-10-27 11:17:25.289+00	17	{"1" : "Kolar", "2" : "", "3" : ""}	1
385	Koppal	t	f	2021-10-27 11:17:25.289+00	2021-10-27 11:17:25.289+00	17	{"1" : "Koppal", "2" : "", "3" : ""}	1
386	Madikeri	t	f	2021-10-27 11:17:25.289+00	2021-10-27 11:17:25.289+00	17	{"1" : "Madikeri", "2" : "", "3" : ""}	1
387	Mandya	t	f	2021-10-27 11:17:25.289+00	2021-10-27 11:17:25.289+00	17	{"1" : "Mandya", "2" : "", "3" : ""}	1
388	Mangalore	t	f	2021-10-27 11:17:25.289+00	2021-10-27 11:17:25.289+00	17	{"1" : "Mangalore", "2" : "", "3" : ""}	1
389	Manipal	t	f	2021-10-27 11:17:25.289+00	2021-10-27 11:17:25.289+00	17	{"1" : "Manipal", "2" : "", "3" : ""}	1
390	Mysore	t	f	2021-10-27 11:17:25.289+00	2021-10-27 11:17:25.289+00	17	{"1" : "Mysore", "2" : "", "3" : ""}	1
392	Shimoga	t	f	2021-10-27 11:17:25.289+00	2021-10-27 11:17:25.289+00	17	{"1" : "Shimoga", "2" : "", "3" : ""}	1
393	Sirsi	t	f	2021-10-27 11:17:25.289+00	2021-10-27 11:17:25.289+00	17	{"1" : "Sirsi", "2" : " ", "3" : "Srysy"}	1
394	Sringeri	t	f	2021-10-27 11:17:25.289+00	2021-10-27 11:17:25.289+00	17	{"1" : "Sringeri", "2" : "", "3" : ""}	1
449	Harda	t	f	2021-10-27 11:17:25.289+00	2021-10-27 11:17:25.289+00	20	{"1" : "Harda", "2" : "", "3" : ""}	1
395	Srirangapatna	t	f	2021-10-27 11:17:25.289+00	2021-10-27 11:17:25.289+00	17	{"1" : "Srirangapatna", "2" : "", "3" : ""}	1
396	Tumkur	t	f	2021-10-27 11:17:25.289+00	2021-10-27 11:17:25.289+00	17	{"1" : "Tumkur", "2" : "", "3" : ""}	1
397	Udupi	t	f	2021-10-27 11:17:25.289+00	2021-10-27 11:17:25.289+00	17	{"1" : "Udupi", "2" : "", "3" : "Udupi"}	1
398	Uttara Kannada	t	f	2021-10-27 11:17:25.289+00	2021-10-27 11:17:25.289+00	17	{"1" : "Uttara Kannada", "2" : " ", "3" : " "}	1
399	Alappuzha	t	f	2021-10-27 11:17:25.289+00	2021-10-27 11:17:25.289+00	18	{"1" : "Alappuzha", "2" : "", "3" : ""}	1
402	Ernakulam	t	f	2021-10-27 11:17:25.289+00	2021-10-27 11:17:25.289+00	18	{"1" : "Ernakulam", "2" : "", "3" : ""}	1
403	Idukki	t	f	2021-10-27 11:17:25.289+00	2021-10-27 11:17:25.289+00	18	{"1" : "Idukki", "2" : "", "3" : ""}	1
404	Kannur	t	f	2021-10-27 11:17:25.289+00	2021-10-27 11:17:25.289+00	18	{"1" : "Kannur", "2" : "", "3" : ""}	1
405	Kasargod	t	f	2021-10-27 11:17:25.289+00	2021-10-27 11:17:25.289+00	18	{"1" : "Kasargod", "2" : "", "3" : ""}	1
407	Kollam	t	f	2021-10-27 11:17:25.289+00	2021-10-27 11:17:25.289+00	18	{"1" : "Kollam", "2" : "", "3" : ""}	1
408	Kottayam	t	f	2021-10-27 11:17:25.289+00	2021-10-27 11:17:25.289+00	18	{"1" : "Kottayam", "2" : "", "3" : ""}	1
410	Kozhikode	t	f	2021-10-27 11:17:25.289+00	2021-10-27 11:17:25.289+00	18	{"1" : "Kozhikode", "2" : "", "3" : ""}	1
411	Malappuram	t	f	2021-10-27 11:17:25.289+00	2021-10-27 11:17:25.289+00	18	{"1" : "Malappuram", "2" : "", "3" : ""}	1
412	Palakkad	t	f	2021-10-27 11:17:25.289+00	2021-10-27 11:17:25.289+00	18	{"1" : "Palakkad", "2" : "", "3" : ""}	1
413	Pathanamthitta	t	f	2021-10-27 11:17:25.289+00	2021-10-27 11:17:25.289+00	18	{"1" : "Pathanamthitta", "2" : "", "3" : ""}	1
415	Thiruvananthapuram	t	f	2021-10-27 11:17:25.289+00	2021-10-27 11:17:25.289+00	18	{"1" : "Thiruvananthapuram", "2" : "", "3" : ""}	1
416	Thrissur	t	f	2021-10-27 11:17:25.289+00	2021-10-27 11:17:25.289+00	18	{"1" : "Thrissur", "2" : "", "3" : ""}	1
419	Wayanad	t	f	2021-10-27 11:17:25.289+00	2021-10-27 11:17:25.289+00	18	{"1" : "Wayanad", "2" : "", "3" : ""}	1
420	Agatti Island	t	f	2021-10-27 11:17:25.289+00	2021-10-27 11:17:25.289+00	19	{"1" : "Agatti Island", "2" : " ", "3" : " "}	1
421	Bingaram Island	t	f	2021-10-27 11:17:25.289+00	2021-10-27 11:17:25.289+00	19	{"1" : "Bingaram Island", "2" : " ", "3" : " "}	1
422	Bitra Island	t	f	2021-10-27 11:17:25.289+00	2021-10-27 11:17:25.289+00	19	{"1" : "Bitra Island", "2" : " ", "3" : " "}	1
423	Chetlat Island	t	f	2021-10-27 11:17:25.289+00	2021-10-27 11:17:25.289+00	19	{"1" : "Chetlat Island", "2" : " ", "3" : " "}	1
424	Kadmat Island	t	f	2021-10-27 11:17:25.289+00	2021-10-27 11:17:25.289+00	19	{"1" : "Kadmat Island", "2" : " ", "3" : " "}	1
425	Kalpeni Island	t	f	2021-10-27 11:17:25.289+00	2021-10-27 11:17:25.289+00	19	{"1" : "Kalpeni Island", "2" : " ", "3" : " "}	1
426	Kavaratti Island	t	f	2021-10-27 11:17:25.289+00	2021-10-27 11:17:25.289+00	19	{"1" : "Kavaratti Island", "2" : " ", "3" : " "}	1
427	Kiltan Island	t	f	2021-10-27 11:17:25.289+00	2021-10-27 11:17:25.289+00	19	{"1" : "Kiltan Island", "2" : " ", "3" : " "}	1
428	Lakshadweep Sea	t	f	2021-10-27 11:17:25.289+00	2021-10-27 11:17:25.289+00	19	{"1" : "Lakshadweep Sea", "2" : " ", "3" : ""}	1
429	Minicoy Island	t	f	2021-10-27 11:17:25.289+00	2021-10-27 11:17:25.289+00	19	{"1" : "Minicoy Island", "2" : " ", "3" : " "}	1
430	North Island	t	f	2021-10-27 11:17:25.289+00	2021-10-27 11:17:25.289+00	19	{"1" : "North Island", "2" : " ", "3" : " "}	1
431	South Island	t	f	2021-10-27 11:17:25.289+00	2021-10-27 11:17:25.289+00	19	{"1" : "South Island", "2" : " ", "3" : " "}	1
432	Anuppur	t	f	2021-10-27 11:17:25.289+00	2021-10-27 11:17:25.289+00	20	{"1" : "Anuppur", "2" : "", "3" : ""}	1
433	Ashoknagar	t	f	2021-10-27 11:17:25.289+00	2021-10-27 11:17:25.289+00	20	{"1" : "Ashoknagar", "2" : "", "3" : ""}	1
434	Balaghat	t	f	2021-10-27 11:17:25.289+00	2021-10-27 11:17:25.289+00	20	{"1" : "Balaghat", "2" : "", "3" : ""}	1
435	Barwani	t	f	2021-10-27 11:17:25.289+00	2021-10-27 11:17:25.289+00	20	{"1" : "Barwani", "2" : "", "3" : ""}	1
436	Betul	t	f	2021-10-27 11:17:25.289+00	2021-10-27 11:17:25.289+00	20	{"1" : "Betul", "2" : "", "3" : ""}	1
437	Bhind	t	f	2021-10-27 11:17:25.289+00	2021-10-27 11:17:25.289+00	20	{"1" : "Bhind", "2" : "", "3" : ""}	1
438	Bhopal	t	f	2021-10-27 11:17:25.289+00	2021-10-27 11:17:25.289+00	20	{"1" : "Bhopal", "2" : "", "3" : ""}	1
439	Burhanpur	t	f	2021-10-27 11:17:25.289+00	2021-10-27 11:17:25.289+00	20	{"1" : "Burhanpur", "2" : "", "3" : ""}	1
440	Chhatarpur	t	f	2021-10-27 11:17:25.289+00	2021-10-27 11:17:25.289+00	20	{"1" : "Chhatarpur", "2" : "", "3" : ""}	1
441	Chhindwara	t	f	2021-10-27 11:17:25.289+00	2021-10-27 11:17:25.289+00	20	{"1" : "Chhindwara", "2" : "", "3" : ""}	1
442	Damoh	t	f	2021-10-27 11:17:25.289+00	2021-10-27 11:17:25.289+00	20	{"1" : "Damoh", "2" : "", "3" : ""}	1
443	Datia	t	f	2021-10-27 11:17:25.289+00	2021-10-27 11:17:25.289+00	20	{"1" : "Datia", "2" : "", "3" : ""}	1
444	Dewas	t	f	2021-10-27 11:17:25.289+00	2021-10-27 11:17:25.289+00	20	{"1" : "Dewas", "2" : "", "3" : ""}	1
445	Dhar	t	f	2021-10-27 11:17:25.289+00	2021-10-27 11:17:25.289+00	20	{"1" : "Dhar", "2" : "", "3" : ""}	1
446	Dindori	t	f	2021-10-27 11:17:25.289+00	2021-10-27 11:17:25.289+00	20	{"1" : "Dindori", "2" : "", "3" : ""}	1
447	Guna	t	f	2021-10-27 11:17:25.289+00	2021-10-27 11:17:25.289+00	20	{"1" : "Guna", "2" : "", "3" : ""}	1
448	Gwalior	t	f	2021-10-27 11:17:25.289+00	2021-10-27 11:17:25.289+00	20	{"1" : "Gwalior", "2" : "", "3" : ""}	1
701	Erode	t	f	2021-10-27 11:17:25.289+00	2021-10-27 11:17:25.289+00	31	{"1" : "Erode", "2" : "", "3" : ""}	1
450	Hoshangabad	t	f	2021-10-27 11:17:25.289+00	2021-10-27 11:17:25.289+00	20	{"1" : "Hoshangabad", "2" : "", "3" : ""}	1
451	Indore	t	f	2021-10-27 11:17:25.289+00	2021-10-27 11:17:25.289+00	20	{"1" : "Indore", "2" : "", "3" : ""}	1
452	Jabalpur	t	f	2021-10-27 11:17:25.289+00	2021-10-27 11:17:25.289+00	20	{"1" : "Jabalpur", "2" : "", "3" : ""}	1
453	Jagdalpur	t	f	2021-10-27 11:17:25.289+00	2021-10-27 11:17:25.289+00	20	{"1" : "Jagdalpur", "2" : "", "3" : ""}	1
454	Jhabua	t	f	2021-10-27 11:17:25.289+00	2021-10-27 11:17:25.289+00	20	{"1" : "Jhabua", "2" : "", "3" : ""}	1
455	Katni	t	f	2021-10-27 11:17:25.289+00	2021-10-27 11:17:25.289+00	20	{"1" : "Katni", "2" : "", "3" : ""}	1
456	Khandwa	t	f	2021-10-27 11:17:25.289+00	2021-10-27 11:17:25.289+00	20	{"1" : "Khandwa", "2" : "", "3" : ""}	1
457	Khargone	t	f	2021-10-27 11:17:25.289+00	2021-10-27 11:17:25.289+00	20	{"1" : "Khargone", "2" : "", "3" : ""}	1
458	Mandla	t	f	2021-10-27 11:17:25.289+00	2021-10-27 11:17:25.289+00	20	{"1" : "Mandla", "2" : "", "3" : ""}	1
459	Mandsaur	t	f	2021-10-27 11:17:25.289+00	2021-10-27 11:17:25.289+00	20	{"1" : "Mandsaur", "2" : "", "3" : ""}	1
460	Morena	t	f	2021-10-27 11:17:25.289+00	2021-10-27 11:17:25.289+00	20	{"1" : "Morena", "2" : "", "3" : ""}	1
461	Narsinghpur	t	f	2021-10-27 11:17:25.289+00	2021-10-27 11:17:25.289+00	20	{"1" : "Narsinghpur", "2" : "", "3" : ""}	1
462	Neemuch	t	f	2021-10-27 11:17:25.289+00	2021-10-27 11:17:25.289+00	20	{"1" : "Neemuch", "2" : "", "3" : ""}	1
463	Panna	t	f	2021-10-27 11:17:25.289+00	2021-10-27 11:17:25.289+00	20	{"1" : "Panna", "2" : "", "3" : ""}	1
464	Raisen	t	f	2021-10-27 11:17:25.289+00	2021-10-27 11:17:25.289+00	20	{"1" : "Raisen", "2" : "", "3" : ""}	1
465	Rajgarh	t	f	2021-10-27 11:17:25.289+00	2021-10-27 11:17:25.289+00	20	{"1" : "Rajgarh", "2" : "", "3" : ""}	1
466	Ratlam	t	f	2021-10-27 11:17:25.289+00	2021-10-27 11:17:25.289+00	20	{"1" : "Ratlam", "2" : "", "3" : ""}	1
467	Rewa	t	f	2021-10-27 11:17:25.289+00	2021-10-27 11:17:25.289+00	20	{"1" : "Rewa", "2" : "", "3" : ""}	1
468	Sagar	t	f	2021-10-27 11:17:25.289+00	2021-10-27 11:17:25.289+00	20	{"1" : "Sagar", "2" : "", "3" : ""}	1
469	Satna	t	f	2021-10-27 11:17:25.289+00	2021-10-27 11:17:25.289+00	20	{"1" : "Satna", "2" : "", "3" : ""}	1
470	Sehore	t	f	2021-10-27 11:17:25.289+00	2021-10-27 11:17:25.289+00	20	{"1" : "Sehore", "2" : "", "3" : ""}	1
471	Seoni	t	f	2021-10-27 11:17:25.289+00	2021-10-27 11:17:25.289+00	20	{"1" : "Seoni", "2" : "", "3" : ""}	1
472	Shahdol	t	f	2021-10-27 11:17:25.289+00	2021-10-27 11:17:25.289+00	20	{"1" : "Shahdol", "2" : "", "3" : ""}	1
473	Shajapur	t	f	2021-10-27 11:17:25.289+00	2021-10-27 11:17:25.289+00	20	{"1" : "Shajapur", "2" : "", "3" : ""}	1
474	Sheopur	t	f	2021-10-27 11:17:25.289+00	2021-10-27 11:17:25.289+00	20	{"1" : "Sheopur", "2" : "", "3" : ""}	1
475	Shivpuri	t	f	2021-10-27 11:17:25.289+00	2021-10-27 11:17:25.289+00	20	{"1" : "Shivpuri", "2" : "", "3" : ""}	1
476	Sidhi	t	f	2021-10-27 11:17:25.289+00	2021-10-27 11:17:25.289+00	20	{"1" : "Sidhi", "2" : "", "3" : ""}	1
477	Tikamgarh	t	f	2021-10-27 11:17:25.289+00	2021-10-27 11:17:25.289+00	20	{"1" : "Tikamgarh", "2" : "", "3" : ""}	1
478	Ujjain	t	f	2021-10-27 11:17:25.289+00	2021-10-27 11:17:25.289+00	20	{"1" : "Ujjain", "2" : "", "3" : ""}	1
479	Umaria	t	f	2021-10-27 11:17:25.289+00	2021-10-27 11:17:25.289+00	20	{"1" : "Umaria", "2" : "", "3" : ""}	1
480	Vidisha	t	f	2021-10-27 11:17:25.289+00	2021-10-27 11:17:25.289+00	20	{"1" : "Vidisha", "2" : "", "3" : ""}	1
481	Ahmednagar	t	f	2021-10-27 11:17:25.289+00	2021-10-27 11:17:25.289+00	21	{"1" : "Ahmednagar", "2" : "", "3" : ""}	1
482	Akola	t	f	2021-10-27 11:17:25.289+00	2021-10-27 11:17:25.289+00	21	{"1" : "Akola", "2" : "", "3" : ""}	1
483	Amravati	t	f	2021-10-27 11:17:25.289+00	2021-10-27 11:17:25.289+00	21	{"1" : "Amravati", "2" : "", "3" : ""}	1
484	Aurangabad	t	f	2021-10-27 11:17:25.289+00	2021-10-27 11:17:25.289+00	21	{"1" : "Aurangabad", "2" : "", "3" : ""}	1
485	Beed	t	f	2021-10-27 11:17:25.289+00	2021-10-27 11:17:25.289+00	21	{"1" : "Beed", "2" : "", "3" : ""}	1
486	Bhandara	t	f	2021-10-27 11:17:25.289+00	2021-10-27 11:17:25.289+00	21	{"1" : "Bhandara", "2" : "", "3" : ""}	1
487	Buldhana	t	f	2021-10-27 11:17:25.289+00	2021-10-27 11:17:25.289+00	21	{"1" : "Buldhana", "2" : "", "3" : ""}	1
488	Chandrapur	t	f	2021-10-27 11:17:25.289+00	2021-10-27 11:17:25.289+00	21	{"1" : "Chandrapur", "2" : "", "3" : ""}	1
489	Dhule	t	f	2021-10-27 11:17:25.289+00	2021-10-27 11:17:25.289+00	21	{"1" : "Dhule", "2" : "", "3" : "Dhule"}	1
490	Gadchiroli	t	f	2021-10-27 11:17:25.289+00	2021-10-27 11:17:25.289+00	21	{"1" : "Gadchiroli", "2" : "", "3" : ""}	1
491	Gondia	t	f	2021-10-27 11:17:25.289+00	2021-10-27 11:17:25.289+00	21	{"1" : "Gondia", "2" : "", "3" : ""}	1
492	Hingoli	t	f	2021-10-27 11:17:25.289+00	2021-10-27 11:17:25.289+00	21	{"1" : "Hingoli", "2" : "", "3" : ""}	1
493	Jalgaon	t	f	2021-10-27 11:17:25.289+00	2021-10-27 11:17:25.289+00	21	{"1" : "Jalgaon", "2" : "", "3" : ""}	1
494	Jalna	t	f	2021-10-27 11:17:25.289+00	2021-10-27 11:17:25.289+00	21	{"1" : "Jalna", "2" : "", "3" : ""}	1
495	Kolhapur	t	f	2021-10-27 11:17:25.289+00	2021-10-27 11:17:25.289+00	21	{"1" : "Kolhapur", "2" : "", "3" : ""}	1
496	Latur	t	f	2021-10-27 11:17:25.289+00	2021-10-27 11:17:25.289+00	21	{"1" : "Latur", "2" : "", "3" : ""}	1
497	Mahabaleshwar	t	f	2021-10-27 11:17:25.289+00	2021-10-27 11:17:25.289+00	21	{"1" : "Mahabaleshwar", "2" : "", "3" : ""}	1
498	Mumbai	t	f	2021-10-27 11:17:25.289+00	2021-10-27 11:17:25.289+00	21	{"1" : "Mumbai", "2" : "", "3" : ""}	1
499	Mumbai City	t	f	2021-10-27 11:17:25.289+00	2021-10-27 11:17:25.289+00	21	{"1" : "Mumbai City", "2" : " ", "3" : " "}	1
500	Mumbai Suburban	t	f	2021-10-27 11:17:25.289+00	2021-10-27 11:17:25.289+00	21	{"1" : "Mumbai Suburban", "2" : " ", "3" : " "}	1
501	Nagpur	t	f	2021-10-27 11:17:25.289+00	2021-10-27 11:17:25.289+00	21	{"1" : "Nagpur", "2" : "", "3" : ""}	1
502	Nanded	t	f	2021-10-27 11:17:25.289+00	2021-10-27 11:17:25.289+00	21	{"1" : "Nanded", "2" : "", "3" : "Nanded"}	1
503	Nandurbar	t	f	2021-10-27 11:17:25.289+00	2021-10-27 11:17:25.289+00	21	{"1" : "Nandurbar", "2" : "", "3" : ""}	1
504	Nashik	t	f	2021-10-27 11:17:25.289+00	2021-10-27 11:17:25.289+00	21	{"1" : "Nashik", "2" : "", "3" : ""}	1
505	Osmanabad	t	f	2021-10-27 11:17:25.289+00	2021-10-27 11:17:25.289+00	21	{"1" : "Osmanabad", "2" : "", "3" : ""}	1
506	Parbhani	t	f	2021-10-27 11:17:25.289+00	2021-10-27 11:17:25.289+00	21	{"1" : "Parbhani", "2" : "", "3" : ""}	1
507	Pune	t	f	2021-10-27 11:17:25.289+00	2021-10-27 11:17:25.289+00	21	{"1" : "Pune", "2" : "", "3" : ""}	1
508	Raigad	t	f	2021-10-27 11:17:25.289+00	2021-10-27 11:17:25.289+00	21	{"1" : "Raigad", "2" : "", "3" : ""}	1
509	Ratnagiri	t	f	2021-10-27 11:17:25.289+00	2021-10-27 11:17:25.289+00	21	{"1" : "Ratnagiri", "2" : "", "3" : ""}	1
510	Sangli	t	f	2021-10-27 11:17:25.289+00	2021-10-27 11:17:25.289+00	21	{"1" : "Sangli", "2" : "", "3" : ""}	1
511	Satara	t	f	2021-10-27 11:17:25.289+00	2021-10-27 11:17:25.289+00	21	{"1" : "Satara", "2" : "", "3" : ""}	1
512	Sholapur	t	f	2021-10-27 11:17:25.289+00	2021-10-27 11:17:25.289+00	21	{"1" : "Sholapur", "2" : "", "3" : ""}	1
513	Sindhudurg	t	f	2021-10-27 11:17:25.289+00	2021-10-27 11:17:25.289+00	21	{"1" : "Sindhudurg", "2" : "", "3" : ""}	1
514	Thane	t	f	2021-10-27 11:17:25.289+00	2021-10-27 11:17:25.289+00	21	{"1" : "Thane", "2" : "", "3" : ""}	1
515	Wardha	t	f	2021-10-27 11:17:25.289+00	2021-10-27 11:17:25.289+00	21	{"1" : "Wardha", "2" : "", "3" : ""}	1
516	Washim	t	f	2021-10-27 11:17:25.289+00	2021-10-27 11:17:25.289+00	21	{"1" : "Washim", "2" : "", "3" : ""}	1
517	Yavatmal	t	f	2021-10-27 11:17:25.289+00	2021-10-27 11:17:25.289+00	21	{"1" : "Yavatmal", "2" : "", "3" : ""}	1
518	Bishnupur	t	f	2021-10-27 11:17:25.289+00	2021-10-27 11:17:25.289+00	22	{"1" : "Bishnupur", "2" : "", "3" : ""}	1
519	Chandel	t	f	2021-10-27 11:17:25.289+00	2021-10-27 11:17:25.289+00	22	{"1" : "Chandel", "2" : "", "3" : ""}	1
520	Churachandpur	t	f	2021-10-27 11:17:25.289+00	2021-10-27 11:17:25.289+00	22	{"1" : "Churachandpur", "2" : "", "3" : ""}	1
521	Imphal East	t	f	2021-10-27 11:17:25.289+00	2021-10-27 11:17:25.289+00	22	{"1" : "Imphal East", "2" : " ", "3" : ""}	1
522	Imphal West	t	f	2021-10-27 11:17:25.289+00	2021-10-27 11:17:25.289+00	22	{"1" : "Imphal West", "2" : " ", "3" : " "}	1
523	Senapati	t	f	2021-10-27 11:17:25.289+00	2021-10-27 11:17:25.289+00	22	{"1" : "Senapati", "2" : "", "3" : ""}	1
524	Tamenglong	t	f	2021-10-27 11:17:25.289+00	2021-10-27 11:17:25.289+00	22	{"1" : "Tamenglong", "2" : "", "3" : ""}	1
525	Thoubal	t	f	2021-10-27 11:17:25.289+00	2021-10-27 11:17:25.289+00	22	{"1" : "Thoubal", "2" : "", "3" : ""}	1
526	Ukhrul	t	f	2021-10-27 11:17:25.289+00	2021-10-27 11:17:25.289+00	22	{"1" : "Ukhrul", "2" : "", "3" : ""}	1
527	East Garo Hills	t	f	2021-10-27 11:17:25.289+00	2021-10-27 11:17:25.289+00	23	{"1" : "East Garo Hills", "2" : "  ", "3" : "  "}	1
528	East Khasi Hills	t	f	2021-10-27 11:17:25.289+00	2021-10-27 11:17:25.289+00	23	{"1" : "East Khasi Hills", "2" : "  ", "3" : "  "}	1
529	Jaintia Hills	t	f	2021-10-27 11:17:25.289+00	2021-10-27 11:17:25.289+00	23	{"1" : "Jaintia Hills", "2" : " ", "3" : " "}	1
530	Ri Bhoi	t	f	2021-10-27 11:17:25.289+00	2021-10-27 11:17:25.289+00	23	{"1" : "Ri Bhoi", "2" : " ", "3" : " "}	1
531	Shillong	t	f	2021-10-27 11:17:25.289+00	2021-10-27 11:17:25.289+00	23	{"1" : "Shillong", "2" : "", "3" : " "}	1
532	South Garo Hills	t	f	2021-10-27 11:17:25.289+00	2021-10-27 11:17:25.289+00	23	{"1" : "South Garo Hills", "2" : "  ", "3" : "  "}	1
533	West Garo Hills	t	f	2021-10-27 11:17:25.289+00	2021-10-27 11:17:25.289+00	23	{"1" : "West Garo Hills", "2" : "  ", "3" : "  "}	1
534	West Khasi Hills	t	f	2021-10-27 11:17:25.289+00	2021-10-27 11:17:25.289+00	23	{"1" : "West Khasi Hills", "2" : "  ", "3" : "  "}	1
535	Aizawl	t	f	2021-10-27 11:17:25.289+00	2021-10-27 11:17:25.289+00	24	{"1" : "Aizawl", "2" : "", "3" : "Aizawl"}	1
536	Champhai	t	f	2021-10-27 11:17:25.289+00	2021-10-27 11:17:25.289+00	24	{"1" : "Champhai", "2" : "", "3" : "  "}	1
537	Kolasib	t	f	2021-10-27 11:17:25.289+00	2021-10-27 11:17:25.289+00	24	{"1" : "Kolasib", "2" : "", "3" : ""}	1
538	Lawngtlai	t	f	2021-10-27 11:17:25.289+00	2021-10-27 11:17:25.289+00	24	{"1" : "Lawngtlai", "2" : "", "3" : ""}	1
539	Lunglei	t	f	2021-10-27 11:17:25.289+00	2021-10-27 11:17:25.289+00	24	{"1" : "Lunglei", "2" : "", "3" : ""}	1
540	Mamit	t	f	2021-10-27 11:17:25.289+00	2021-10-27 11:17:25.289+00	24	{"1" : "Mamit", "2" : "", "3" : " "}	1
541	Saiha	t	f	2021-10-27 11:17:25.289+00	2021-10-27 11:17:25.289+00	24	{"1" : "Saiha", "2" : "", "3" : " "}	1
542	Serchhip	t	f	2021-10-27 11:17:25.289+00	2021-10-27 11:17:25.289+00	24	{"1" : "Serchhip", "2" : "", "3" : "Serchipp"}	1
543	Dimapur	t	f	2021-10-27 11:17:25.289+00	2021-10-27 11:17:25.289+00	25	{"1" : "Dimapur", "2" : "", "3" : ""}	1
544	Kohima	t	f	2021-10-27 11:17:25.289+00	2021-10-27 11:17:25.289+00	25	{"1" : "Kohima", "2" : "", "3" : ""}	1
545	Mokokchung	t	f	2021-10-27 11:17:25.289+00	2021-10-27 11:17:25.289+00	25	{"1" : "Mokokchung", "2" : "", "3" : ""}	1
546	Mon	t	f	2021-10-27 11:17:25.289+00	2021-10-27 11:17:25.289+00	25	{"1" : "Mon", "2" : "", "3" : ""}	1
547	Phek	t	f	2021-10-27 11:17:25.289+00	2021-10-27 11:17:25.289+00	25	{"1" : "Phek", "2" : "", "3" : ""}	1
548	Tuensang	t	f	2021-10-27 11:17:25.289+00	2021-10-27 11:17:25.289+00	25	{"1" : "Tuensang", "2" : "", "3" : ""}	1
549	Wokha	t	f	2021-10-27 11:17:25.289+00	2021-10-27 11:17:25.289+00	25	{"1" : "Wokha", "2" : "", "3" : ""}	1
550	Zunheboto	t	f	2021-10-27 11:17:25.289+00	2021-10-27 11:17:25.289+00	25	{"1" : "Zunheboto", "2" : "", "3" : ""}	1
551	Angul	t	f	2021-10-27 11:17:25.289+00	2021-10-27 11:17:25.289+00	26	{"1" : "Angul", "2" : "", "3" : ""}	1
552	Balangir	t	f	2021-10-27 11:17:25.289+00	2021-10-27 11:17:25.289+00	26	{"1" : "Balangir", "2" : "", "3" : ""}	1
553	Balasore	t	f	2021-10-27 11:17:25.289+00	2021-10-27 11:17:25.289+00	26	{"1" : "Balasore", "2" : "", "3" : ""}	1
554	Baleswar	t	f	2021-10-27 11:17:25.289+00	2021-10-27 11:17:25.289+00	26	{"1" : "Baleswar", "2" : "", "3" : ""}	1
555	Bargarh	t	f	2021-10-27 11:17:25.289+00	2021-10-27 11:17:25.289+00	26	{"1" : "Bargarh", "2" : "", "3" : ":"}	1
556	Berhampur	t	f	2021-10-27 11:17:25.289+00	2021-10-27 11:17:25.289+00	26	{"1" : "Berhampur", "2" : "", "3" : ""}	1
557	Bhadrak	t	f	2021-10-27 11:17:25.289+00	2021-10-27 11:17:25.289+00	26	{"1" : "Bhadrak", "2" : "", "3" : " "}	1
558	Bhubaneswar	t	f	2021-10-27 11:17:25.289+00	2021-10-27 11:17:25.289+00	26	{"1" : "Bhubaneswar", "2" : "", "3" : ""}	1
559	Boudh	t	f	2021-10-27 11:17:25.289+00	2021-10-27 11:17:25.289+00	26	{"1" : "Boudh", "2" : "", "3" : " Buddhist "}	1
560	Cuttack	t	f	2021-10-27 11:17:25.289+00	2021-10-27 11:17:25.289+00	26	{"1" : "Cuttack", "2" : "", "3" : ""}	1
561	Deogarh	t	f	2021-10-27 11:17:25.289+00	2021-10-27 11:17:25.289+00	26	{"1" : "Deogarh", "2" : "", "3" : ""}	1
562	Dhenkanal	t	f	2021-10-27 11:17:25.289+00	2021-10-27 11:17:25.289+00	26	{"1" : "Dhenkanal", "2" : "", "3" : ""}	1
563	Gajapati	t	f	2021-10-27 11:17:25.289+00	2021-10-27 11:17:25.289+00	26	{"1" : "Gajapati", "2" : "", "3" : ""}	1
564	Ganjam	t	f	2021-10-27 11:17:25.289+00	2021-10-27 11:17:25.289+00	26	{"1" : "Ganjam", "2" : "", "3" : ""}	1
565	Jagatsinghapur	t	f	2021-10-27 11:17:25.289+00	2021-10-27 11:17:25.289+00	26	{"1" : "Jagatsinghapur", "2" : "", "3" : ""}	1
566	Jajpur	t	f	2021-10-27 11:17:25.289+00	2021-10-27 11:17:25.289+00	26	{"1" : "Jajpur", "2" : "", "3" : ""}	1
567	Jharsuguda	t	f	2021-10-27 11:17:25.289+00	2021-10-27 11:17:25.289+00	26	{"1" : "Jharsuguda", "2" : "", "3" : ""}	1
568	Kalahandi	t	f	2021-10-27 11:17:25.289+00	2021-10-27 11:17:25.289+00	26	{"1" : "Kalahandi", "2" : "", "3" : ""}	1
569	Kandhamal	t	f	2021-10-27 11:17:25.289+00	2021-10-27 11:17:25.289+00	26	{"1" : "Kandhamal", "2" : "", "3" : ""}	1
570	Kendrapara	t	f	2021-10-27 11:17:25.289+00	2021-10-27 11:17:25.289+00	26	{"1" : "Kendrapara", "2" : "", "3" : " "}	1
571	Kendujhar	t	f	2021-10-27 11:17:25.289+00	2021-10-27 11:17:25.289+00	26	{"1" : "Kendujhar", "2" : "", "3" : ""}	1
572	Khordha	t	f	2021-10-27 11:17:25.289+00	2021-10-27 11:17:25.289+00	26	{"1" : "Khordha", "2" : "", "3" : ""}	1
573	Koraput	t	f	2021-10-27 11:17:25.289+00	2021-10-27 11:17:25.289+00	26	{"1" : "Koraput", "2" : "", "3" : ""}	1
574	Malkangiri	t	f	2021-10-27 11:17:25.289+00	2021-10-27 11:17:25.289+00	26	{"1" : "Malkangiri", "2" : "", "3" : ""}	1
575	Mayurbhanj	t	f	2021-10-27 11:17:25.289+00	2021-10-27 11:17:25.289+00	26	{"1" : "Mayurbhanj", "2" : "", "3" : ""}	1
576	Nabarangapur	t	f	2021-10-27 11:17:25.289+00	2021-10-27 11:17:25.289+00	26	{"1" : "Nabarangapur", "2" : "", "3" : ""}	1
577	Nayagarh	t	f	2021-10-27 11:17:25.289+00	2021-10-27 11:17:25.289+00	26	{"1" : "Nayagarh", "2" : "", "3" : ""}	1
578	Nuapada	t	f	2021-10-27 11:17:25.289+00	2021-10-27 11:17:25.289+00	26	{"1" : "Nuapada", "2" : "", "3" : ""}	1
579	Puri	t	f	2021-10-27 11:17:25.289+00	2021-10-27 11:17:25.289+00	26	{"1" : "Puri", "2" : "", "3" : ""}	1
580	Rayagada	t	f	2021-10-27 11:17:25.289+00	2021-10-27 11:17:25.289+00	26	{"1" : "Rayagada", "2" : "", "3" : ""}	1
581	Rourkela	t	f	2021-10-27 11:17:25.289+00	2021-10-27 11:17:25.289+00	26	{"1" : "Rourkela", "2" : "", "3" : ""}	1
582	Sambalpur	t	f	2021-10-27 11:17:25.289+00	2021-10-27 11:17:25.289+00	26	{"1" : "Sambalpur", "2" : "", "3" : ""}	1
583	Subarnapur	t	f	2021-10-27 11:17:25.289+00	2021-10-27 11:17:25.289+00	26	{"1" : "Subarnapur", "2" : "", "3" : ""}	1
584	Sundergarh	t	f	2021-10-27 11:17:25.289+00	2021-10-27 11:17:25.289+00	26	{"1" : "Sundergarh", "2" : "", "3" : ""}	1
585	Bahur	t	f	2021-10-27 11:17:25.289+00	2021-10-27 11:17:25.289+00	27	{"1" : "Bahur", "2" : "", "3" : ""}	1
586	Karaikal	t	f	2021-10-27 11:17:25.289+00	2021-10-27 11:17:25.289+00	27	{"1" : "Karaikal", "2" : "", "3" : ""}	1
587	Mahe	t	f	2021-10-27 11:17:25.289+00	2021-10-27 11:17:25.289+00	27	{"1" : "Mahe", "2" : "", "3" : ""}	1
588	Pondicherry	t	f	2021-10-27 11:17:25.289+00	2021-10-27 11:17:25.289+00	27	{"1" : "Pondicherry", "2" : "", "3" : ""}	1
589	Purnankuppam	t	f	2021-10-27 11:17:25.289+00	2021-10-27 11:17:25.289+00	27	{"1" : "Purnankuppam", "2" : " ", "3" : ""}	1
590	Valudavur	t	f	2021-10-27 11:17:25.289+00	2021-10-27 11:17:25.289+00	27	{"1" : "Valudavur", "2" : "", "3" : ""}	1
591	Villianur	t	f	2021-10-27 11:17:25.289+00	2021-10-27 11:17:25.289+00	27	{"1" : "Villianur", "2" : "", "3" : ""}	1
592	Yanam	t	f	2021-10-27 11:17:25.289+00	2021-10-27 11:17:25.289+00	27	{"1" : "Yanam", "2" : "", "3" : ""}	1
593	Amritsar	t	f	2021-10-27 11:17:25.289+00	2021-10-27 11:17:25.289+00	28	{"1" : "Amritsar", "2" : "", "3" : ""}	1
594	Barnala	t	f	2021-10-27 11:17:25.289+00	2021-10-27 11:17:25.289+00	28	{"1" : "Barnala", "2" : "", "3" : ""}	1
595	Bathinda	t	f	2021-10-27 11:17:25.289+00	2021-10-27 11:17:25.289+00	28	{"1" : "Bathinda", "2" : "", "3" : ""}	1
596	Faridkot	t	f	2021-10-27 11:17:25.289+00	2021-10-27 11:17:25.289+00	28	{"1" : "Faridkot", "2" : "", "3" : ""}	1
597	Fatehgarh Sahib	t	f	2021-10-27 11:17:25.289+00	2021-10-27 11:17:25.289+00	28	{"1" : "Fatehgarh Sahib", "2" : " ", "3" : " "}	1
598	Ferozepur	t	f	2021-10-27 11:17:25.289+00	2021-10-27 11:17:25.289+00	28	{"1" : "Ferozepur", "2" : "", "3" : ""}	1
599	Gurdaspur	t	f	2021-10-27 11:17:25.289+00	2021-10-27 11:17:25.289+00	28	{"1" : "Gurdaspur", "2" : "", "3" : ""}	1
600	Hoshiarpur	t	f	2021-10-27 11:17:25.289+00	2021-10-27 11:17:25.289+00	28	{"1" : "Hoshiarpur", "2" : "", "3" : "HOSIERPUR"}	1
601	Jalandhar	t	f	2021-10-27 11:17:25.289+00	2021-10-27 11:17:25.289+00	28	{"1" : "Jalandhar", "2" : "", "3" : ""}	1
602	Kapurthala	t	f	2021-10-27 11:17:25.289+00	2021-10-27 11:17:25.289+00	28	{"1" : "Kapurthala", "2" : "", "3" : ""}	1
603	Ludhiana	t	f	2021-10-27 11:17:25.289+00	2021-10-27 11:17:25.289+00	28	{"1" : "Ludhiana", "2" : "", "3" : ""}	1
604	Mansa	t	f	2021-10-27 11:17:25.289+00	2021-10-27 11:17:25.289+00	28	{"1" : "Mansa", "2" : "", "3" : ""}	1
605	Moga	t	f	2021-10-27 11:17:25.289+00	2021-10-27 11:17:25.289+00	28	{"1" : "Moga", "2" : "", "3" : ""}	1
606	Muktsar	t	f	2021-10-27 11:17:25.289+00	2021-10-27 11:17:25.289+00	28	{"1" : "Muktsar", "2" : "", "3" : ""}	1
607	Nawanshahr	t	f	2021-10-27 11:17:25.289+00	2021-10-27 11:17:25.289+00	28	{"1" : "Nawanshahr", "2" : "", "3" : ""}	1
608	Pathankot	t	f	2021-10-27 11:17:25.289+00	2021-10-27 11:17:25.289+00	28	{"1" : "Pathankot", "2" : "", "3" : ""}	1
609	Patiala	t	f	2021-10-27 11:17:25.289+00	2021-10-27 11:17:25.289+00	28	{"1" : "Patiala", "2" : "", "3" : ""}	1
610	Rupnagar	t	f	2021-10-27 11:17:25.289+00	2021-10-27 11:17:25.289+00	28	{"1" : "Rupnagar", "2" : "", "3" : ""}	1
611	Sangrur	t	f	2021-10-27 11:17:25.289+00	2021-10-27 11:17:25.289+00	28	{"1" : "Sangrur", "2" : "", "3" : ""}	1
612	SAS Nagar	t	f	2021-10-27 11:17:25.289+00	2021-10-27 11:17:25.289+00	28	{"1" : "SAS Nagar", "2" : " ", "3" : " - -"}	1
613	Tarn Taran	t	f	2021-10-27 11:17:25.289+00	2021-10-27 11:17:25.289+00	28	{"1" : "Tarn Taran", "2" : " ", "3" : " "}	1
614	Ajmer	t	f	2021-10-27 11:17:25.289+00	2021-10-27 11:17:25.289+00	29	{"1" : "Ajmer", "2" : "", "3" : ""}	1
615	Alwar	t	f	2021-10-27 11:17:25.289+00	2021-10-27 11:17:25.289+00	29	{"1" : "Alwar", "2" : "", "3" : ""}	1
616	Banswara	t	f	2021-10-27 11:17:25.289+00	2021-10-27 11:17:25.289+00	29	{"1" : "Banswara", "2" : "", "3" : ""}	1
617	Baran	t	f	2021-10-27 11:17:25.289+00	2021-10-27 11:17:25.289+00	29	{"1" : "Baran", "2" : "", "3" : ""}	1
618	Barmer	t	f	2021-10-27 11:17:25.289+00	2021-10-27 11:17:25.289+00	29	{"1" : "Barmer", "2" : "", "3" : ""}	1
619	Bharatpur	t	f	2021-10-27 11:17:25.289+00	2021-10-27 11:17:25.289+00	29	{"1" : "Bharatpur", "2" : "", "3" : ""}	1
620	Bhilwara	t	f	2021-10-27 11:17:25.289+00	2021-10-27 11:17:25.289+00	29	{"1" : "Bhilwara", "2" : "", "3" : ""}	1
621	Bikaner	t	f	2021-10-27 11:17:25.289+00	2021-10-27 11:17:25.289+00	29	{"1" : "Bikaner", "2" : "", "3" : ""}	1
622	Bundi	t	f	2021-10-27 11:17:25.289+00	2021-10-27 11:17:25.289+00	29	{"1" : "Bundi", "2" : "", "3" : ""}	1
623	Chittorgarh	t	f	2021-10-27 11:17:25.289+00	2021-10-27 11:17:25.289+00	29	{"1" : "Chittorgarh", "2" : "", "3" : ""}	1
624	Churu	t	f	2021-10-27 11:17:25.289+00	2021-10-27 11:17:25.289+00	29	{"1" : "Churu", "2" : "", "3" : ""}	1
625	Dausa	t	f	2021-10-27 11:17:25.289+00	2021-10-27 11:17:25.289+00	29	{"1" : "Dausa", "2" : "", "3" : " aus "}	1
626	Dholpur	t	f	2021-10-27 11:17:25.289+00	2021-10-27 11:17:25.289+00	29	{"1" : "Dholpur", "2" : "", "3" : ""}	1
627	Dungarpur	t	f	2021-10-27 11:17:25.289+00	2021-10-27 11:17:25.289+00	29	{"1" : "Dungarpur", "2" : "", "3" : ""}	1
628	Hanumangarh	t	f	2021-10-27 11:17:25.289+00	2021-10-27 11:17:25.289+00	29	{"1" : "Hanumangarh", "2" : "", "3" : ""}	1
629	Jaipur	t	f	2021-10-27 11:17:25.289+00	2021-10-27 11:17:25.289+00	29	{"1" : "Jaipur", "2" : "", "3" : ""}	1
630	Jaisalmer	t	f	2021-10-27 11:17:25.289+00	2021-10-27 11:17:25.289+00	29	{"1" : "Jaisalmer", "2" : "", "3" : ""}	1
631	Jalore	t	f	2021-10-27 11:17:25.289+00	2021-10-27 11:17:25.289+00	29	{"1" : "Jalore", "2" : "", "3" : ""}	1
632	Jhalawar	t	f	2021-10-27 11:17:25.289+00	2021-10-27 11:17:25.289+00	29	{"1" : "Jhalawar", "2" : "", "3" : ""}	1
633	Jhunjhunu	t	f	2021-10-27 11:17:25.289+00	2021-10-27 11:17:25.289+00	29	{"1" : "Jhunjhunu", "2" : "", "3" : ""}	1
634	Jodhpur	t	f	2021-10-27 11:17:25.289+00	2021-10-27 11:17:25.289+00	29	{"1" : "Jodhpur", "2" : "", "3" : ""}	1
635	Karauli	t	f	2021-10-27 11:17:25.289+00	2021-10-27 11:17:25.289+00	29	{"1" : "Karauli", "2" : "", "3" : ""}	1
636	Kota	t	f	2021-10-27 11:17:25.289+00	2021-10-27 11:17:25.289+00	29	{"1" : "Kota", "2" : "", "3" : ""}	1
637	Nagaur	t	f	2021-10-27 11:17:25.289+00	2021-10-27 11:17:25.289+00	29	{"1" : "Nagaur", "2" : "", "3" : ""}	1
638	Pali	t	f	2021-10-27 11:17:25.289+00	2021-10-27 11:17:25.289+00	29	{"1" : "Pali", "2" : "", "3" : ""}	1
639	Pilani	t	f	2021-10-27 11:17:25.289+00	2021-10-27 11:17:25.289+00	29	{"1" : "Pilani", "2" : "", "3" : ""}	1
640	Rajsamand	t	f	2021-10-27 11:17:25.289+00	2021-10-27 11:17:25.289+00	29	{"1" : "Rajsamand", "2" : "", "3" : ""}	1
641	Sawai Madhopur	t	f	2021-10-27 11:17:25.289+00	2021-10-27 11:17:25.289+00	29	{"1" : "Sawai Madhopur", "2" : " ", "3" : " "}	1
642	Sikar	t	f	2021-10-27 11:17:25.289+00	2021-10-27 11:17:25.289+00	29	{"1" : "Sikar", "2" : "", "3" : ""}	1
643	Sirohi	t	f	2021-10-27 11:17:25.289+00	2021-10-27 11:17:25.289+00	29	{"1" : "Sirohi", "2" : "", "3" : ""}	1
644	Sri Ganganagar	t	f	2021-10-27 11:17:25.289+00	2021-10-27 11:17:25.289+00	29	{"1" : "Sri Ganganagar", "2" : " ", "3" : "  "}	1
645	Tonk	t	f	2021-10-27 11:17:25.289+00	2021-10-27 11:17:25.289+00	29	{"1" : "Tonk", "2" : "", "3" : ""}	1
646	Udaipur	t	f	2021-10-27 11:17:25.289+00	2021-10-27 11:17:25.289+00	29	{"1" : "Udaipur", "2" : "", "3" : ""}	1
647	Barmiak	t	f	2021-10-27 11:17:25.289+00	2021-10-27 11:17:25.289+00	30	{"1" : "Barmiak", "2" : "", "3" : ""}	1
648	Be	t	f	2021-10-27 11:17:25.289+00	2021-10-27 11:17:25.289+00	30	{"1" : "Be", "2" : "", "3" : ""}	1
649	Bhurtuk	t	f	2021-10-27 11:17:25.289+00	2021-10-27 11:17:25.289+00	30	{"1" : "Bhurtuk", "2" : "", "3" : ""}	1
650	Chhubakha	t	f	2021-10-27 11:17:25.289+00	2021-10-27 11:17:25.289+00	30	{"1" : "Chhubakha", "2" : "", "3" : ""}	1
651	Chidam	t	f	2021-10-27 11:17:25.289+00	2021-10-27 11:17:25.289+00	30	{"1" : "Chidam", "2" : "", "3" : ""}	1
652	Chubha	t	f	2021-10-27 11:17:25.289+00	2021-10-27 11:17:25.289+00	30	{"1" : "Chubha", "2" : "", "3" : ""}	1
653	Chumikteng	t	f	2021-10-27 11:17:25.289+00	2021-10-27 11:17:25.289+00	30	{"1" : "Chumikteng", "2" : "", "3" : ""}	1
654	Dentam	t	f	2021-10-27 11:17:25.289+00	2021-10-27 11:17:25.289+00	30	{"1" : "Dentam", "2" : "", "3" : ""}	1
655	Dikchu	t	f	2021-10-27 11:17:25.289+00	2021-10-27 11:17:25.289+00	30	{"1" : "Dikchu", "2" : "", "3" : ""}	1
656	Dzongri	t	f	2021-10-27 11:17:25.289+00	2021-10-27 11:17:25.289+00	30	{"1" : "Dzongri", "2" : "", "3" : ""}	1
657	Gangtok	t	f	2021-10-27 11:17:25.289+00	2021-10-27 11:17:25.289+00	30	{"1" : "Gangtok", "2" : "", "3" : ""}	1
658	Gauzing	t	f	2021-10-27 11:17:25.289+00	2021-10-27 11:17:25.289+00	30	{"1" : "Gauzing", "2" : "", "3" : "Gauzing"}	1
659	Gyalshing	t	f	2021-10-27 11:17:25.289+00	2021-10-27 11:17:25.289+00	30	{"1" : "Gyalshing", "2" : "", "3" : ""}	1
660	Hema	t	f	2021-10-27 11:17:25.289+00	2021-10-27 11:17:25.289+00	30	{"1" : "Hema", "2" : "", "3" : ""}	1
661	Kerung	t	f	2021-10-27 11:17:25.289+00	2021-10-27 11:17:25.289+00	30	{"1" : "Kerung", "2" : "", "3" : ""}	1
662	Lachen	t	f	2021-10-27 11:17:25.289+00	2021-10-27 11:17:25.289+00	30	{"1" : "Lachen", "2" : "", "3" : ""}	1
663	Lachung	t	f	2021-10-27 11:17:25.289+00	2021-10-27 11:17:25.289+00	30	{"1" : "Lachung", "2" : "", "3" : " "}	1
664	Lema	t	f	2021-10-27 11:17:25.289+00	2021-10-27 11:17:25.289+00	30	{"1" : "Lema", "2" : "", "3" : ""}	1
665	Lingtam	t	f	2021-10-27 11:17:25.289+00	2021-10-27 11:17:25.289+00	30	{"1" : "Lingtam", "2" : "", "3" : ""}	1
666	Lungthu	t	f	2021-10-27 11:17:25.289+00	2021-10-27 11:17:25.289+00	30	{"1" : "Lungthu", "2" : "", "3" : "Lungthu"}	1
667	Mangan	t	f	2021-10-27 11:17:25.289+00	2021-10-27 11:17:25.289+00	30	{"1" : "Mangan", "2" : "", "3" : ""}	1
668	Namchi	t	f	2021-10-27 11:17:25.289+00	2021-10-27 11:17:25.289+00	30	{"1" : "Namchi", "2" : "", "3" : ""}	1
669	Namthang	t	f	2021-10-27 11:17:25.289+00	2021-10-27 11:17:25.289+00	30	{"1" : "Namthang", "2" : "", "3" : ""}	1
670	Nanga	t	f	2021-10-27 11:17:25.289+00	2021-10-27 11:17:25.289+00	30	{"1" : "Nanga", "2" : "", "3" : ""}	1
671	Nantang	t	f	2021-10-27 11:17:25.289+00	2021-10-27 11:17:25.289+00	30	{"1" : "Nantang", "2" : "", "3" : ""}	1
672	Naya Bazar	t	f	2021-10-27 11:17:25.289+00	2021-10-27 11:17:25.289+00	30	{"1" : "Naya Bazar", "2" : " ", "3" : " "}	1
673	Padamachen	t	f	2021-10-27 11:17:25.289+00	2021-10-27 11:17:25.289+00	30	{"1" : "Padamachen", "2" : "", "3" : ""}	1
674	Pakhyong	t	f	2021-10-27 11:17:25.289+00	2021-10-27 11:17:25.289+00	30	{"1" : "Pakhyong", "2" : "", "3" : ""}	1
675	Pemayangtse	t	f	2021-10-27 11:17:25.289+00	2021-10-27 11:17:25.289+00	30	{"1" : "Pemayangtse", "2" : "", "3" : ""}	1
676	Phensang	t	f	2021-10-27 11:17:25.289+00	2021-10-27 11:17:25.289+00	30	{"1" : "Phensang", "2" : "", "3" : ""}	1
677	Rangli	t	f	2021-10-27 11:17:25.289+00	2021-10-27 11:17:25.289+00	30	{"1" : "Rangli", "2" : "", "3" : ""}	1
678	Rinchingpong	t	f	2021-10-27 11:17:25.289+00	2021-10-27 11:17:25.289+00	30	{"1" : "Rinchingpong", "2" : "", "3" : " "}	1
679	Sakyong	t	f	2021-10-27 11:17:25.289+00	2021-10-27 11:17:25.289+00	30	{"1" : "Sakyong", "2" : "", "3" : ""}	1
680	Samdong	t	f	2021-10-27 11:17:25.289+00	2021-10-27 11:17:25.289+00	30	{"1" : "Samdong", "2" : "", "3" : ""}	1
681	Singtam	t	f	2021-10-27 11:17:25.289+00	2021-10-27 11:17:25.289+00	30	{"1" : "Singtam", "2" : "", "3" : ""}	1
682	Siniolchu	t	f	2021-10-27 11:17:25.289+00	2021-10-27 11:17:25.289+00	30	{"1" : "Siniolchu", "2" : "", "3" : "Senial"}	1
683	Sombari	t	f	2021-10-27 11:17:25.289+00	2021-10-27 11:17:25.289+00	30	{"1" : "Sombari", "2" : "", "3" : ""}	1
684	Soreng	t	f	2021-10-27 11:17:25.289+00	2021-10-27 11:17:25.289+00	30	{"1" : "Soreng", "2" : " ", "3" : ""}	1
685	Sosing	t	f	2021-10-27 11:17:25.289+00	2021-10-27 11:17:25.289+00	30	{"1" : "Sosing", "2" : "", "3" : ""}	1
686	Tekhug	t	f	2021-10-27 11:17:25.289+00	2021-10-27 11:17:25.289+00	30	{"1" : "Tekhug", "2" : "", "3" : ""}	1
687	Temi	t	f	2021-10-27 11:17:25.289+00	2021-10-27 11:17:25.289+00	30	{"1" : "Temi", "2" : "", "3" : ""}	1
688	Tsetang	t	f	2021-10-27 11:17:25.289+00	2021-10-27 11:17:25.289+00	30	{"1" : "Tsetang", "2" : "", "3" : ""}	1
689	Tsomgo	t	f	2021-10-27 11:17:25.289+00	2021-10-27 11:17:25.289+00	30	{"1" : "Tsomgo", "2" : "", "3" : ""}	1
690	Tumlong	t	f	2021-10-27 11:17:25.289+00	2021-10-27 11:17:25.289+00	30	{"1" : "Tumlong", "2" : "", "3" : ""}	1
691	Yangang	t	f	2021-10-27 11:17:25.289+00	2021-10-27 11:17:25.289+00	30	{"1" : "Yangang", "2" : "", "3" : ""}	1
692	Yumtang	t	f	2021-10-27 11:17:25.289+00	2021-10-27 11:17:25.289+00	30	{"1" : "Yumtang", "2" : "", "3" : ""}	1
693	Chennai	t	f	2021-10-27 11:17:25.289+00	2021-10-27 11:17:25.289+00	31	{"1" : "Chennai", "2" : "", "3" : ""}	1
694	Chidambaram	t	f	2021-10-27 11:17:25.289+00	2021-10-27 11:17:25.289+00	31	{"1" : "Chidambaram", "2" : "", "3" : ""}	1
695	Chingleput	t	f	2021-10-27 11:17:25.289+00	2021-10-27 11:17:25.289+00	31	{"1" : "Chingleput", "2" : "", "3" : "Cingleput"}	1
696	Coimbatore	t	f	2021-10-27 11:17:25.289+00	2021-10-27 11:17:25.289+00	31	{"1" : "Coimbatore", "2" : "", "3" : ""}	1
697	Courtallam	t	f	2021-10-27 11:17:25.289+00	2021-10-27 11:17:25.289+00	31	{"1" : "Courtallam", "2" : "", "3" : ""}	1
698	Cuddalore	t	f	2021-10-27 11:17:25.289+00	2021-10-27 11:17:25.289+00	31	{"1" : "Cuddalore", "2" : "", "3" : ""}	1
699	Dharmapuri	t	f	2021-10-27 11:17:25.289+00	2021-10-27 11:17:25.289+00	31	{"1" : "Dharmapuri", "2" : "", "3" : ""}	1
700	Dindigul	t	f	2021-10-27 11:17:25.289+00	2021-10-27 11:17:25.289+00	31	{"1" : "Dindigul", "2" : "", "3" : ""}	1
702	Hosur	t	f	2021-10-27 11:17:25.289+00	2021-10-27 11:17:25.289+00	31	{"1" : "Hosur", "2" : "", "3" : ""}	1
703	Kanchipuram	t	f	2021-10-27 11:17:25.289+00	2021-10-27 11:17:25.289+00	31	{"1" : "Kanchipuram", "2" : "", "3" : ""}	1
704	Kanyakumari	t	f	2021-10-27 11:17:25.289+00	2021-10-27 11:17:25.289+00	31	{"1" : "Kanyakumari", "2" : "", "3" : ""}	1
705	Karaikudi	t	f	2021-10-27 11:17:25.289+00	2021-10-27 11:17:25.289+00	31	{"1" : "Karaikudi", "2" : "", "3" : ""}	1
707	Kodaikanal	t	f	2021-10-27 11:17:25.289+00	2021-10-27 11:17:25.289+00	31	{"1" : "Kodaikanal", "2" : "", "3" : ""}	1
708	Kovilpatti	t	f	2021-10-27 11:17:25.289+00	2021-10-27 11:17:25.289+00	31	{"1" : "Kovilpatti", "2" : "", "3" : ""}	1
709	Krishnagiri	t	f	2021-10-27 11:17:25.289+00	2021-10-27 11:17:25.289+00	31	{"1" : "Krishnagiri", "2" : "", "3" : ""}	1
710	Kumbakonam	t	f	2021-10-27 11:17:25.289+00	2021-10-27 11:17:25.289+00	31	{"1" : "Kumbakonam", "2" : "", "3" : ""}	1
711	Madurai	t	f	2021-10-27 11:17:25.289+00	2021-10-27 11:17:25.289+00	31	{"1" : "Madurai", "2" : "", "3" : ""}	1
712	Mayiladuthurai	t	f	2021-10-27 11:17:25.289+00	2021-10-27 11:17:25.289+00	31	{"1" : "Mayiladuthurai", "2" : "", "3" : ""}	1
713	Nagapattinam	t	f	2021-10-27 11:17:25.289+00	2021-10-27 11:17:25.289+00	31	{"1" : "Nagapattinam", "2" : "", "3" : ""}	1
714	Nagarcoil	t	f	2021-10-27 11:17:25.289+00	2021-10-27 11:17:25.289+00	31	{"1" : "Nagarcoil", "2" : "", "3" : ""}	1
715	Namakkal	t	f	2021-10-27 11:17:25.289+00	2021-10-27 11:17:25.289+00	31	{"1" : "Namakkal", "2" : "", "3" : ""}	1
716	Neyveli	t	f	2021-10-27 11:17:25.289+00	2021-10-27 11:17:25.289+00	31	{"1" : "Neyveli", "2" : "", "3" : ""}	1
717	Nilgiris	t	f	2021-10-27 11:17:25.289+00	2021-10-27 11:17:25.289+00	31	{"1" : "Nilgiris", "2" : "", "3" : ""}	1
718	Ooty	t	f	2021-10-27 11:17:25.289+00	2021-10-27 11:17:25.289+00	31	{"1" : "Ooty", "2" : "", "3" : ""}	1
719	Palani	t	f	2021-10-27 11:17:25.289+00	2021-10-27 11:17:25.289+00	31	{"1" : "Palani", "2" : "", "3" : ""}	1
720	Perambalur	t	f	2021-10-27 11:17:25.289+00	2021-10-27 11:17:25.289+00	31	{"1" : "Perambalur", "2" : "", "3" : ""}	1
721	Pollachi	t	f	2021-10-27 11:17:25.289+00	2021-10-27 11:17:25.289+00	31	{"1" : "Pollachi", "2" : "", "3" : ""}	1
722	Pudukkottai	t	f	2021-10-27 11:17:25.289+00	2021-10-27 11:17:25.289+00	31	{"1" : "Pudukkottai", "2" : "", "3" : ""}	1
723	Rajapalayam	t	f	2021-10-27 11:17:25.289+00	2021-10-27 11:17:25.289+00	31	{"1" : "Rajapalayam", "2" : "", "3" : ""}	1
724	Ramanathapuram	t	f	2021-10-27 11:17:25.289+00	2021-10-27 11:17:25.289+00	31	{"1" : "Ramanathapuram", "2" : "", "3" : ""}	1
725	Salem	t	f	2021-10-27 11:17:25.289+00	2021-10-27 11:17:25.289+00	31	{"1" : "Salem", "2" : "", "3" : ""}	1
726	Sivaganga	t	f	2021-10-27 11:17:25.289+00	2021-10-27 11:17:25.289+00	31	{"1" : "Sivaganga", "2" : "", "3" : ""}	1
727	Sivakasi	t	f	2021-10-27 11:17:25.289+00	2021-10-27 11:17:25.289+00	31	{"1" : "Sivakasi", "2" : "", "3" : ""}	1
728	Thanjavur	t	f	2021-10-27 11:17:25.289+00	2021-10-27 11:17:25.289+00	31	{"1" : "Thanjavur", "2" : "", "3" : ""}	1
729	Theni	t	f	2021-10-27 11:17:25.289+00	2021-10-27 11:17:25.289+00	31	{"1" : "Theni", "2" : "", "3" : ""}	1
730	Thoothukudi	t	f	2021-10-27 11:17:25.289+00	2021-10-27 11:17:25.289+00	31	{"1" : "Thoothukudi", "2" : "", "3" : ""}	1
731	Tiruchirappalli	t	f	2021-10-27 11:17:25.289+00	2021-10-27 11:17:25.289+00	31	{"1" : "Tiruchirappalli", "2" : "", "3" : ""}	1
732	Tirunelveli	t	f	2021-10-27 11:17:25.289+00	2021-10-27 11:17:25.289+00	31	{"1" : "Tirunelveli", "2" : "", "3" : ""}	1
733	Tirupur	t	f	2021-10-27 11:17:25.289+00	2021-10-27 11:17:25.289+00	31	{"1" : "Tirupur", "2" : "", "3" : ""}	1
734	Tiruvallur	t	f	2021-10-27 11:17:25.289+00	2021-10-27 11:17:25.289+00	31	{"1" : "Tiruvallur", "2" : "", "3" : ""}	1
735	Tiruvannamalai	t	f	2021-10-27 11:17:25.289+00	2021-10-27 11:17:25.289+00	31	{"1" : "Tiruvannamalai", "2" : "", "3" : ""}	1
736	Tiruvarur	t	f	2021-10-27 11:17:25.289+00	2021-10-27 11:17:25.289+00	31	{"1" : "Tiruvarur", "2" : "", "3" : ""}	1
737	Trichy	t	f	2021-10-27 11:17:25.289+00	2021-10-27 11:17:25.289+00	31	{"1" : "Trichy", "2" : "", "3" : ""}	1
738	Tuticorin	t	f	2021-10-27 11:17:25.289+00	2021-10-27 11:17:25.289+00	31	{"1" : "Tuticorin", "2" : "", "3" : ""}	1
739	Vellore	t	f	2021-10-27 11:17:25.289+00	2021-10-27 11:17:25.289+00	31	{"1" : "Vellore", "2" : "", "3" : ""}	1
740	Villupuram	t	f	2021-10-27 11:17:25.289+00	2021-10-27 11:17:25.289+00	31	{"1" : "Villupuram", "2" : "", "3" : ""}	1
741	Virudhunagar	t	f	2021-10-27 11:17:25.289+00	2021-10-27 11:17:25.289+00	31	{"1" : "Virudhunagar", "2" : "", "3" : ""}	1
742	Yercaud	t	f	2021-10-27 11:17:25.289+00	2021-10-27 11:17:25.289+00	31	{"1" : "Yercaud", "2" : "", "3" : ""}	1
743	Agartala	t	f	2021-10-27 11:17:25.289+00	2021-10-27 11:17:25.289+00	32	{"1" : "Agartala", "2" : "", "3" : ""}	1
744	Ambasa	t	f	2021-10-27 11:17:25.289+00	2021-10-27 11:17:25.289+00	32	{"1" : "Ambasa", "2" : "", "3" : ""}	1
745	Bampurbari	t	f	2021-10-27 11:17:25.289+00	2021-10-27 11:17:25.289+00	32	{"1" : "Bampurbari", "2" : "", "3" : ""}	1
746	Belonia	t	f	2021-10-27 11:17:25.289+00	2021-10-27 11:17:25.289+00	32	{"1" : "Belonia", "2" : "", "3" : ""}	1
747	Dhalai	t	f	2021-10-27 11:17:25.289+00	2021-10-27 11:17:25.289+00	32	{"1" : "Dhalai", "2" : "", "3" : ""}	1
748	Dharam Nagar	t	f	2021-10-27 11:17:25.289+00	2021-10-27 11:17:25.289+00	32	{"1" : "Dharam Nagar", "2" : " ", "3" : " "}	1
749	Kailashahar	t	f	2021-10-27 11:17:25.289+00	2021-10-27 11:17:25.289+00	32	{"1" : "Kailashahar", "2" : "", "3" : ""}	1
750	Kamal Krishnabari	t	f	2021-10-27 11:17:25.289+00	2021-10-27 11:17:25.289+00	32	{"1" : "Kamal Krishnabari", "2" : " ", "3" : " "}	1
751	Khopaiyapara	t	f	2021-10-27 11:17:25.289+00	2021-10-27 11:17:25.289+00	32	{"1" : "Khopaiyapara", "2" : "", "3" : " "}	1
753	Phuldungsei	t	f	2021-10-27 11:17:25.289+00	2021-10-27 11:17:25.289+00	32	{"1" : "Phuldungsei", "2" : "", "3" : "Fuldungse"}	1
754	Radha Kishore Pur	t	f	2021-10-27 11:17:25.289+00	2021-10-27 11:17:25.289+00	32	{"1" : "Radha Kishore Pur", "2" : "  ", "3" : "  "}	1
755	Tripura	t	f	2021-10-27 11:17:25.289+00	2021-10-27 11:17:25.289+00	32	{"1" : "Tripura", "2" : "", "3" : ""}	1
756	Allurisitharamaraju	t	f	2023-04-20 10:50:27.700805+00	2023-04-20 10:50:27.700805+00	2	{"1" : "Allurisitharamaraju", "2" : "", "3" : ""}	1
757	Anakapalli	t	f	2023-04-20 10:50:27.700805+00	2023-04-20 10:50:27.700805+00	2	{"1" : "Anakapalli", "2" : "", "3" : ""}	1
758	Ananthapuramu	t	f	2023-04-20 10:50:27.700805+00	2023-04-20 10:50:27.700805+00	2	{"1" : "Ananthapuramu", "2" : "", "3" : ""}	1
759	Annamayya	t	f	2023-04-20 10:50:27.700805+00	2023-04-20 10:50:27.700805+00	2	{"1" : "Annamayya", "2" : "", "3" : ""}	1
760	Bapatla	t	f	2023-04-20 10:50:27.700805+00	2023-04-20 10:50:27.700805+00	2	{"1" : "Bapatla", "2" : "", "3" : ""}	1
761	Chittoor	t	f	2023-04-20 10:50:27.700805+00	2023-04-20 10:50:27.700805+00	2	{"1" : "Chittoor", "2" : "", "3" : ""}	1
762	Cuddapah	t	f	2023-04-20 10:50:27.700805+00	2023-04-20 10:50:27.700805+00	2	{"1" : "Cuddapah", "2" : "", "3" : ""}	1
763	East Godavari	t	f	2023-04-20 10:50:27.700805+00	2023-04-20 10:50:27.700805+00	2	{"1" : "East Godavari", "2" : " ", "3" : " "}	1
764	Eluru	t	f	2023-04-20 10:50:27.700805+00	2023-04-20 10:50:27.700805+00	2	{"1" : "Eluru", "2" : "", "3" : ""}	1
765	Guntur	t	f	2023-04-20 10:50:27.700805+00	2023-04-20 10:50:27.700805+00	2	{"1" : "Guntur", "2" : "", "3" : ""}	1
766	Kakinada	t	f	2023-04-20 10:50:27.700805+00	2023-04-20 10:50:27.700805+00	2	{"1" : "Kakinada", "2" : "", "3" : ""}	1
767	Konaseema	t	f	2023-04-20 10:50:27.700805+00	2023-04-20 10:50:27.700805+00	2	{"1" : "Konaseema", "2" : "", "3" : ""}	1
768	Krishna	t	f	2023-04-20 10:50:27.700805+00	2023-04-20 10:50:27.700805+00	2	{"1" : "Krishna", "2" : "", "3" : ""}	1
769	Kurnool	t	f	2023-04-20 10:50:27.700805+00	2023-04-20 10:50:27.700805+00	2	{"1" : "Kurnool", "2" : "", "3" : ""}	1
770	N.T.R	t	f	2023-04-20 10:50:27.700805+00	2023-04-20 10:50:27.700805+00	2	{"1" : "N.T.R", "2" : " ", "3" : ".."}	1
771	Nandyal	t	f	2023-04-20 10:50:27.700805+00	2023-04-20 10:50:27.700805+00	2	{"1" : "Nandyal", "2" : "", "3" : ""}	1
772	Nellore	t	f	2023-04-20 10:50:27.700805+00	2023-04-20 10:50:27.700805+00	2	{"1" : "Nellore", "2" : "", "3" : ""}	1
773	Palnadu	t	f	2023-04-20 10:50:27.700805+00	2023-04-20 10:50:27.700805+00	2	{"1" : "Palnadu", "2" : "", "3" : ""}	1
774	Parvathipurammanyam	t	f	2023-04-20 10:50:27.700805+00	2023-04-20 10:50:27.700805+00	2	{"1" : "Parvathipurammanyam", "2" : "", "3" : ""}	1
775	Prakasam	t	f	2023-04-20 10:50:27.700805+00	2023-04-20 10:50:27.700805+00	2	{"1" : "Prakasam", "2" : "", "3" : ""}	1
776	Srikakulam	t	f	2023-04-20 10:50:27.700805+00	2023-04-20 10:50:27.700805+00	2	{"1" : "Srikakulam", "2" : "", "3" : ""}	1
777	Srisathyasai	t	f	2023-04-20 10:50:27.700805+00	2023-04-20 10:50:27.700805+00	2	{"1" : "Srisathyasai", "2" : "", "3" : ""}	1
778	Tirupati	t	f	2023-04-20 10:50:27.700805+00	2023-04-20 10:50:27.700805+00	2	{"1" : "Tirupati", "2" : "", "3" : ""}	1
779	Visakhapatnam	t	f	2023-04-20 10:50:27.700805+00	2023-04-20 10:50:27.700805+00	2	{"1" : "Visakhapatnam", "2" : "", "3" : ""}	1
780	Vizianagaram	t	f	2023-04-20 10:50:27.700805+00	2023-04-20 10:50:27.700805+00	2	{"1" : "Vizianagaram", "2" : "", "3" : ""}	1
781	West Godavari	t	f	2023-04-20 10:50:27.700805+00	2023-04-20 10:50:27.700805+00	2	{"1" : "West Godavari", "2" : " ", "3" : " "}	1
782	Adilabad	t	f	2023-04-20 11:09:53.128651+00	2023-04-20 11:09:53.128651+00	36	{"1" : "Adilabad", "2" : "", "3" : ""}	1
783	Bhadradri Kothagudem	t	f	2023-04-20 11:09:53.128651+00	2023-04-20 11:09:53.128651+00	36	{"1" : "Bhadradri Kothagudem", "2" : " ", "3" : " "}	1
784	Hyderabad	t	f	2023-04-20 11:09:53.128651+00	2023-04-20 11:09:53.128651+00	36	{"1" : "Hyderabad", "2" : "", "3" : ""}	1
785	Jagtial	t	f	2023-04-20 11:09:53.128651+00	2023-04-20 11:09:53.128651+00	36	{"1" : "Jagtial", "2" : "", "3" : ""}	1
786	Jangaon	t	f	2023-04-20 11:09:53.128651+00	2023-04-20 11:09:53.128651+00	36	{"1" : "Jangaon", "2" : "", "3" : ""}	1
787	Jayashankar Bhoopalpally	t	f	2023-04-20 11:09:53.128651+00	2023-04-20 11:09:53.128651+00	36	{"1" : "Jayashankar Bhoopalpally", "2" : " ", "3" : " "}	1
788	Jogulamba Gadwal	t	f	2023-04-20 11:09:53.128651+00	2023-04-20 11:09:53.128651+00	36	{"1" : "Jogulamba Gadwal", "2" : " ", "3" : " "}	1
789	Kamareddy	t	f	2023-04-20 11:09:53.128651+00	2023-04-20 11:09:53.128651+00	36	{"1" : "Kamareddy", "2" : "", "3" : ""}	1
790	Karimnagar	t	f	2023-04-20 11:09:53.128651+00	2023-04-20 11:09:53.128651+00	36	{"1" : "Karimnagar", "2" : "", "3" : ""}	1
791	Khammam	t	f	2023-04-20 11:09:53.128651+00	2023-04-20 11:09:53.128651+00	36	{"1" : "Khammam", "2" : "", "3" : ""}	1
792	Kumuram Bheem	t	f	2023-04-20 11:09:53.128651+00	2023-04-20 11:09:53.128651+00	36	{"1" : "Kumuram Bheem", "2" : " ", "3" : " "}	1
793	Mahabub Nagar	t	f	2023-04-20 11:09:53.128651+00	2023-04-20 11:09:53.128651+00	36	{"1" : "Mahabub Nagar", "2" : " ", "3" : " "}	1
794	Mahabubabad	t	f	2023-04-20 11:09:53.128651+00	2023-04-20 11:09:53.128651+00	36	{"1" : "Mahabubabad", "2" : "", "3" : ""}	1
795	Mancherial	t	f	2023-04-20 11:09:53.128651+00	2023-04-20 11:09:53.128651+00	36	{"1" : "Mancherial", "2" : "", "3" : ""}	1
796	Medak	t	f	2023-04-20 11:09:53.128651+00	2023-04-20 11:09:53.128651+00	36	{"1" : "Medak", "2" : "", "3" : ""}	1
797	Medchal-Malkajgiri	t	f	2023-04-20 11:09:53.128651+00	2023-04-20 11:09:53.128651+00	36	{"1" : "Medchal-Malkajgiri", "2" : "-", "3" : "-"}	1
798	Nagarkurnool	t	f	2023-04-20 11:09:53.128651+00	2023-04-20 11:09:53.128651+00	36	{"1" : "Nagarkurnool", "2" : "", "3" : ""}	1
799	Nalgonda	t	f	2023-04-20 11:09:53.128651+00	2023-04-20 11:09:53.128651+00	36	{"1" : "Nalgonda", "2" : "", "3" : ""}	1
800	Narayanpet	t	f	2023-04-20 11:09:53.128651+00	2023-04-20 11:09:53.128651+00	36	{"1" : "Narayanpet", "2" : "", "3" : ""}	1
801	Nirmal	t	f	2023-04-20 11:09:53.128651+00	2023-04-20 11:09:53.128651+00	36	{"1" : "Nirmal", "2" : "", "3" : ""}	1
802	Nizamabad	t	f	2023-04-20 11:09:53.128651+00	2023-04-20 11:09:53.128651+00	36	{"1" : "Nizamabad", "2" : "", "3" : ""}	1
803	Peddapally	t	f	2023-04-20 11:09:53.128651+00	2023-04-20 11:09:53.128651+00	36	{"1" : "Peddapally", "2" : "   ", "3" : ""}	1
804	Rajanna Sircilla	t	f	2023-04-20 11:09:53.128651+00	2023-04-20 11:09:53.128651+00	36	{"1" : "Rajanna Sircilla", "2" : " ", "3" : " "}	1
805	Rangareddy	t	f	2023-04-20 11:09:53.128651+00	2023-04-20 11:09:53.128651+00	36	{"1" : "Rangareddy", "2" : "", "3" : ""}	1
806	Sangareddy	t	f	2023-04-20 11:09:53.128651+00	2023-04-20 11:09:53.128651+00	36	{"1" : "Sangareddy", "2" : "", "3" : ""}	1
807	Siddipet	t	f	2023-04-20 11:09:53.128651+00	2023-04-20 11:09:53.128651+00	36	{"1" : "Siddipet", "2" : "", "3" : ""}	1
808	Suryapet	t	f	2023-04-20 11:09:53.128651+00	2023-04-20 11:09:53.128651+00	36	{"1" : "Suryapet", "2" : "", "3" : ""}	1
809	Vikarabad	t	f	2023-04-20 11:09:53.128651+00	2023-04-20 11:09:53.128651+00	36	{"1" : "Vikarabad", "2" : "", "3" : ""}	1
810	Wanaparthy	t	f	2023-04-20 11:09:53.128651+00	2023-04-20 11:09:53.128651+00	36	{"1" : "Wanaparthy", "2" : "", "3" : ""}	1
811	Warangal (Jayashankar Bhoopalpally)	t	f	2023-04-20 11:09:53.128651+00	2023-04-20 11:09:53.128651+00	36	{"1" : "Warangal (Jayashankar Bhoopalpally)", "2" : " ( )", "3" : " ( )"}	1
812	Warangal (Mulugu)	t	f	2023-04-20 11:09:53.128651+00	2023-04-20 11:09:53.128651+00	36	{"1" : "Warangal (Mulugu)", "2" : " ()", "3" : " ()"}	1
813	Warangal (Rural)	t	f	2023-04-20 11:09:53.128651+00	2023-04-20 11:09:53.128651+00	36	{"1" : "Warangal (Rural)", "2" : " ()", "3" : " ()"}	1
814	Warangal (Urban)	t	f	2023-04-20 11:09:53.128651+00	2023-04-20 11:09:53.128651+00	36	{"1" : "Warangal (Urban)", "2" : " ()", "3" : " ()"}	1
815	Yadadri Bhuvanagiri	t	f	2023-04-20 11:09:53.128651+00	2023-04-20 11:09:53.128651+00	36	{"1" : "Yadadri Bhuvanagiri", "2" : " ", "3" : " "}	1
\.


--
-- Data for Name: HT_events; Type: TABLE DATA; Schema: public; Owner: ht_db_user
--

COPY public."HT_events" (id, title, description, "recurringEventName", "startDate", "endDate", "recurrenceEndDate", "isComplete", "isActive", "isDeleted", "createdBy", "updatedBy", "createdAt", "updatedAt", "HTChildId", "HTUserId", "HTEventId") FROM stdin;
141	undefined-Visit Plan	Frequent follow ups	Fortnightly (Bi-weekly)	2024-05-14 00:00:00+00	2024-05-14 00:00:00+00	2024-11-12 00:00:00+00	f	t	f	\N	\N	2024-04-30 13:06:45.174+00	2024-04-30 13:06:45.174+00	\N	0041cb61-2346-4bbe-874b-334cb9af0a1d	\N
142	undefined-Visit Plan	Frequent follow ups	Fortnightly (Bi-weekly)	2024-05-28 00:00:00+00	2024-05-28 00:00:00+00	2024-11-12 00:00:00+00	f	t	f	\N	\N	2024-04-30 13:06:45.384+00	2024-04-30 13:06:45.384+00	\N	0041cb61-2346-4bbe-874b-334cb9af0a1d	141
143	undefined-Visit Plan	Frequent follow ups	Fortnightly (Bi-weekly)	2024-06-11 00:00:00+00	2024-06-11 00:00:00+00	2024-11-12 00:00:00+00	f	t	f	\N	\N	2024-04-30 13:06:45.384+00	2024-04-30 13:06:45.384+00	\N	0041cb61-2346-4bbe-874b-334cb9af0a1d	141
144	undefined-Visit Plan	Frequent follow ups	Fortnightly (Bi-weekly)	2024-06-25 00:00:00+00	2024-06-25 00:00:00+00	2024-11-12 00:00:00+00	f	t	f	\N	\N	2024-04-30 13:06:45.384+00	2024-04-30 13:06:45.384+00	\N	0041cb61-2346-4bbe-874b-334cb9af0a1d	141
145	undefined-Visit Plan	Frequent follow ups	Fortnightly (Bi-weekly)	2024-07-09 00:00:00+00	2024-07-09 00:00:00+00	2024-11-12 00:00:00+00	f	t	f	\N	\N	2024-04-30 13:06:45.384+00	2024-04-30 13:06:45.384+00	\N	0041cb61-2346-4bbe-874b-334cb9af0a1d	141
146	undefined-Visit Plan	Frequent follow ups	Fortnightly (Bi-weekly)	2024-07-23 00:00:00+00	2024-07-23 00:00:00+00	2024-11-12 00:00:00+00	f	t	f	\N	\N	2024-04-30 13:06:45.384+00	2024-04-30 13:06:45.384+00	\N	0041cb61-2346-4bbe-874b-334cb9af0a1d	141
147	undefined-Visit Plan	Frequent follow ups	Fortnightly (Bi-weekly)	2024-08-06 00:00:00+00	2024-08-06 00:00:00+00	2024-11-12 00:00:00+00	f	t	f	\N	\N	2024-04-30 13:06:45.384+00	2024-04-30 13:06:45.384+00	\N	0041cb61-2346-4bbe-874b-334cb9af0a1d	141
148	undefined-Visit Plan	Frequent follow ups	Fortnightly (Bi-weekly)	2024-08-20 00:00:00+00	2024-08-20 00:00:00+00	2024-11-12 00:00:00+00	f	t	f	\N	\N	2024-04-30 13:06:45.384+00	2024-04-30 13:06:45.384+00	\N	0041cb61-2346-4bbe-874b-334cb9af0a1d	141
149	undefined-Visit Plan	Frequent follow ups	Fortnightly (Bi-weekly)	2024-09-03 00:00:00+00	2024-09-03 00:00:00+00	2024-11-12 00:00:00+00	f	t	f	\N	\N	2024-04-30 13:06:45.384+00	2024-04-30 13:06:45.384+00	\N	0041cb61-2346-4bbe-874b-334cb9af0a1d	141
150	undefined-Visit Plan	Frequent follow ups	Fortnightly (Bi-weekly)	2024-09-17 00:00:00+00	2024-09-17 00:00:00+00	2024-11-12 00:00:00+00	f	t	f	\N	\N	2024-04-30 13:06:45.384+00	2024-04-30 13:06:45.384+00	\N	0041cb61-2346-4bbe-874b-334cb9af0a1d	141
151	undefined-Visit Plan	Frequent follow ups	Fortnightly (Bi-weekly)	2024-10-01 00:00:00+00	2024-10-01 00:00:00+00	2024-11-12 00:00:00+00	f	t	f	\N	\N	2024-04-30 13:06:45.384+00	2024-04-30 13:06:45.384+00	\N	0041cb61-2346-4bbe-874b-334cb9af0a1d	141
152	undefined-Visit Plan	Frequent follow ups	Fortnightly (Bi-weekly)	2024-10-15 00:00:00+00	2024-10-15 00:00:00+00	2024-11-12 00:00:00+00	f	t	f	\N	\N	2024-04-30 13:06:45.384+00	2024-04-30 13:06:45.384+00	\N	0041cb61-2346-4bbe-874b-334cb9af0a1d	141
153	undefined-Visit Plan	Frequent follow ups	Fortnightly (Bi-weekly)	2024-10-29 00:00:00+00	2024-10-29 00:00:00+00	2024-11-12 00:00:00+00	f	t	f	\N	\N	2024-04-30 13:06:45.384+00	2024-04-30 13:06:45.384+00	\N	0041cb61-2346-4bbe-874b-334cb9af0a1d	141
154	undefined-Visit Plan	Frequent follow ups	Fortnightly (Bi-weekly)	2024-11-12 00:00:00+00	2024-11-12 00:00:00+00	2024-11-12 00:00:00+00	f	t	f	\N	\N	2024-04-30 13:06:45.384+00	2024-04-30 13:06:45.384+00	\N	0041cb61-2346-4bbe-874b-334cb9af0a1d	141
155	undefined-Visit Plan	Frequent follow ups	Monthly	2024-05-31 00:00:00+00	2024-05-31 00:00:00+00	2024-11-01 00:00:00+00	f	t	f	\N	\N	2024-04-30 13:11:44.679+00	2024-04-30 13:11:44.679+00	\N	0041cb61-2346-4bbe-874b-334cb9af0a1d	\N
156	undefined-Visit Plan	Frequent follow ups	Monthly	2024-07-01 00:00:00+00	2024-07-01 00:00:00+00	2024-11-01 00:00:00+00	f	t	f	\N	\N	2024-04-30 13:11:44.898+00	2024-04-30 13:11:44.898+00	\N	0041cb61-2346-4bbe-874b-334cb9af0a1d	155
157	undefined-Visit Plan	Frequent follow ups	Monthly	2024-08-01 00:00:00+00	2024-08-01 00:00:00+00	2024-11-01 00:00:00+00	f	t	f	\N	\N	2024-04-30 13:11:44.898+00	2024-04-30 13:11:44.898+00	\N	0041cb61-2346-4bbe-874b-334cb9af0a1d	155
158	undefined-Visit Plan	Frequent follow ups	Monthly	2024-09-01 00:00:00+00	2024-09-01 00:00:00+00	2024-11-01 00:00:00+00	f	t	f	\N	\N	2024-04-30 13:11:44.898+00	2024-04-30 13:11:44.898+00	\N	0041cb61-2346-4bbe-874b-334cb9af0a1d	155
159	undefined-Visit Plan	Frequent follow ups	Monthly	2024-10-01 00:00:00+00	2024-10-01 00:00:00+00	2024-11-01 00:00:00+00	f	t	f	\N	\N	2024-04-30 13:11:44.898+00	2024-04-30 13:11:44.898+00	\N	0041cb61-2346-4bbe-874b-334cb9af0a1d	155
160	undefined-Visit Plan	Frequent follow ups	Monthly	2024-11-01 00:00:00+00	2024-11-01 00:00:00+00	2024-11-01 00:00:00+00	f	t	f	\N	\N	2024-04-30 13:11:44.898+00	2024-04-30 13:11:44.898+00	\N	0041cb61-2346-4bbe-874b-334cb9af0a1d	155
161	undefined-Visit Plan	Frequent follow ups	Monthly	2024-06-03 00:00:00+00	2024-06-03 00:00:00+00	2024-11-03 00:00:00+00	f	t	f	\N	\N	2024-05-22 11:52:51.878+00	2024-05-22 11:52:51.878+00	\N	af6bb192-f1d5-4148-bb08-206d1e0151ea	\N
162	undefined-Visit Plan	Frequent follow ups	Monthly	2024-07-03 00:00:00+00	2024-07-03 00:00:00+00	2024-11-03 00:00:00+00	f	t	f	\N	\N	2024-05-22 11:52:52.07+00	2024-05-22 11:52:52.07+00	\N	af6bb192-f1d5-4148-bb08-206d1e0151ea	161
163	undefined-Visit Plan	Frequent follow ups	Monthly	2024-08-03 00:00:00+00	2024-08-03 00:00:00+00	2024-11-03 00:00:00+00	f	t	f	\N	\N	2024-05-22 11:52:52.07+00	2024-05-22 11:52:52.07+00	\N	af6bb192-f1d5-4148-bb08-206d1e0151ea	161
164	undefined-Visit Plan	Frequent follow ups	Monthly	2024-09-03 00:00:00+00	2024-09-03 00:00:00+00	2024-11-03 00:00:00+00	f	t	f	\N	\N	2024-05-22 11:52:52.07+00	2024-05-22 11:52:52.07+00	\N	af6bb192-f1d5-4148-bb08-206d1e0151ea	161
165	undefined-Visit Plan	Frequent follow ups	Monthly	2024-10-03 00:00:00+00	2024-10-03 00:00:00+00	2024-11-03 00:00:00+00	f	t	f	\N	\N	2024-05-22 11:52:52.07+00	2024-05-22 11:52:52.07+00	\N	af6bb192-f1d5-4148-bb08-206d1e0151ea	161
166	undefined-Visit Plan	Frequent follow ups	Monthly	2024-11-03 00:00:00+00	2024-11-03 00:00:00+00	2024-11-03 00:00:00+00	f	t	f	\N	\N	2024-05-22 11:52:52.07+00	2024-05-22 11:52:52.07+00	\N	af6bb192-f1d5-4148-bb08-206d1e0151ea	161
167	undefined-Visit Plan	Frequent follow ups	Monthly	2024-06-05 00:00:00+00	2024-06-05 00:00:00+00	2024-11-05 00:00:00+00	f	t	f	\N	\N	2024-05-22 12:29:00.2+00	2024-05-22 12:29:00.2+00	\N	af6bb192-f1d5-4148-bb08-206d1e0151ea	\N
168	undefined-Visit Plan	Frequent follow ups	Monthly	2024-07-05 00:00:00+00	2024-07-05 00:00:00+00	2024-11-05 00:00:00+00	f	t	f	\N	\N	2024-05-22 12:29:00.394+00	2024-05-22 12:29:00.394+00	\N	af6bb192-f1d5-4148-bb08-206d1e0151ea	167
169	undefined-Visit Plan	Frequent follow ups	Monthly	2024-08-05 00:00:00+00	2024-08-05 00:00:00+00	2024-11-05 00:00:00+00	f	t	f	\N	\N	2024-05-22 12:29:00.394+00	2024-05-22 12:29:00.394+00	\N	af6bb192-f1d5-4148-bb08-206d1e0151ea	167
170	undefined-Visit Plan	Frequent follow ups	Monthly	2024-09-05 00:00:00+00	2024-09-05 00:00:00+00	2024-11-05 00:00:00+00	f	t	f	\N	\N	2024-05-22 12:29:00.394+00	2024-05-22 12:29:00.394+00	\N	af6bb192-f1d5-4148-bb08-206d1e0151ea	167
171	undefined-Visit Plan	Frequent follow ups	Monthly	2024-10-05 00:00:00+00	2024-10-05 00:00:00+00	2024-11-05 00:00:00+00	f	t	f	\N	\N	2024-05-22 12:29:00.394+00	2024-05-22 12:29:00.394+00	\N	af6bb192-f1d5-4148-bb08-206d1e0151ea	167
172	undefined-Visit Plan	Frequent follow ups	Monthly	2024-11-05 00:00:00+00	2024-11-05 00:00:00+00	2024-11-05 00:00:00+00	f	t	f	\N	\N	2024-05-22 12:29:00.394+00	2024-05-22 12:29:00.394+00	\N	af6bb192-f1d5-4148-bb08-206d1e0151ea	167
\.


--
-- Data for Name: HT_families; Type: TABLE DATA; Schema: public; Owner: ht_db_user
--

COPY public."HT_families" (id, "familyName", "addressLine1", "addressLine2", city, "zipCode", "isActive", "isDeleted", "createdBy", "updatedBy", "injectiondocId", "createdAt", "updatedAt", "HTCountryId", "HTStateId", "HTDistrictId", "HTLanguageId") FROM stdin;
23	TS_Family01_DeactivateOrg_India	AD01 1st Address		Kollam City	123456	t	f	f31d3c1f-795f-42c7-866b-5a9b8a412118	\N	\N	2024-04-15 07:41:39.916+00	2024-04-15 07:41:39.916+00	1	18	407	1
24	Mitras	Streetthis		Hydg	635489	t	f	34f533c3-d88a-49fd-ae39-a8c13dd7d2a6	\N	\N	2024-04-23 08:43:26.141+00	2024-04-23 08:43:26.141+00	1	7	190	1
25	Mitras	Streetthis		Hydg	635489	t	f	34f533c3-d88a-49fd-ae39-a8c13dd7d2a6	\N	\N	2024-04-23 08:43:29.176+00	2024-04-23 08:43:29.176+00	1	7	190	1
26	Mitras	Streetthis		Hydg	635489	t	f	34f533c3-d88a-49fd-ae39-a8c13dd7d2a6	\N	\N	2024-04-23 08:43:30.558+00	2024-04-23 08:43:30.558+00	1	7	190	1
27	Test Family 1	Pune village		Pune city	431214	t	f	0041cb61-2346-4bbe-874b-334cb9af0a1d	\N	\N	2024-04-30 09:52:00.747+00	2024-04-30 09:52:00.747+00	1	21	507	2
28	Test Family 2	Pune village		Pune City	431214	t	f	0041cb61-2346-4bbe-874b-334cb9af0a1d	\N	\N	2024-04-30 09:53:22.093+00	2024-04-30 09:53:22.093+00	1	21	507	1
29	Test Family 1	Trivandrum		Trivandrum	111111	t	f	8ddd47bf-bd89-4a24-a833-69647a3a990f	\N	\N	2024-05-20 07:34:02.88+00	2024-05-20 07:34:02.88+00	1	18	415	1
31	Test Family 2	Indore		Indore 	111000	t	f	8ddd47bf-bd89-4a24-a833-69647a3a990f	\N	\N	2024-05-20 07:37:12.604+00	2024-05-20 07:37:12.604+00	1	20	451	2
30	Test Family 1	Trivandrum		Trivandrum	111111	t	t	8ddd47bf-bd89-4a24-a833-69647a3a990f	8ddd47bf-bd89-4a24-a833-69647a3a990f	\N	2024-05-20 07:34:06.334+00	2024-05-20 07:46:49.901+00	1	18	415	1
32	Pandey	123 Miracle Way		Dhubri	234234	t	f	25bd89d9-c39f-4d08-9fcf-b952d85551e8	\N	\N	2024-05-21 22:06:04.971+00	2024-05-21 22:06:04.971+00	1	4	123	1
33	Pandey	123 Miracle Way		Dhubri	234234	t	f	25bd89d9-c39f-4d08-9fcf-b952d85551e8	\N	\N	2024-05-21 22:06:09.275+00	2024-05-21 22:06:09.275+00	1	4	123	1
34	Pandey	123 Miracle Way		Dhubri	234234	t	f	25bd89d9-c39f-4d08-9fcf-b952d85551e8	\N	\N	2024-05-21 22:06:10.618+00	2024-05-21 22:06:10.618+00	1	4	123	1
35	Pandey	123 Miracle Way		Dhubri	234234	t	f	25bd89d9-c39f-4d08-9fcf-b952d85551e8	\N	\N	2024-05-21 22:06:12.134+00	2024-05-21 22:06:12.134+00	1	4	123	1
\.


--
-- Data for Name: HT_familyMemTypeLangMaps; Type: TABLE DATA; Schema: public; Owner: ht_db_user
--

COPY public."HT_familyMemTypeLangMaps" (id, "memberType", "isActive", "isDeleted", "createdBy", "updatedBy", "createdAt", "updatedAt", "HTFamilyMemberTypeId", "HTLanguageId") FROM stdin;
\.


--
-- Data for Name: HT_familyMemberTypes; Type: TABLE DATA; Schema: public; Owner: ht_db_user
--

COPY public."HT_familyMemberTypes" (id, "memberType", "isActive", "isDeleted", "createdBy", "updatedBy", "createdAt", "updatedAt", "memberTypeLang") FROM stdin;
1	Care Giver	t	f	\N	\N	2022-02-23 05:17:56.364+00	2022-02-23 05:17:56.364+00	{"1": "Care Giver", "2": "  ", "3": ""}
2	Other Member	t	f	\N	\N	2022-02-23 05:17:56.364+00	2022-02-23 05:17:56.364+00	{"1": "Other Member", "2": " ", "3": " "}
\.


--
-- Data for Name: HT_familyMembers; Type: TABLE DATA; Schema: public; Owner: ht_db_user
--

COPY public."HT_familyMembers" (id, "firstName", "lastName", occupation, "phoneNumber", email, "isPrimaryCareGiver", "otherRelation", "isActive", "isDeleted", "createdBy", "updatedBy", "createdAt", "updatedAt", "HTFamilyId", "HTFamilyMemberTypeId", "HTFamilyRelationId") FROM stdin;
26	Caregiver01_TS_DeactivateOrg	India	Engineer	+919497288333		t		t	f	f31d3c1f-795f-42c7-866b-5a9b8a412118	\N	2024-04-15 07:41:40.132+00	2024-04-15 07:41:40.132+00	23	1	2
27	Nana	P	Job	+918746534902	Nana1234u76b@gmail.com	t		t	f	34f533c3-d88a-49fd-ae39-a8c13dd7d2a6	\N	2024-04-23 08:43:26.359+00	2024-04-23 08:43:26.359+00	24	1	3
28	Nana	P	Job	+918746534902	Nana1234u76b@gmail.com	t		t	f	34f533c3-d88a-49fd-ae39-a8c13dd7d2a6	\N	2024-04-23 08:43:29.389+00	2024-04-23 08:43:29.389+00	25	1	3
29	Nana	P	Job	+918746534902	Nana1234u76b@gmail.com	t		t	f	34f533c3-d88a-49fd-ae39-a8c13dd7d2a6	\N	2024-04-23 08:43:30.751+00	2024-04-23 08:43:30.751+00	26	1	3
30	Test 	Parent 1	Employed in a hotel	+919999999999		t		t	f	0041cb61-2346-4bbe-874b-334cb9af0a1d	\N	2024-04-30 09:52:00.95+00	2024-04-30 09:52:00.95+00	27	1	1
31	Test	Parent 2	Construction worker	+918888888888		t		t	f	0041cb61-2346-4bbe-874b-334cb9af0a1d	\N	2024-04-30 09:53:22.307+00	2024-04-30 09:53:22.307+00	28	1	2
32	Test Mother 	1	Painter	+918888888888		t		t	f	8ddd47bf-bd89-4a24-a833-69647a3a990f	\N	2024-05-20 07:34:03.095+00	2024-05-20 07:34:03.095+00	29	1	1
35	Test Father	2	Driver	+917777777777		t		t	f	8ddd47bf-bd89-4a24-a833-69647a3a990f	\N	2024-05-20 07:37:12.817+00	2024-05-20 07:37:12.817+00	31	1	2
36	Test Grandmother	2	Ragpicker	+916666666666		f		t	f	8ddd47bf-bd89-4a24-a833-69647a3a990f	\N	2024-05-20 07:43:47.622+00	2024-05-20 07:43:47.622+00	31	1	5
37	Test Grandmother	2	Ragpicker	+916666666666		f		t	f	8ddd47bf-bd89-4a24-a833-69647a3a990f	8ddd47bf-bd89-4a24-a833-69647a3a990f	2024-05-20 07:43:52.216+00	2024-05-20 07:44:34.904+00	31	1	5
33	Test Mother 	1	Painter	+918888888888		t		t	t	8ddd47bf-bd89-4a24-a833-69647a3a990f	8ddd47bf-bd89-4a24-a833-69647a3a990f	2024-05-20 07:34:06.535+00	2024-05-20 07:46:50.105+00	30	1	1
34	Test Father 	1	Labourer	+919999999999		f		t	t	8ddd47bf-bd89-4a24-a833-69647a3a990f	8ddd47bf-bd89-4a24-a833-69647a3a990f	2024-05-20 07:35:01.472+00	2024-05-20 07:46:50.105+00	30	1	2
38	Momo	Pandey	Farmer	+912343222222		t		t	f	25bd89d9-c39f-4d08-9fcf-b952d85551e8	\N	2024-05-21 22:06:05.195+00	2024-05-21 22:06:05.195+00	32	1	1
39	Momo	Pandey	Farmer	+912343222222		t		t	f	25bd89d9-c39f-4d08-9fcf-b952d85551e8	\N	2024-05-21 22:06:09.481+00	2024-05-21 22:06:09.481+00	33	1	1
40	Momo	Pandey	Farmer	+912343222222		t		t	f	25bd89d9-c39f-4d08-9fcf-b952d85551e8	\N	2024-05-21 22:06:10.832+00	2024-05-21 22:06:10.832+00	34	1	1
41	Momo	Pandey	Farmer	+912343222222		t		t	f	25bd89d9-c39f-4d08-9fcf-b952d85551e8	\N	2024-05-21 22:06:12.35+00	2024-05-21 22:06:12.35+00	35	1	1
42	Chunky	Pandey		+916788466356		f		t	f	25bd89d9-c39f-4d08-9fcf-b952d85551e8	\N	2024-05-21 22:06:38.707+00	2024-05-21 22:06:38.707+00	35	1	2
43	Chunky	Pandey		+916788466356		f		t	f	25bd89d9-c39f-4d08-9fcf-b952d85551e8	\N	2024-05-21 22:06:43.022+00	2024-05-21 22:06:43.022+00	35	1	2
\.


--
-- Data for Name: HT_familyRelanLangMaps; Type: TABLE DATA; Schema: public; Owner: ht_db_user
--

COPY public."HT_familyRelanLangMaps" (id, relation, "isActive", "isDeleted", "createdBy", "updatedBy", "createdAt", "updatedAt", "HTFamilyRelationId", "HTLanguageId") FROM stdin;
\.


--
-- Data for Name: HT_familyRelations; Type: TABLE DATA; Schema: public; Owner: ht_db_user
--

COPY public."HT_familyRelations" (id, relation, "isActive", "isDeleted", "createdBy", "updatedBy", "createdAt", "updatedAt", "relationLang") FROM stdin;
1	Mother	t	f	\N	\N	2022-02-23 05:17:56.365+00	2022-02-23 05:17:56.365+00	{"1": "Mother", "2": "", "3": ""}
2	Father	t	f	\N	\N	2022-02-23 05:17:56.365+00	2022-02-23 05:17:56.365+00	{"1": "Father", "2": "", "3": ""}
3	Sibling	t	f	\N	\N	2022-02-23 05:17:56.365+00	2022-02-23 05:17:56.365+00	{"1": "Sibling", "2": "", "3": ""}
4	Uncle/Aunt	t	f	\N	\N	2022-02-23 05:17:56.365+00	2022-02-23 05:17:56.365+00	{"1": "Uncle/Aunt", "2": "/", "3": "/ "}
5	Grandparent(s)	t	f	\N	\N	2022-02-23 05:17:56.365+00	2022-02-23 05:17:56.365+00	{"1": "Grandparent(s)", "2": "/", "3": "/ ()"}
6	Cousin	t	f	\N	\N	2022-02-23 05:17:56.365+00	2022-02-23 05:17:56.365+00	{"1": "Cousin", "2": " ", "3": " , "}
7	Others(specify)	t	f	\N	\N	2022-02-23 05:17:56.365+00	2022-02-23 05:17:56.365+00	{"1": "Others(specify)", "2": " ( )", "3": " ()"}
\.


--
-- Data for Name: HT_fileUploadMappings; Type: TABLE DATA; Schema: public; Owner: ht_db_user
--

COPY public."HT_fileUploadMappings" (id, "originalFileName", "customFileName", "moduleType", "documentType", "filePath", "fileUrl", "fileStatus", "fileSize", description, "isActive", "isDeleted", "createdBy", "updatedBy", "createdAt", "updatedAt", "HTChildId", "HTAccountId", "HTUserId") FROM stdin;
\.


--
-- Data for Name: HT_formQuestionMappings; Type: TABLE DATA; Schema: public; Owner: ht_db_user
--

COPY public."HT_formQuestionMappings" (id, "order", "isActive", "isDeleted", "createdBy", "updatedBy", "createdAt", "updatedAt", "HTQuestionId", "HTFormId") FROM stdin;
340	2	t	f	\N	\N	2024-03-20 09:23:40.749377+00	2024-03-20 09:23:40.749377+00	2	1
341	3	t	f	\N	\N	2024-03-20 09:23:40.749377+00	2024-03-20 09:23:40.749377+00	3	1
342	4	t	f	\N	\N	2024-03-20 09:23:40.749377+00	2024-03-20 09:23:40.749377+00	4	1
343	5	t	f	\N	\N	2024-03-20 09:23:40.749377+00	2024-03-20 09:23:40.749377+00	5	1
344	6	t	f	\N	\N	2024-03-20 09:23:40.749377+00	2024-03-20 09:23:40.749377+00	6	1
345	7	t	f	\N	\N	2024-03-20 09:23:40.749377+00	2024-03-20 09:23:40.749377+00	7	1
346	8	t	f	\N	\N	2024-03-20 09:23:40.749377+00	2024-03-20 09:23:40.749377+00	8	1
347	9	t	f	\N	\N	2024-03-20 09:23:40.749377+00	2024-03-20 09:23:40.749377+00	9	1
348	10	t	f	\N	\N	2024-03-20 09:23:40.749377+00	2024-03-20 09:23:40.749377+00	10	1
349	11	t	f	\N	\N	2024-03-20 09:23:40.749377+00	2024-03-20 09:23:40.749377+00	11	1
350	12	t	f	\N	\N	2024-03-20 09:23:40.749377+00	2024-03-20 09:23:40.749377+00	12	1
351	13	t	f	\N	\N	2024-03-20 09:23:40.749377+00	2024-03-20 09:23:40.749377+00	13	1
352	14	t	f	\N	\N	2024-03-20 09:23:40.749377+00	2024-03-20 09:23:40.749377+00	14	1
353	15	t	f	\N	\N	2024-03-20 09:23:40.749377+00	2024-03-20 09:23:40.749377+00	15	1
354	16	t	f	\N	\N	2024-03-20 09:23:40.749377+00	2024-03-20 09:23:40.749377+00	16	1
355	17	t	f	\N	\N	2024-03-20 09:23:40.749377+00	2024-03-20 09:23:40.749377+00	17	1
356	18	t	f	\N	\N	2024-03-20 09:23:40.749377+00	2024-03-20 09:23:40.749377+00	18	1
357	19	t	f	\N	\N	2024-03-20 09:23:40.749377+00	2024-03-20 09:23:40.749377+00	19	1
358	20	t	f	\N	\N	2024-03-20 09:23:40.749377+00	2024-03-20 09:23:40.749377+00	20	1
359	21	t	f	\N	\N	2024-03-20 09:23:40.749377+00	2024-03-20 09:23:40.749377+00	21	1
360	22	t	f	\N	\N	2024-03-20 09:23:40.749377+00	2024-03-20 09:23:40.749377+00	22	1
361	23	t	f	\N	\N	2024-03-20 09:23:40.749377+00	2024-03-20 09:23:40.749377+00	23	1
362	24	t	f	\N	\N	2024-03-20 09:23:40.749377+00	2024-03-20 09:23:40.749377+00	24	1
363	25	t	f	\N	\N	2024-03-20 09:23:40.749377+00	2024-03-20 09:23:40.749377+00	25	1
364	26	t	f	\N	\N	2024-03-20 09:23:40.749377+00	2024-03-20 09:23:40.749377+00	26	1
365	27	t	f	\N	\N	2024-03-20 09:23:40.749377+00	2024-03-20 09:23:40.749377+00	27	1
366	28	t	f	\N	\N	2024-03-20 09:23:40.749377+00	2024-03-20 09:23:40.749377+00	28	1
367	29	t	f	\N	\N	2024-03-20 09:23:40.749377+00	2024-03-20 09:23:40.749377+00	29	1
368	30	t	f	\N	\N	2024-03-20 09:23:40.749377+00	2024-03-20 09:23:40.749377+00	30	1
369	31	t	f	\N	\N	2024-03-20 09:23:40.749377+00	2024-03-20 09:23:40.749377+00	31	1
370	32	t	f	\N	\N	2024-03-20 09:23:40.749377+00	2024-03-20 09:23:40.749377+00	32	1
371	33	t	f	\N	\N	2024-03-20 09:23:40.749377+00	2024-03-20 09:23:40.749377+00	33	1
372	34	t	f	\N	\N	2024-03-20 09:23:40.749377+00	2024-03-20 09:23:40.749377+00	34	1
373	35	t	f	\N	\N	2024-03-20 09:23:40.749377+00	2024-03-20 09:23:40.749377+00	35	1
374	36	t	f	\N	\N	2024-03-20 09:23:40.749377+00	2024-03-20 09:23:40.749377+00	36	1
375	37	t	f	\N	\N	2024-03-20 09:23:40.749377+00	2024-03-20 09:23:40.749377+00	37	1
376	38	t	f	\N	\N	2024-03-20 09:23:40.749377+00	2024-03-20 09:23:40.749377+00	38	1
377	39	t	f	\N	\N	2024-03-20 09:23:40.749377+00	2024-03-20 09:23:40.749377+00	39	1
378	40	t	f	\N	\N	2024-03-20 09:23:40.749377+00	2024-03-20 09:23:40.749377+00	40	1
379	41	t	f	\N	\N	2024-03-20 09:23:40.749377+00	2024-03-20 09:23:40.749377+00	41	1
380	42	t	f	\N	\N	2024-03-20 09:23:40.749377+00	2024-03-20 09:23:40.749377+00	42	1
381	43	t	f	\N	\N	2024-03-20 09:23:40.749377+00	2024-03-20 09:23:40.749377+00	43	1
382	44	t	f	\N	\N	2024-03-20 09:23:40.749377+00	2024-03-20 09:23:40.749377+00	44	1
339	1	t	f	\N	\N	2024-03-20 09:23:40.749377+00	2024-03-20 09:23:40.749377+00	1	1
\.


--
-- Data for Name: HT_formRevisions; Type: TABLE DATA; Schema: public; Owner: ht_db_user
--

COPY public."HT_formRevisions" (id, "order", "revisionNumber", "isActive", "isDeleted", "createdBy", "updatedBy", "createdAt", "updatedAt", "HTFormId", "HTQuestionId") FROM stdin;
\.


--
-- Data for Name: HT_forms; Type: TABLE DATA; Schema: public; Owner: ht_db_user
--

COPY public."HT_forms" (id, "formName", description, "currentRevision", "isDraft", "isPublished", "isActive", "isDeleted", "createdBy", "updatedBy", "createdAt", "updatedAt", "HTAccountId") FROM stdin;
1	Miracle Foundation(Default Form)	(Default Form)	0	f	t	t	f	\N	\N	2023-07-20 06:01:38.824+00	2024-03-28 17:16:19.522+00	\N
\.


--
-- Data for Name: HT_importLogs; Type: TABLE DATA; Schema: public; Owner: ht_db_user
--

COPY public."HT_importLogs" (id, "moduleType", data, error, "errorType", "entityId", "injectiondocId", "isActive", "isDeleted", "createdBy", "updatedBy", "createdAt", "updatedAt") FROM stdin;
\.


--
-- Data for Name: HT_importMappings; Type: TABLE DATA; Schema: public; Owner: ht_db_user
--

COPY public."HT_importMappings" (id, "originalFileName", "customFileName", "moduleType", "documentType", "filePath", "fileUrl", "fileStatus", "importStatus", "fileSize", description, "dataCount", "isActive", "isDeleted", "createdBy", "updatedBy", "createdAt", "updatedAt") FROM stdin;
\.


--
-- Data for Name: HT_langMaps; Type: TABLE DATA; Schema: public; Owner: ht_db_user
--

COPY public."HT_langMaps" (id, language, "isActive", "isDeleted", "createdBy", "updatedBy", "createdAt", "updatedAt", "HTLanguageId", "LanguageRefIdId") FROM stdin;
\.


--
-- Data for Name: HT_languages; Type: TABLE DATA; Schema: public; Owner: ht_db_user
--

COPY public."HT_languages" (id, language, "langCode", "isActive", "isDeleted", "createdAt", "updatedAt") FROM stdin;
1	English	ENG	t	f	2024-01-16 07:01:42+00	2024-01-16 07:01:42+00
3	Tamil	TAM	t	f	2024-01-16 07:01:42+00	2024-01-16 07:01:42+00
2	Hindi	HIN	t	f	2024-01-16 07:01:42+00	2024-01-16 07:01:42+00
\.


--
-- Data for Name: HT_logExports; Type: TABLE DATA; Schema: public; Owner: ht_db_user
--

COPY public."HT_logExports" (id, "s3BucketName", location, "creationTime", "logTaskId", "logGroupName", "logName", "fromTimestamp", "toTimestamp", "completionTime", "createdAt", "updatedAt") FROM stdin;
\.


--
-- Data for Name: HT_notifLangMaps; Type: TABLE DATA; Schema: public; Owner: ht_db_user
--

COPY public."HT_notifLangMaps" (id, title, body, "isActive", "isDeleted", "createdBy", "updatedBy", "createdAt", "updatedAt", "HTNotificationId", "HTLanguageId") FROM stdin;
\.


--
-- Data for Name: HT_notifications; Type: TABLE DATA; Schema: public; Owner: ht_db_user
--

COPY public."HT_notifications" (id, "readStatus", title, body, module, "isActive", "isDeleted", "createdBy", "updatedBy", "createdAt", "updatedAt", "HTNotifnEventTypeId", "SenderIdId", "RecieverIdId", "HTUserId", "HTChildId", "HTCaseId", "HTFamilyId") FROM stdin;
\.


--
-- Data for Name: HT_notifnEventTypes; Type: TABLE DATA; Schema: public; Owner: ht_db_user
--

COPY public."HT_notifnEventTypes" (id, "eventType", "isActive", "isDeleted", "createdBy", "updatedBy", "createdAt", "updatedAt") FROM stdin;
\.


--
-- Data for Name: HT_questionDomains; Type: TABLE DATA; Schema: public; Owner: ht_db_user
--

COPY public."HT_questionDomains" (id, "domainName", description, "isActive", "isDeleted", "createdBy", "updatedBy", "createdAt", "updatedAt", "domainNameLang") FROM stdin;
1	Family and Social Relationships	\N	t	f	\N	\N	2022-02-23 05:17:56.365+00	2022-02-23 05:17:56.365+00	{"1": "Family and Social Relationships", "2": "   ", "3": "   "}
2	Household Economy 	\N	t	f	\N	\N	2022-02-23 05:17:56.365+00	2022-02-23 05:17:56.365+00	{"1": "Household Economy", "2": " ", "3": " "}
3	Living Conditions	\N	t	f	\N	\N	2022-02-23 05:17:56.365+00	2022-02-23 05:17:56.365+00	{"1": "Living Conditions", "2": "  ", "3": " "}
4	Education	\N	t	f	\N	\N	2022-02-23 05:17:56.365+00	2022-02-23 05:17:56.365+00	{"1": "Education", "2": "", "3": ""}
5	Health and Mental Health	\N	t	f	\N	\N	2022-02-23 05:17:56.365+00	2022-02-23 05:17:56.365+00	{"1": "Health and Mental Health", "2": "   ", "3": "   "}
\.


--
-- Data for Name: HT_questionLangMaps; Type: TABLE DATA; Schema: public; Owner: ht_db_user
--

COPY public."HT_questionLangMaps" (id, "questionText", "questionHelpText", "isActive", "isDeleted", "createdBy", "updatedBy", "createdAt", "updatedAt", "HTQuestionId", "HTLanguageId") FROM stdin;
\.


--
-- Data for Name: HT_questionTypes; Type: TABLE DATA; Schema: public; Owner: ht_db_user
--

COPY public."HT_questionTypes" (id, "typeName", description, "isActive", "isDeleted", "createdBy", "updatedBy", "createdAt", "updatedAt") FROM stdin;
1	Domain Question	\N	t	f	\N	\N	2022-02-23 05:17:56.365+00	2022-02-23 05:17:56.365+00
2	Redflag Followup Question	\N	t	f	\N	\N	2022-02-23 05:17:56.365+00	2022-02-23 05:17:56.365+00
3	Intervention Question	\N	t	f	\N	\N	2022-02-23 05:17:56.365+00	2022-02-23 05:17:56.365+00
\.


--
-- Data for Name: HT_questions; Type: TABLE DATA; Schema: public; Owner: ht_db_user
--

COPY public."HT_questions" (id, "questionText", "questionHelpText", "isRedFlag", "isFosterCareFlag", "isActive", "isDeleted", "createdBy", "updatedBy", "createdAt", "updatedAt", "HTAccountId", "HTQuestionDomainId", "HTQuestionTypeId", "HTAnswerTypeId", "HTQuestionId") FROM stdin;
1	Physical or emotional abuse is occurring in the family.	A child or another family member is a victim of physical/emotional abuse, bullying, non-accidental injury, or domestic violence.	t	f	t	f	\N	\N	2023-07-20 06:01:38.824+00	2023-07-20 06:01:38.824+00	\N	1	1	1	\N
2	Sexual abuse is occuring in the family.	A child or another family member is a victim of inappropriate touching, molestation, forced viewing of pornography, child grooming, cyber molestation.	t	f	t	f	\N	\N	2022-02-21 16:47:39.171+00	2023-07-20 06:01:38.824+00	\N	1	1	1	\N
4	The family has strong relationships with their extended family.	The family receives support such as emotional, financial, childcare, etc from extended family.	f	f	t	f	\N	\N	2022-02-21 16:47:42.944+00	2022-02-21 16:47:42.944+00	\N	1	1	1	\N
5	The family has a strong support network with their neighbors and community.	The family has neighbors and community that they can turn to when they need help.	f	f	t	f	\N	\N	2022-02-21 16:47:44.19+00	2022-02-21 16:47:44.19+00	\N	1	1	1	\N
6	Parents/caregivers have the skills needed to guide and support their children.	\N	f	f	t	f	\N	\N	2022-02-21 16:47:45.418+00	2022-02-21 16:47:45.418+00	\N	1	1	1	\N
7	Parents/caregivers are capable of providing care to children requiring extra support (e.g. teens, infants, behavioral/emotional/physical issues).	\N	f	f	t	f	\N	\N	2022-02-21 16:47:47.242+00	2022-02-21 16:47:47.242+00	\N	1	1	1	\N
8	Parents/caregivers have the energy, knowledge, and resources to care for their children (e.g. primary caregivers are not under 21 years of age or elderly).	\N	f	f	t	f	\N	\N	2022-02-21 16:47:48.32+00	2022-02-21 16:47:48.32+00	\N	1	1	1	\N
9	The family is aware of child protection risks, signs, and reporting procedures.	\N	t	f	t	f	\N	\N	2022-02-21 16:47:49.342+00	2023-07-23 09:44:08.305+00	\N	1	1	1	\N
10	Parents are supportive of their childrens rights.	Parents/caregivers treat their children with respect, and recognize their right to privacy, equal opportunity regardless of gender, and to participate in decisions that affect them.	f	f	t	f	\N	\N	2022-02-21 16:47:50.164+00	2022-02-21 16:47:50.164+00	\N	1	1	1	\N
11	Foster Care only: The child has contact with their birth family.	\N	f	t	t	f	\N	\N	2022-02-21 16:47:50.985+00	2022-02-21 16:47:50.985+00	\N	1	1	1	\N
12	Parents/caregivers have a positive relationship with each other.	Parents/caregivers love, support, respect, trust, and care for each other, and communicate openly and honestly.	f	f	t	f	\N	\N	2022-02-21 16:47:51.767+00	2022-02-21 16:47:51.767+00	\N	1	1	1	\N
13	Adults in the home have steady, secure, safe employment that can support their financial needs.	\N	t	f	t	f	\N	\N	2022-02-21 16:47:53.814+00	2022-02-21 16:47:53.814+00	\N	2	1	1	\N
14	The adult(s) have education/skills for employment that can financially support the family.	\N	f	f	t	f	\N	\N	2022-02-21 16:47:55.229+00	2022-02-21 16:47:55.229+00	\N	2	1	1	\N
15	The adults are able to purchase supplies/tools for their jobs.	\N	f	f	t	f	\N	\N	2022-02-21 16:47:57.121+00	2022-02-21 16:47:57.121+00	\N	2	1	1	\N
16	Adults have access to transportation for their job(s).	\N	f	f	t	f	\N	\N	2022-02-21 16:47:58.424+00	2022-02-21 16:47:58.424+00	\N	2	1	1	\N
17	The family has childcare during working hours.	\N	f	f	t	f	\N	\N	2022-02-21 16:47:59.344+00	2022-02-21 16:47:59.344+00	\N	2	1	1	\N
18	Adults are able to provide food, clothing, and household supplies for the family.	\N	f	f	t	f	\N	\N	2022-02-21 16:48:00.482+00	2022-02-21 16:48:00.482+00	\N	2	1	1	\N
19	Adults are able to pay rent and bills regularly.	\N	f	f	t	f	\N	\N	2022-02-21 16:48:02.109+00	2022-02-21 16:48:02.109+00	\N	2	1	1	\N
20	The family is able to cope with emergency expenses.	The family is able to cope with emergency expenses such as loss of employment, pandemic situation, natural disaster, lean period, etc.	f	f	t	f	\N	\N	2022-02-21 16:48:04.978+00	2022-02-21 16:48:04.978+00	\N	2	1	1	\N
21	The family is claiming all benefits and schemes that they are entitled to, and accessing support from community NGOs as needed.	\N	f	f	t	f	\N	\N	2022-02-21 16:48:06.335+00	2022-02-21 16:48:06.335+00	\N	2	1	1	\N
22	Living conditions are safe for the family.	Living conditions are safe for the family, including safe water and sanitation, absence of high crime and alcoholism/substance abuse in the community, or lack of community trauma such as pandemic, flood, extreme pollution, etc.  Parent/Caregiver meets the childs immediate needs for supervision, food, clothing, medical care.	t	f	t	f	\N	\N	2022-02-21 16:48:07.665+00	2022-02-21 16:48:07.665+00	\N	3	1	1	\N
23	The familys housing is stable and secure, not at risk of loss or eviction.	\N	f	f	t	f	\N	\N	2022-02-21 16:48:09.585+00	2022-02-21 16:48:09.585+00	\N	3	1	1	\N
24	The family has the basic amenities.	The family has the basic necessities of energy for cooking, heating, and lighting, proper food storage, and suitable refuse disposal.	f	f	t	f	\N	\N	2022-02-21 16:48:13.068+00	2022-02-21 16:48:13.068+00	\N	3	1	1	\N
25	The familys home is equipped/furnished similar to others in their community, according to cultural norms and standards.	\N	f	f	t	f	\N	\N	2022-02-21 16:48:14.09+00	2022-02-21 16:48:14.09+00	\N	3	1	1	\N
26	All school age children attend school regularly.	\N	t	f	t	f	\N	\N	2022-02-21 16:48:15.115+00	2022-02-21 16:48:15.115+00	\N	4	1	1	\N
27	The children attend higher education or vocational training if desired.	\N	f	f	t	f	\N	\N	2022-02-21 16:48:17.777+00	2023-07-26 05:57:04.873+00	\N	4	1	1	\N
28	The children have appropriate school supplies/educational toys, and access to resources for remote education as needed.	\N	f	f	t	f	\N	\N	2022-02-21 16:48:18.801+00	2022-02-21 16:48:18.801+00	\N	4	1	1	\N
29	The children have transportation to school.	\N	f	f	t	f	\N	\N	2022-02-21 16:48:19.927+00	2022-02-21 16:48:19.927+00	\N	4	1	1	\N
30	The children receive educational support as needed.	The children receive educational support as needed such as coaching teachers, and testing and support for learning issues.	f	f	t	f	\N	\N	2022-02-21 16:48:20.849+00	2022-02-21 16:48:20.849+00	\N	4	1	1	\N
31	The children are involved in extracurricular activities.	\N	f	f	t	f	\N	\N	2022-02-21 16:48:23.584+00	2022-02-21 16:48:23.584+00	\N	4	1	1	\N
32	The family is not impacted by alcohol/substance abuse by a family member(s).	\N	t	f	t	f	\N	\N	2022-02-21 16:48:24.372+00	2022-02-21 16:48:24.372+00	\N	5	1	1	\N
33	Family members have access to healthcare for routine care and emergencies.	\N	f	f	t	f	\N	\N	2022-02-21 16:48:25.975+00	2022-02-21 16:48:25.975+00	\N	5	1	1	\N
34	The family has the resources to address recent or chronic health issues.	\N	f	f	t	f	\N	\N	2022-02-21 16:48:27.402+00	2022-02-21 16:48:27.402+00	\N	5	1	1	\N
35	The family has the resources to address significant dental or vision issues.	\N	f	f	t	f	\N	\N	2022-02-21 16:48:30.373+00	2022-02-21 16:48:30.373+00	\N	5	1	1	\N
36	The family has support for dealing with depression, anxiety, or ADHD.	\N	f	f	t	f	\N	\N	2022-02-21 16:48:31.806+00	2022-02-21 16:48:31.806+00	\N	5	1	1	\N
37	The family has support for dealing with psychosis, bipolar disorder, PTSD or other mental illness.	\N	f	f	t	f	\N	\N	2022-02-21 16:48:33.274+00	2022-02-21 16:48:33.274+00	\N	5	1	1	\N
38	The family has access to medications/medical equipment.	\N	f	f	t	f	\N	\N	2022-02-21 16:48:34.776+00	2022-02-21 16:48:34.776+00	\N	5	1	1	\N
39	The family has support for any diagnosed impairment, disability, or developmental delay.	\N	f	f	t	f	\N	\N	2022-02-21 16:48:37.062+00	2022-02-21 16:48:37.062+00	\N	5	1	1	\N
40	The family practices proper hygiene and self-care.	The family practices proper hygiene and self-care including healthy eating, proper hydration, good sleep habits, exercise in the form of walks/physical activity, and adequate relaxation.	f	f	t	f	\N	\N	2022-02-21 16:48:38.463+00	2022-02-21 16:48:38.463+00	\N	5	1	1	\N
3	The child is a victim or at risk of child marriage.	\N	t	f	t	f	\N	\N	2022-02-21 16:47:40.911+00	2022-02-21 16:47:40.911+00	\N	1	1	1	\N
41	The family is able to address any nutritional deficiency, unhealthy weight loss, malnutrition, or anemia.	\N	f	f	t	f	\N	\N	2022-02-21 16:48:39.555+00	2022-02-21 16:48:39.555+00	\N	5	1	1	\N
42	The family has regular access to nutritional food.	\N	f	f	t	f	\N	\N	2022-02-21 16:48:41.535+00	2022-02-21 16:48:41.535+00	\N	5	1	1	\N
43	Everyone in the family is covered by health insurance.	\N	f	f	t	f	\N	\N	2022-02-21 16:48:42.661+00	2022-02-21 16:48:42.661+00	\N	5	1	1	\N
44	The family has transportation for medical care/emergencies.	The family has access to a personal vehicle, reliable transportation from family member, neighbor, or friend, or public transportation appropriate to the medical urgency.	f	f	t	f	\N	\N	2022-02-21 16:48:43.788+00	2022-02-21 16:48:43.788+00	\N	5	1	1	\N
\.


--
-- Data for Name: HT_qusnDomainLangMaps; Type: TABLE DATA; Schema: public; Owner: ht_db_user
--

COPY public."HT_qusnDomainLangMaps" (id, "domainName", description, "isActive", "isDeleted", "createdBy", "updatedBy", "createdAt", "updatedAt", "HTQuestionDomainId", "HTLanguageId") FROM stdin;
\.


--
-- Data for Name: HT_recurringEvents; Type: TABLE DATA; Schema: public; Owner: ht_db_user
--

COPY public."HT_recurringEvents" (id, "startDate", "endDate", "isActive", "isDeleted", "createdBy", "updatedBy", "createdAt", "updatedAt") FROM stdin;
\.


--
-- Data for Name: HT_responses; Type: TABLE DATA; Schema: public; Owner: ht_db_user
--

COPY public."HT_responses" (id, "textResponse", "otherResponse", "isInterResp", "isActive", "isDeleted", "createdBy", "updatedBy", "createdAt", "updatedAt", "HTAssessmentId", "HTQuestionId", "HTChoiceId") FROM stdin;
732			f	t	f	af6bb192-f1d5-4148-bb08-206d1e0151ea	\N	2024-05-22 11:52:49.426+00	2024-05-22 11:52:49.426+00	21	1	2
733			f	t	f	af6bb192-f1d5-4148-bb08-206d1e0151ea	\N	2024-05-22 11:52:49.426+00	2024-05-22 11:52:49.426+00	21	2	3
734			f	t	f	af6bb192-f1d5-4148-bb08-206d1e0151ea	\N	2024-05-22 11:52:49.426+00	2024-05-22 11:52:49.426+00	21	3	3
735			f	t	f	af6bb192-f1d5-4148-bb08-206d1e0151ea	\N	2024-05-22 11:52:49.426+00	2024-05-22 11:52:49.426+00	21	9	3
736			f	t	f	af6bb192-f1d5-4148-bb08-206d1e0151ea	\N	2024-05-22 11:52:49.426+00	2024-05-22 11:52:49.426+00	21	4	3
737			f	t	f	af6bb192-f1d5-4148-bb08-206d1e0151ea	\N	2024-05-22 11:52:49.426+00	2024-05-22 11:52:49.426+00	21	5	3
738			f	t	f	af6bb192-f1d5-4148-bb08-206d1e0151ea	\N	2024-05-22 11:52:49.426+00	2024-05-22 11:52:49.426+00	21	6	3
739			f	t	f	af6bb192-f1d5-4148-bb08-206d1e0151ea	\N	2024-05-22 11:52:49.426+00	2024-05-22 11:52:49.426+00	21	7	3
740			f	t	f	af6bb192-f1d5-4148-bb08-206d1e0151ea	\N	2024-05-22 11:52:49.426+00	2024-05-22 11:52:49.426+00	21	8	3
741			f	t	f	af6bb192-f1d5-4148-bb08-206d1e0151ea	\N	2024-05-22 11:52:49.426+00	2024-05-22 11:52:49.426+00	21	10	3
742			f	t	f	af6bb192-f1d5-4148-bb08-206d1e0151ea	\N	2024-05-22 11:52:49.426+00	2024-05-22 11:52:49.426+00	21	12	3
743			f	t	f	af6bb192-f1d5-4148-bb08-206d1e0151ea	\N	2024-05-22 11:52:49.426+00	2024-05-22 11:52:49.426+00	21	13	3
744			f	t	f	af6bb192-f1d5-4148-bb08-206d1e0151ea	\N	2024-05-22 11:52:49.426+00	2024-05-22 11:52:49.426+00	21	14	3
745			f	t	f	af6bb192-f1d5-4148-bb08-206d1e0151ea	\N	2024-05-22 11:52:49.426+00	2024-05-22 11:52:49.426+00	21	15	3
746	Xxx		f	t	f	af6bb192-f1d5-4148-bb08-206d1e0151ea	\N	2024-05-22 11:52:49.426+00	2024-05-22 11:52:49.426+00	21	16	2
747	Xxx		t	t	f	af6bb192-f1d5-4148-bb08-206d1e0151ea	\N	2024-05-22 11:52:49.426+00	2024-05-22 11:52:49.426+00	21	16	47
748			f	t	f	af6bb192-f1d5-4148-bb08-206d1e0151ea	\N	2024-05-22 11:52:49.426+00	2024-05-22 11:52:49.426+00	21	17	3
749			f	t	f	af6bb192-f1d5-4148-bb08-206d1e0151ea	\N	2024-05-22 11:52:49.426+00	2024-05-22 11:52:49.426+00	21	18	3
750			f	t	f	af6bb192-f1d5-4148-bb08-206d1e0151ea	\N	2024-05-22 11:52:49.426+00	2024-05-22 11:52:49.426+00	21	19	3
751			f	t	f	af6bb192-f1d5-4148-bb08-206d1e0151ea	\N	2024-05-22 11:52:49.426+00	2024-05-22 11:52:49.426+00	21	20	3
752			f	t	f	af6bb192-f1d5-4148-bb08-206d1e0151ea	\N	2024-05-22 11:52:49.426+00	2024-05-22 11:52:49.426+00	21	21	3
753	Xxx		f	t	f	af6bb192-f1d5-4148-bb08-206d1e0151ea	\N	2024-05-22 11:52:49.426+00	2024-05-22 11:52:49.426+00	21	22	2
754	Xxx		t	t	f	af6bb192-f1d5-4148-bb08-206d1e0151ea	\N	2024-05-22 11:52:49.426+00	2024-05-22 11:52:49.426+00	21	22	69
755	Xxx		t	t	f	af6bb192-f1d5-4148-bb08-206d1e0151ea	\N	2024-05-22 11:52:49.426+00	2024-05-22 11:52:49.426+00	21	22	70
756			f	t	f	af6bb192-f1d5-4148-bb08-206d1e0151ea	\N	2024-05-22 11:52:49.426+00	2024-05-22 11:52:49.426+00	21	23	3
757			f	t	f	af6bb192-f1d5-4148-bb08-206d1e0151ea	\N	2024-05-22 11:52:49.426+00	2024-05-22 11:52:49.426+00	21	24	3
758			f	t	f	af6bb192-f1d5-4148-bb08-206d1e0151ea	\N	2024-05-22 11:52:49.426+00	2024-05-22 11:52:49.426+00	21	25	3
759			f	t	f	af6bb192-f1d5-4148-bb08-206d1e0151ea	\N	2024-05-22 11:52:49.426+00	2024-05-22 11:52:49.426+00	21	26	3
760	Xxx		f	t	f	af6bb192-f1d5-4148-bb08-206d1e0151ea	\N	2024-05-22 11:52:49.426+00	2024-05-22 11:52:49.426+00	21	27	2
761	Xxx		t	t	f	af6bb192-f1d5-4148-bb08-206d1e0151ea	\N	2024-05-22 11:52:49.426+00	2024-05-22 11:52:49.426+00	21	27	155
762			f	t	f	af6bb192-f1d5-4148-bb08-206d1e0151ea	\N	2024-05-22 11:52:49.426+00	2024-05-22 11:52:49.426+00	21	28	3
763			f	t	f	af6bb192-f1d5-4148-bb08-206d1e0151ea	\N	2024-05-22 11:52:49.426+00	2024-05-22 11:52:49.426+00	21	29	3
764			f	t	f	af6bb192-f1d5-4148-bb08-206d1e0151ea	\N	2024-05-22 11:52:49.426+00	2024-05-22 11:52:49.426+00	21	30	3
765			f	t	f	af6bb192-f1d5-4148-bb08-206d1e0151ea	\N	2024-05-22 11:52:49.426+00	2024-05-22 11:52:49.426+00	21	31	3
766			f	t	f	af6bb192-f1d5-4148-bb08-206d1e0151ea	\N	2024-05-22 11:52:49.426+00	2024-05-22 11:52:49.426+00	21	32	3
767			f	t	f	af6bb192-f1d5-4148-bb08-206d1e0151ea	\N	2024-05-22 11:52:49.426+00	2024-05-22 11:52:49.426+00	21	33	3
768			f	t	f	af6bb192-f1d5-4148-bb08-206d1e0151ea	\N	2024-05-22 11:52:49.426+00	2024-05-22 11:52:49.426+00	21	34	3
769			f	t	f	af6bb192-f1d5-4148-bb08-206d1e0151ea	\N	2024-05-22 11:52:49.426+00	2024-05-22 11:52:49.426+00	21	35	3
770			f	t	f	af6bb192-f1d5-4148-bb08-206d1e0151ea	\N	2024-05-22 11:52:49.426+00	2024-05-22 11:52:49.426+00	21	36	3
771			f	t	f	af6bb192-f1d5-4148-bb08-206d1e0151ea	\N	2024-05-22 11:52:49.426+00	2024-05-22 11:52:49.426+00	21	37	3
772			f	t	f	af6bb192-f1d5-4148-bb08-206d1e0151ea	\N	2024-05-22 11:52:49.426+00	2024-05-22 11:52:49.426+00	21	38	3
773			f	t	f	af6bb192-f1d5-4148-bb08-206d1e0151ea	\N	2024-05-22 11:52:49.426+00	2024-05-22 11:52:49.426+00	21	39	3
774			f	t	f	af6bb192-f1d5-4148-bb08-206d1e0151ea	\N	2024-05-22 11:52:49.426+00	2024-05-22 11:52:49.426+00	21	40	3
775			f	t	f	af6bb192-f1d5-4148-bb08-206d1e0151ea	\N	2024-05-22 11:52:49.426+00	2024-05-22 11:52:49.426+00	21	41	3
776			f	t	f	af6bb192-f1d5-4148-bb08-206d1e0151ea	\N	2024-05-22 11:52:49.426+00	2024-05-22 11:52:49.426+00	21	42	4
777			f	t	f	af6bb192-f1d5-4148-bb08-206d1e0151ea	\N	2024-05-22 11:52:49.426+00	2024-05-22 11:52:49.426+00	21	43	3
778			f	t	f	af6bb192-f1d5-4148-bb08-206d1e0151ea	\N	2024-05-22 11:52:49.426+00	2024-05-22 11:52:49.426+00	21	44	3
822			f	t	f	af6bb192-f1d5-4148-bb08-206d1e0151ea	\N	2024-05-22 12:28:57.679+00	2024-05-22 12:28:57.679+00	23	1	2
823			f	t	f	af6bb192-f1d5-4148-bb08-206d1e0151ea	\N	2024-05-22 12:28:57.679+00	2024-05-22 12:28:57.679+00	23	2	3
824			f	t	f	af6bb192-f1d5-4148-bb08-206d1e0151ea	\N	2024-05-22 12:28:57.679+00	2024-05-22 12:28:57.679+00	23	3	3
825			f	t	f	af6bb192-f1d5-4148-bb08-206d1e0151ea	\N	2024-05-22 12:28:57.679+00	2024-05-22 12:28:57.679+00	23	9	3
826			f	t	f	af6bb192-f1d5-4148-bb08-206d1e0151ea	\N	2024-05-22 12:28:57.679+00	2024-05-22 12:28:57.679+00	23	4	3
827			f	t	f	af6bb192-f1d5-4148-bb08-206d1e0151ea	\N	2024-05-22 12:28:57.679+00	2024-05-22 12:28:57.679+00	23	5	3
828			f	t	f	af6bb192-f1d5-4148-bb08-206d1e0151ea	\N	2024-05-22 12:28:57.679+00	2024-05-22 12:28:57.679+00	23	6	3
829			f	t	f	af6bb192-f1d5-4148-bb08-206d1e0151ea	\N	2024-05-22 12:28:57.679+00	2024-05-22 12:28:57.679+00	23	7	3
830			f	t	f	af6bb192-f1d5-4148-bb08-206d1e0151ea	\N	2024-05-22 12:28:57.679+00	2024-05-22 12:28:57.679+00	23	8	3
831			f	t	f	af6bb192-f1d5-4148-bb08-206d1e0151ea	\N	2024-05-22 12:28:57.679+00	2024-05-22 12:28:57.679+00	23	10	3
832			f	t	f	af6bb192-f1d5-4148-bb08-206d1e0151ea	\N	2024-05-22 12:28:57.679+00	2024-05-22 12:28:57.679+00	23	12	3
833			f	t	f	af6bb192-f1d5-4148-bb08-206d1e0151ea	\N	2024-05-22 12:28:57.679+00	2024-05-22 12:28:57.679+00	23	13	3
834			f	t	f	af6bb192-f1d5-4148-bb08-206d1e0151ea	\N	2024-05-22 12:28:57.679+00	2024-05-22 12:28:57.679+00	23	14	3
582			f	t	f	0041cb61-2346-4bbe-874b-334cb9af0a1d	\N	2024-04-30 13:06:42.678+00	2024-04-30 13:06:42.678+00	18	2	3
583			f	t	f	0041cb61-2346-4bbe-874b-334cb9af0a1d	\N	2024-04-30 13:06:42.678+00	2024-04-30 13:06:42.678+00	18	3	3
584			f	t	f	0041cb61-2346-4bbe-874b-334cb9af0a1d	\N	2024-04-30 13:06:42.678+00	2024-04-30 13:06:42.678+00	18	9	2
585			t	t	f	0041cb61-2346-4bbe-874b-334cb9af0a1d	\N	2024-04-30 13:06:42.678+00	2024-04-30 13:06:42.678+00	18	9	153
586			f	t	f	0041cb61-2346-4bbe-874b-334cb9af0a1d	\N	2024-04-30 13:06:42.678+00	2024-04-30 13:06:42.678+00	18	4	3
587			f	t	f	0041cb61-2346-4bbe-874b-334cb9af0a1d	\N	2024-04-30 13:06:42.678+00	2024-04-30 13:06:42.678+00	18	5	3
588			f	t	f	0041cb61-2346-4bbe-874b-334cb9af0a1d	\N	2024-04-30 13:06:42.678+00	2024-04-30 13:06:42.678+00	18	6	3
589			f	t	f	0041cb61-2346-4bbe-874b-334cb9af0a1d	\N	2024-04-30 13:06:42.678+00	2024-04-30 13:06:42.678+00	18	7	3
590			f	t	f	0041cb61-2346-4bbe-874b-334cb9af0a1d	\N	2024-04-30 13:06:42.678+00	2024-04-30 13:06:42.678+00	18	8	3
591			f	t	f	0041cb61-2346-4bbe-874b-334cb9af0a1d	\N	2024-04-30 13:06:42.678+00	2024-04-30 13:06:42.678+00	18	10	3
592			f	t	f	0041cb61-2346-4bbe-874b-334cb9af0a1d	\N	2024-04-30 13:06:42.678+00	2024-04-30 13:06:42.678+00	18	12	3
593			f	t	f	0041cb61-2346-4bbe-874b-334cb9af0a1d	\N	2024-04-30 13:06:42.678+00	2024-04-30 13:06:42.678+00	18	13	2
594			t	t	f	0041cb61-2346-4bbe-874b-334cb9af0a1d	\N	2024-04-30 13:06:42.678+00	2024-04-30 13:06:42.678+00	18	13	33
595			f	t	f	0041cb61-2346-4bbe-874b-334cb9af0a1d	\N	2024-04-30 13:06:42.678+00	2024-04-30 13:06:42.678+00	18	14	2
596			t	t	f	0041cb61-2346-4bbe-874b-334cb9af0a1d	\N	2024-04-30 13:06:42.678+00	2024-04-30 13:06:42.678+00	18	14	37
597			f	t	f	0041cb61-2346-4bbe-874b-334cb9af0a1d	\N	2024-04-30 13:06:42.678+00	2024-04-30 13:06:42.678+00	18	15	3
598			f	t	f	0041cb61-2346-4bbe-874b-334cb9af0a1d	\N	2024-04-30 13:06:42.678+00	2024-04-30 13:06:42.678+00	18	16	3
599			f	t	f	0041cb61-2346-4bbe-874b-334cb9af0a1d	\N	2024-04-30 13:06:42.678+00	2024-04-30 13:06:42.678+00	18	17	3
600			f	t	f	0041cb61-2346-4bbe-874b-334cb9af0a1d	\N	2024-04-30 13:06:42.678+00	2024-04-30 13:06:42.678+00	18	18	3
601			f	t	f	0041cb61-2346-4bbe-874b-334cb9af0a1d	\N	2024-04-30 13:06:42.678+00	2024-04-30 13:06:42.678+00	18	19	3
602			f	t	f	0041cb61-2346-4bbe-874b-334cb9af0a1d	\N	2024-04-30 13:06:42.678+00	2024-04-30 13:06:42.678+00	18	20	3
603			f	t	f	0041cb61-2346-4bbe-874b-334cb9af0a1d	\N	2024-04-30 13:06:42.678+00	2024-04-30 13:06:42.678+00	18	21	3
604			f	t	f	0041cb61-2346-4bbe-874b-334cb9af0a1d	\N	2024-04-30 13:06:42.678+00	2024-04-30 13:06:42.678+00	18	22	3
605			f	t	f	0041cb61-2346-4bbe-874b-334cb9af0a1d	\N	2024-04-30 13:06:42.678+00	2024-04-30 13:06:42.678+00	18	23	3
606			f	t	f	0041cb61-2346-4bbe-874b-334cb9af0a1d	\N	2024-04-30 13:06:42.678+00	2024-04-30 13:06:42.678+00	18	24	3
607			f	t	f	0041cb61-2346-4bbe-874b-334cb9af0a1d	\N	2024-04-30 13:06:42.678+00	2024-04-30 13:06:42.678+00	18	25	3
608			f	t	f	0041cb61-2346-4bbe-874b-334cb9af0a1d	\N	2024-04-30 13:06:42.678+00	2024-04-30 13:06:42.678+00	18	26	3
609			f	t	f	0041cb61-2346-4bbe-874b-334cb9af0a1d	\N	2024-04-30 13:06:42.678+00	2024-04-30 13:06:42.678+00	18	27	2
610			t	t	f	0041cb61-2346-4bbe-874b-334cb9af0a1d	\N	2024-04-30 13:06:42.678+00	2024-04-30 13:06:42.678+00	18	27	155
611			f	t	f	0041cb61-2346-4bbe-874b-334cb9af0a1d	\N	2024-04-30 13:06:42.678+00	2024-04-30 13:06:42.678+00	18	28	3
612			f	t	f	0041cb61-2346-4bbe-874b-334cb9af0a1d	\N	2024-04-30 13:06:42.678+00	2024-04-30 13:06:42.678+00	18	29	3
613			f	t	f	0041cb61-2346-4bbe-874b-334cb9af0a1d	\N	2024-04-30 13:06:42.678+00	2024-04-30 13:06:42.678+00	18	30	3
614			f	t	f	0041cb61-2346-4bbe-874b-334cb9af0a1d	\N	2024-04-30 13:06:42.678+00	2024-04-30 13:06:42.678+00	18	31	3
615			f	t	f	0041cb61-2346-4bbe-874b-334cb9af0a1d	\N	2024-04-30 13:06:42.678+00	2024-04-30 13:06:42.678+00	18	32	2
616			t	t	f	0041cb61-2346-4bbe-874b-334cb9af0a1d	\N	2024-04-30 13:06:42.678+00	2024-04-30 13:06:42.678+00	18	32	104
617			f	t	f	0041cb61-2346-4bbe-874b-334cb9af0a1d	\N	2024-04-30 13:06:42.678+00	2024-04-30 13:06:42.678+00	18	33	3
618			f	t	f	0041cb61-2346-4bbe-874b-334cb9af0a1d	\N	2024-04-30 13:06:42.678+00	2024-04-30 13:06:42.678+00	18	34	3
619			f	t	f	0041cb61-2346-4bbe-874b-334cb9af0a1d	\N	2024-04-30 13:06:42.678+00	2024-04-30 13:06:42.678+00	18	35	3
620			f	t	f	0041cb61-2346-4bbe-874b-334cb9af0a1d	\N	2024-04-30 13:06:42.678+00	2024-04-30 13:06:42.678+00	18	36	3
621			f	t	f	0041cb61-2346-4bbe-874b-334cb9af0a1d	\N	2024-04-30 13:06:42.678+00	2024-04-30 13:06:42.678+00	18	37	3
622			f	t	f	0041cb61-2346-4bbe-874b-334cb9af0a1d	\N	2024-04-30 13:06:42.678+00	2024-04-30 13:06:42.678+00	18	38	3
623			f	t	f	0041cb61-2346-4bbe-874b-334cb9af0a1d	\N	2024-04-30 13:06:42.678+00	2024-04-30 13:06:42.678+00	18	39	3
624			f	t	f	0041cb61-2346-4bbe-874b-334cb9af0a1d	\N	2024-04-30 13:06:42.678+00	2024-04-30 13:06:42.678+00	18	40	3
625			f	t	f	0041cb61-2346-4bbe-874b-334cb9af0a1d	\N	2024-04-30 13:06:42.678+00	2024-04-30 13:06:42.678+00	18	41	3
626			f	t	f	0041cb61-2346-4bbe-874b-334cb9af0a1d	\N	2024-04-30 13:06:42.678+00	2024-04-30 13:06:42.678+00	18	42	3
627			f	t	f	0041cb61-2346-4bbe-874b-334cb9af0a1d	\N	2024-04-30 13:06:42.678+00	2024-04-30 13:06:42.678+00	18	43	3
628			f	t	f	0041cb61-2346-4bbe-874b-334cb9af0a1d	\N	2024-04-30 13:06:42.678+00	2024-04-30 13:06:42.678+00	18	44	3
642			f	t	f	0041cb61-2346-4bbe-874b-334cb9af0a1d	\N	2024-04-30 13:11:42.144+00	2024-04-30 13:11:42.144+00	17	2	3
643			f	t	f	0041cb61-2346-4bbe-874b-334cb9af0a1d	\N	2024-04-30 13:11:42.144+00	2024-04-30 13:11:42.144+00	17	3	3
644			f	t	f	0041cb61-2346-4bbe-874b-334cb9af0a1d	\N	2024-04-30 13:11:42.144+00	2024-04-30 13:11:42.144+00	17	9	3
645			f	t	f	0041cb61-2346-4bbe-874b-334cb9af0a1d	\N	2024-04-30 13:11:42.144+00	2024-04-30 13:11:42.144+00	17	4	3
646			f	t	f	0041cb61-2346-4bbe-874b-334cb9af0a1d	\N	2024-04-30 13:11:42.144+00	2024-04-30 13:11:42.144+00	17	5	3
647			f	t	f	0041cb61-2346-4bbe-874b-334cb9af0a1d	\N	2024-04-30 13:11:42.144+00	2024-04-30 13:11:42.144+00	17	6	3
648			f	t	f	0041cb61-2346-4bbe-874b-334cb9af0a1d	\N	2024-04-30 13:11:42.144+00	2024-04-30 13:11:42.144+00	17	7	3
649			f	t	f	0041cb61-2346-4bbe-874b-334cb9af0a1d	\N	2024-04-30 13:11:42.144+00	2024-04-30 13:11:42.144+00	17	8	3
650			f	t	f	0041cb61-2346-4bbe-874b-334cb9af0a1d	\N	2024-04-30 13:11:42.144+00	2024-04-30 13:11:42.144+00	17	10	3
651			f	t	f	0041cb61-2346-4bbe-874b-334cb9af0a1d	\N	2024-04-30 13:11:42.144+00	2024-04-30 13:11:42.144+00	17	12	3
652			f	t	f	0041cb61-2346-4bbe-874b-334cb9af0a1d	\N	2024-04-30 13:11:42.144+00	2024-04-30 13:11:42.144+00	17	13	3
653			f	t	f	0041cb61-2346-4bbe-874b-334cb9af0a1d	\N	2024-04-30 13:11:42.144+00	2024-04-30 13:11:42.144+00	17	14	3
654			f	t	f	0041cb61-2346-4bbe-874b-334cb9af0a1d	\N	2024-04-30 13:11:42.144+00	2024-04-30 13:11:42.144+00	17	15	3
655			f	t	f	0041cb61-2346-4bbe-874b-334cb9af0a1d	\N	2024-04-30 13:11:42.144+00	2024-04-30 13:11:42.144+00	17	16	3
656			f	t	f	0041cb61-2346-4bbe-874b-334cb9af0a1d	\N	2024-04-30 13:11:42.144+00	2024-04-30 13:11:42.144+00	17	17	2
657			t	t	f	0041cb61-2346-4bbe-874b-334cb9af0a1d	\N	2024-04-30 13:11:42.144+00	2024-04-30 13:11:42.144+00	17	17	49
658			f	t	f	0041cb61-2346-4bbe-874b-334cb9af0a1d	\N	2024-04-30 13:11:42.144+00	2024-04-30 13:11:42.144+00	17	18	3
659			f	t	f	0041cb61-2346-4bbe-874b-334cb9af0a1d	\N	2024-04-30 13:11:42.144+00	2024-04-30 13:11:42.144+00	17	19	2
660			t	t	f	0041cb61-2346-4bbe-874b-334cb9af0a1d	\N	2024-04-30 13:11:42.144+00	2024-04-30 13:11:42.144+00	17	19	57
661			f	t	f	0041cb61-2346-4bbe-874b-334cb9af0a1d	\N	2024-04-30 13:11:42.144+00	2024-04-30 13:11:42.144+00	17	20	3
662			f	t	f	0041cb61-2346-4bbe-874b-334cb9af0a1d	\N	2024-04-30 13:11:42.144+00	2024-04-30 13:11:42.144+00	17	21	3
663			f	t	f	0041cb61-2346-4bbe-874b-334cb9af0a1d	\N	2024-04-30 13:11:42.144+00	2024-04-30 13:11:42.144+00	17	22	2
664			t	t	f	0041cb61-2346-4bbe-874b-334cb9af0a1d	\N	2024-04-30 13:11:42.144+00	2024-04-30 13:11:42.144+00	17	22	69
665			f	t	f	0041cb61-2346-4bbe-874b-334cb9af0a1d	\N	2024-04-30 13:11:42.144+00	2024-04-30 13:11:42.144+00	17	23	3
666			f	t	f	0041cb61-2346-4bbe-874b-334cb9af0a1d	\N	2024-04-30 13:11:42.144+00	2024-04-30 13:11:42.144+00	17	24	3
667			f	t	f	0041cb61-2346-4bbe-874b-334cb9af0a1d	\N	2024-04-30 13:11:42.144+00	2024-04-30 13:11:42.144+00	17	25	3
668			f	t	f	0041cb61-2346-4bbe-874b-334cb9af0a1d	\N	2024-04-30 13:11:42.144+00	2024-04-30 13:11:42.144+00	17	26	2
669			t	t	f	0041cb61-2346-4bbe-874b-334cb9af0a1d	\N	2024-04-30 13:11:42.144+00	2024-04-30 13:11:42.144+00	17	26	86
670			f	t	f	0041cb61-2346-4bbe-874b-334cb9af0a1d	\N	2024-04-30 13:11:42.144+00	2024-04-30 13:11:42.144+00	17	27	3
671			f	t	f	0041cb61-2346-4bbe-874b-334cb9af0a1d	\N	2024-04-30 13:11:42.144+00	2024-04-30 13:11:42.144+00	17	28	3
672			f	t	f	0041cb61-2346-4bbe-874b-334cb9af0a1d	\N	2024-04-30 13:11:42.144+00	2024-04-30 13:11:42.144+00	17	29	3
673			f	t	f	0041cb61-2346-4bbe-874b-334cb9af0a1d	\N	2024-04-30 13:11:42.144+00	2024-04-30 13:11:42.144+00	17	30	3
674			f	t	f	0041cb61-2346-4bbe-874b-334cb9af0a1d	\N	2024-04-30 13:11:42.144+00	2024-04-30 13:11:42.144+00	17	31	3
675			f	t	f	0041cb61-2346-4bbe-874b-334cb9af0a1d	\N	2024-04-30 13:11:42.144+00	2024-04-30 13:11:42.144+00	17	32	3
676			f	t	f	0041cb61-2346-4bbe-874b-334cb9af0a1d	\N	2024-04-30 13:11:42.144+00	2024-04-30 13:11:42.144+00	17	33	2
677			t	t	f	0041cb61-2346-4bbe-874b-334cb9af0a1d	\N	2024-04-30 13:11:42.144+00	2024-04-30 13:11:42.144+00	17	33	109
678			f	t	f	0041cb61-2346-4bbe-874b-334cb9af0a1d	\N	2024-04-30 13:11:42.144+00	2024-04-30 13:11:42.144+00	17	34	3
679			f	t	f	0041cb61-2346-4bbe-874b-334cb9af0a1d	\N	2024-04-30 13:11:42.144+00	2024-04-30 13:11:42.144+00	17	35	3
680			f	t	f	0041cb61-2346-4bbe-874b-334cb9af0a1d	\N	2024-04-30 13:11:42.144+00	2024-04-30 13:11:42.144+00	17	36	3
681			f	t	f	0041cb61-2346-4bbe-874b-334cb9af0a1d	\N	2024-04-30 13:11:42.144+00	2024-04-30 13:11:42.144+00	17	37	3
682			f	t	f	0041cb61-2346-4bbe-874b-334cb9af0a1d	\N	2024-04-30 13:11:42.144+00	2024-04-30 13:11:42.144+00	17	38	3
683			f	t	f	0041cb61-2346-4bbe-874b-334cb9af0a1d	\N	2024-04-30 13:11:42.144+00	2024-04-30 13:11:42.144+00	17	39	3
684			f	t	f	0041cb61-2346-4bbe-874b-334cb9af0a1d	\N	2024-04-30 13:11:42.144+00	2024-04-30 13:11:42.144+00	17	40	3
685			f	t	f	0041cb61-2346-4bbe-874b-334cb9af0a1d	\N	2024-04-30 13:11:42.144+00	2024-04-30 13:11:42.144+00	17	41	3
686			f	t	f	0041cb61-2346-4bbe-874b-334cb9af0a1d	\N	2024-04-30 13:11:42.144+00	2024-04-30 13:11:42.144+00	17	42	3
687			f	t	f	0041cb61-2346-4bbe-874b-334cb9af0a1d	\N	2024-04-30 13:11:42.144+00	2024-04-30 13:11:42.144+00	17	43	3
688			f	t	f	0041cb61-2346-4bbe-874b-334cb9af0a1d	\N	2024-04-30 13:11:42.144+00	2024-04-30 13:11:42.144+00	17	44	3
835			f	t	f	af6bb192-f1d5-4148-bb08-206d1e0151ea	\N	2024-05-22 12:28:57.679+00	2024-05-22 12:28:57.679+00	23	15	3
836			f	t	f	af6bb192-f1d5-4148-bb08-206d1e0151ea	\N	2024-05-22 12:28:57.679+00	2024-05-22 12:28:57.679+00	23	16	2
837			t	t	f	af6bb192-f1d5-4148-bb08-206d1e0151ea	\N	2024-05-22 12:28:57.679+00	2024-05-22 12:28:57.679+00	23	16	47
838			f	t	f	af6bb192-f1d5-4148-bb08-206d1e0151ea	\N	2024-05-22 12:28:57.679+00	2024-05-22 12:28:57.679+00	23	17	3
839			f	t	f	af6bb192-f1d5-4148-bb08-206d1e0151ea	\N	2024-05-22 12:28:57.679+00	2024-05-22 12:28:57.679+00	23	18	3
840			f	t	f	af6bb192-f1d5-4148-bb08-206d1e0151ea	\N	2024-05-22 12:28:57.679+00	2024-05-22 12:28:57.679+00	23	19	3
841			f	t	f	af6bb192-f1d5-4148-bb08-206d1e0151ea	\N	2024-05-22 12:28:57.679+00	2024-05-22 12:28:57.679+00	23	20	3
842			f	t	f	af6bb192-f1d5-4148-bb08-206d1e0151ea	\N	2024-05-22 12:28:57.679+00	2024-05-22 12:28:57.679+00	23	21	3
843	Cxxx		f	t	f	af6bb192-f1d5-4148-bb08-206d1e0151ea	\N	2024-05-22 12:28:57.679+00	2024-05-22 12:28:57.679+00	23	22	2
844	Cxxx		t	t	f	af6bb192-f1d5-4148-bb08-206d1e0151ea	\N	2024-05-22 12:28:57.679+00	2024-05-22 12:28:57.679+00	23	22	69
845			f	t	f	af6bb192-f1d5-4148-bb08-206d1e0151ea	\N	2024-05-22 12:28:57.679+00	2024-05-22 12:28:57.679+00	23	23	3
846			f	t	f	af6bb192-f1d5-4148-bb08-206d1e0151ea	\N	2024-05-22 12:28:57.679+00	2024-05-22 12:28:57.679+00	23	24	3
847	Xxx	Xxxx	f	t	f	af6bb192-f1d5-4148-bb08-206d1e0151ea	\N	2024-05-22 12:28:57.679+00	2024-05-22 12:28:57.679+00	23	25	2
848	Xxx	Xxxx	t	t	f	af6bb192-f1d5-4148-bb08-206d1e0151ea	\N	2024-05-22 12:28:57.679+00	2024-05-22 12:28:57.679+00	23	25	85
849			f	t	f	af6bb192-f1d5-4148-bb08-206d1e0151ea	\N	2024-05-22 12:28:57.679+00	2024-05-22 12:28:57.679+00	23	26	3
850			f	t	f	af6bb192-f1d5-4148-bb08-206d1e0151ea	\N	2024-05-22 12:28:57.679+00	2024-05-22 12:28:57.679+00	23	27	3
851			f	t	f	af6bb192-f1d5-4148-bb08-206d1e0151ea	\N	2024-05-22 12:28:57.679+00	2024-05-22 12:28:57.679+00	23	28	3
852			f	t	f	af6bb192-f1d5-4148-bb08-206d1e0151ea	\N	2024-05-22 12:28:57.679+00	2024-05-22 12:28:57.679+00	23	29	3
853			f	t	f	af6bb192-f1d5-4148-bb08-206d1e0151ea	\N	2024-05-22 12:28:57.679+00	2024-05-22 12:28:57.679+00	23	30	3
854			f	t	f	af6bb192-f1d5-4148-bb08-206d1e0151ea	\N	2024-05-22 12:28:57.679+00	2024-05-22 12:28:57.679+00	23	31	3
855			f	t	f	af6bb192-f1d5-4148-bb08-206d1e0151ea	\N	2024-05-22 12:28:57.679+00	2024-05-22 12:28:57.679+00	23	32	3
856			f	t	f	af6bb192-f1d5-4148-bb08-206d1e0151ea	\N	2024-05-22 12:28:57.679+00	2024-05-22 12:28:57.679+00	23	33	4
857			f	t	f	af6bb192-f1d5-4148-bb08-206d1e0151ea	\N	2024-05-22 12:28:57.679+00	2024-05-22 12:28:57.679+00	23	34	3
858			f	t	f	af6bb192-f1d5-4148-bb08-206d1e0151ea	\N	2024-05-22 12:28:57.679+00	2024-05-22 12:28:57.679+00	23	35	3
859			f	t	f	af6bb192-f1d5-4148-bb08-206d1e0151ea	\N	2024-05-22 12:28:57.679+00	2024-05-22 12:28:57.679+00	23	36	3
860			f	t	f	af6bb192-f1d5-4148-bb08-206d1e0151ea	\N	2024-05-22 12:28:57.679+00	2024-05-22 12:28:57.679+00	23	37	3
861			f	t	f	af6bb192-f1d5-4148-bb08-206d1e0151ea	\N	2024-05-22 12:28:57.679+00	2024-05-22 12:28:57.679+00	23	38	3
862			f	t	f	af6bb192-f1d5-4148-bb08-206d1e0151ea	\N	2024-05-22 12:28:57.679+00	2024-05-22 12:28:57.679+00	23	39	3
863			f	t	f	af6bb192-f1d5-4148-bb08-206d1e0151ea	\N	2024-05-22 12:28:57.679+00	2024-05-22 12:28:57.679+00	23	40	3
864			f	t	f	af6bb192-f1d5-4148-bb08-206d1e0151ea	\N	2024-05-22 12:28:57.679+00	2024-05-22 12:28:57.679+00	23	41	3
865			f	t	f	af6bb192-f1d5-4148-bb08-206d1e0151ea	\N	2024-05-22 12:28:57.679+00	2024-05-22 12:28:57.679+00	23	42	3
866			f	t	f	af6bb192-f1d5-4148-bb08-206d1e0151ea	\N	2024-05-22 12:28:57.679+00	2024-05-22 12:28:57.679+00	23	43	3
867			f	t	f	af6bb192-f1d5-4148-bb08-206d1e0151ea	\N	2024-05-22 12:28:57.679+00	2024-05-22 12:28:57.679+00	23	44	3
\.


--
-- Data for Name: HT_stateLangMaps; Type: TABLE DATA; Schema: public; Owner: ht_db_user
--

COPY public."HT_stateLangMaps" (id, "stateName", "isActive", "isDeleted", "createdBy", "updatedBy", "createdAt", "updatedAt", "HTStateId", "HTLanguageId") FROM stdin;
\.


--
-- Data for Name: HT_states; Type: TABLE DATA; Schema: public; Owner: ht_db_user
--

COPY public."HT_states" (id, "stateName", "stateCode", "isActive", "isDeleted", "createdAt", "updatedAt", "HTCountryId", "stateNameLang") FROM stdin;
1	Andaman & Nicobar	\N	t	f	2021-10-27 11:17:25.289+00	2021-10-27 11:17:25.289+00	1	{"1": "Andaman & Nicobar", "2": "  ", "3": " & "}
2	Andhra Pradesh	\N	t	f	2021-10-27 11:17:25.289+00	2021-10-27 11:17:25.289+00	1	{"1": "Andhra Pradesh", "2": " ", "3": " "}
3	Arunachal Pradesh	\N	t	f	2021-10-27 11:17:25.289+00	2021-10-27 11:17:25.289+00	1	{"1": "Arunachal Pradesh", "2": " ", "3": " "}
4	Assam	\N	t	f	2021-10-27 11:17:25.289+00	2021-10-27 11:17:25.289+00	1	{"1": "Assam", "2": "", "3": ""}
5	Bihar	\N	t	f	2021-10-27 11:17:25.289+00	2021-10-27 11:17:25.289+00	1	{"1": "Bihar", "2": "", "3": ""}
6	Chandigarh	\N	t	f	2021-10-27 11:17:25.289+00	2021-10-27 11:17:25.289+00	1	{"1": "Chandigarh", "2": "", "3": ""}
7	Chhattisgarh	\N	t	f	2021-10-27 11:17:25.289+00	2021-10-27 11:17:25.289+00	1	{"1": "Chhattisgarh", "2": "", "3": ""}
8	Dadra & Nagar Haveli	\N	t	f	2021-10-27 11:17:25.289+00	2021-10-27 11:17:25.289+00	1	{"1": "Dadra & Nagar Haveli", "2": "   ", "3": " &  "}
9	Daman & Diu	\N	t	f	2021-10-27 11:17:25.289+00	2021-10-27 11:17:25.289+00	1	{"1": "Daman & Diu", "2": "  ", "3": " & "}
10	Delhi	\N	t	f	2021-10-27 11:17:25.289+00	2021-10-27 11:17:25.289+00	1	{"1": "Delhi", "2": "", "3": ""}
11	Goa	\N	t	f	2021-10-27 11:17:25.289+00	2021-10-27 11:17:25.289+00	1	{"1": "Goa", "2": "", "3": ""}
12	Gujarat	\N	t	f	2021-10-27 11:17:25.289+00	2021-10-27 11:17:25.289+00	1	{"1": "Gujarat", "2": "", "3": ""}
13	Haryana	\N	t	f	2021-10-27 11:17:25.289+00	2021-10-27 11:17:25.289+00	1	{"1": "Haryana", "2": "", "3": ""}
14	Himachal Pradesh	\N	t	f	2021-10-27 11:17:25.289+00	2021-10-27 11:17:25.289+00	1	{"1": "Himachal Pradesh", "2": " ", "3": " "}
15	Jammu & Kashmir	\N	t	f	2021-10-27 11:17:25.289+00	2021-10-27 11:17:25.289+00	1	{"1": "Jammu & Kashmir", "2": "  ", "3": " & "}
16	Jharkhand	\N	t	f	2021-10-27 11:17:25.289+00	2021-10-27 11:17:25.289+00	1	{"1": "Jharkhand", "2": "", "3": ""}
17	Karnataka	\N	t	f	2021-10-27 11:17:25.289+00	2021-10-27 11:17:25.289+00	1	{"1": "Karnataka", "2": "", "3": ""}
18	Kerala	\N	t	f	2021-10-27 11:17:25.289+00	2021-10-27 11:17:25.289+00	1	{"1": "Kerala", "2": "", "3": ""}
19	Lakshadweep	\N	t	f	2021-10-27 11:17:25.289+00	2021-10-27 11:17:25.289+00	1	{"1": "Lakshadweep", "2": "", "3": ""}
20	Madhya Pradesh	\N	t	f	2021-10-27 11:17:25.289+00	2021-10-27 11:17:25.289+00	1	{"1": "Madhya Pradesh", "2": " ", "3": " "}
21	Maharashtra	\N	t	f	2021-10-27 11:17:25.289+00	2021-10-27 11:17:25.289+00	1	{"1": "Maharashtra", "2": "", "3": ""}
22	Manipur	\N	t	f	2021-10-27 11:17:25.289+00	2021-10-27 11:17:25.289+00	1	{"1": "Manipur", "2": "", "3": ""}
23	Meghalaya	\N	t	f	2021-10-27 11:17:25.289+00	2021-10-27 11:17:25.289+00	1	{"1": "Meghalaya", "2": "", "3": ""}
24	Mizoram	\N	t	f	2021-10-27 11:17:25.289+00	2021-10-27 11:17:25.289+00	1	{"1": "Mizoram", "2": "", "3": ""}
25	Nagaland	\N	t	f	2021-10-27 11:17:25.289+00	2021-10-27 11:17:25.289+00	1	{"1": "Nagaland", "2": "", "3": ""}
26	Orissa	\N	t	f	2021-10-27 11:17:25.289+00	2021-10-27 11:17:25.289+00	1	{"1": "Orissa", "2": "", "3": ""}
27	Pondicherry	\N	t	f	2021-10-27 11:17:25.289+00	2021-10-27 11:17:25.289+00	1	{"1": "Pondicherry", "2": "", "3": ""}
28	Punjab	\N	t	f	2021-10-27 11:17:25.289+00	2021-10-27 11:17:25.289+00	1	{"1": "Punjab", "2": "", "3": ""}
29	Rajasthan	\N	t	f	2021-10-27 11:17:25.289+00	2021-10-27 11:17:25.289+00	1	{"1": "Rajasthan", "2": "", "3": ""}
30	Sikkim	\N	t	f	2021-10-27 11:17:25.289+00	2021-10-27 11:17:25.289+00	1	{"1": "Sikkim", "2": "", "3": ""}
31	Tamil Nadu	\N	t	f	2021-10-27 11:17:25.289+00	2021-10-27 11:17:25.289+00	1	{"1": "Tamil Nadu", "2": "", "3": ""}
32	Tripura	\N	t	f	2021-10-27 11:17:25.289+00	2021-10-27 11:17:25.289+00	1	{"1": "Tripura", "2": "", "3": ""}
33	Uttar Pradesh	\N	t	f	2021-10-27 11:17:25.289+00	2021-10-27 11:17:25.289+00	1	{"1": "Uttar Pradesh", "2": " ", "3": ""}
34	Uttaranchal	\N	t	f	2021-10-27 11:17:25.289+00	2021-10-27 11:17:25.289+00	1	{"1": "Uttaranchal", "2": "", "3": ""}
35	West Bengal	\N	t	f	2021-10-27 11:17:25.289+00	2021-10-27 11:17:25.289+00	1	{"1": "West Bengal", "2": " ", "3": " "}
36	Telengana	\N	t	f	2021-10-27 11:17:25.289+00	2021-10-27 11:17:25.289+00	1	{"1": "Telengana", "2": "", "3": ""}
37	Texas	dss	t	f	2024-01-16 07:01:42+00	2024-01-16 07:01:42+00	2	{"1": "Texas", "2": "", "3": ""}
38	Uganda Region 1	dss	t	f	2024-01-16 07:01:42+00	2024-01-16 07:01:42+00	3	{"1": "Uganda Region 1", "2": "  1", "3": "  1"}
39	Washington	dss	t	f	2024-01-16 07:01:42+00	2024-01-16 07:01:42+00	2	{"1": "Washington", "2": "", "3": ""}
\.


--
-- Data for Name: HT_userLogs; Type: TABLE DATA; Schema: public; Owner: ht_db_user
--

COPY public."HT_userLogs" (id, entity, action, parameters, "isActive", "isDeleted", "createdBy", "updatedBy", "createdAt", "updatedAt", "HTUserId") FROM stdin;
\.


--
-- Data for Name: HT_userRoleLangMaps; Type: TABLE DATA; Schema: public; Owner: ht_db_user
--

COPY public."HT_userRoleLangMaps" (id, role, "isActive", "isDeleted", "createdBy", "updatedBy", "createdAt", "updatedAt", "HTUserRoleId", "HTLanguageId") FROM stdin;
\.


--
-- Data for Name: HT_userRoles; Type: TABLE DATA; Schema: public; Owner: ht_db_user
--

COPY public."HT_userRoles" (id, role, description, "cognitoValue", "isActive", "isDeleted", "createdAt", "updatedAt", "roleLang", "descriptionLang") FROM stdin;
1	Super Admin	Add/edit/view users in this organizationCan view children assigned to Social WorkersCan view assessments and reportsNo access to mobile application	superadmin	t	f	2024-01-10 09:34:22+00	2024-01-10 09:34:22+00	\N	\N
2	Admin	Add/edit/view users in this organizationCan view children assigned to Social WorkersCan view assessments and reportsNo access to mobile application	admin	t	f	2024-01-10 09:34:22+00	2024-01-10 09:34:22+00	\N	\N
3	Admin+Case Manager	Same as admin, but can have children assignedHas access to mobile application	admin+casemanager	t	f	2024-01-10 09:34:22+00	2024-01-10 09:34:22+00	\N	\N
4	Admin+Social Worker	Same as admin, but can have children assignedHas access to mobile application	admin+caseworker	t	f	2024-01-10 09:34:22+00	2024-01-10 09:34:22+00	\N	\N
5	Social Worker	Only has access to assigned children	caseworker	t	f	2024-01-10 09:34:22+00	2024-01-10 09:34:22+00	\N	\N
6	Case Manager	Only has access to assigned children	casemanager	t	f	2024-01-10 09:34:22+00	2024-01-10 09:34:22+00	\N	\N
7	View Only	Can view account/user informationView only permissions to child data	viewonly	t	f	2024-01-10 09:34:22+00	2024-01-10 09:34:22+00	\N	\N
8	Parent	Have Access to mobile application only	parent	t	f	2024-01-10 09:34:22+00	2024-01-10 09:34:22+00	\N	\N
9	Unassigned	User does not have access	unassigned	t	f	2024-01-10 09:34:22+00	2024-01-10 09:34:22+00	\N	\N
\.


--
-- Data for Name: HT_users; Type: TABLE DATA; Schema: public; Owner: ht_db_user
--

COPY public."HT_users" (id, "cognitoId", "oldCognitoId", "firstName", "lastName", "phoneNumber", email, "addressLine1", "addressLine2", city, "zipCode", "isActive", "isDeleted", "createdBy", "updatedBy", "injectiondocId", "dbRegion", "HTUserRoleId", "createdAt", "updatedAt", "HTCountryId", "HTStateId", "HTDistrictId", "HTAccountId", "HTLanguageId", occupation, "parentUserId", "userCode", "userTimezone", "caseManagerId", image, "fileStatus", "deactivationReason", "isAccountActive") FROM stdin;
8b396be3-0e2e-4ed6-86c1-4c4a4439a1cd	\N	\N	Gokul	M	+918988776765	gokul.m@yopmail.com	ABS TVM		TRV	878767	f	f	\N	\N	\N	india	5	2024-04-04 05:28:40.523+00	2024-04-04 05:28:40.523+00	1	18	415	1cec9f20-62dd-4cd1-b91b-951d851ab25b	\N	\N	\N	307	\N	\N	\N	None	\N	\N
e4d6cce9-b4d0-446e-bcab-72a67f475c08	259881f6-be90-4dd1-8691-7dfad3a0949b	\N	Nareen	Paul	+912782922322	ccisocialworker@miraclefoundation.org	123 Miracle Way		Delhi	000000	t	f	b1c6cb13-9852-41a3-b614-b1ab2794482b	b1c6cb13-9852-41a3-b614-b1ab2794482b	\N	india	5	2024-04-10 16:46:12.749+00	2024-05-13 09:03:53.799+00	1	10	239	ae6695f8-d28c-4d1e-96be-16da575330b1	\N	\N	\N	335	Asia/Kolkata	\N	\N	None	\N	t
f77fb170-f8c8-4ff1-8710-de99f0dede0c	0cfea2b1-87db-4c93-b3fe-138ff161874b	\N	April	Five	+919776655321	soumya.l+100@inapp.com	test		Trivandrum	234567	t	f	91e4d220-7bfd-4495-8d06-0fd99e1cd9aa	91e4d220-7bfd-4495-8d06-0fd99e1cd9aa	\N	india	5	2024-04-05 05:31:54.698+00	2024-04-05 08:55:34.322+00	1	4	120	1cec9f20-62dd-4cd1-b91b-951d851ab25b	\N	\N	\N	314	\N	\N	\N	None	\N	\N
632f9b59-aec7-4606-9e17-2a17c4e3bcff	\N	\N	Jyotir	N	+916678567322	Nithin_vemula@yahoo.com	334533		Main	454545	f	t	7f1440e8-2974-4377-9c40-b2ae374b7a69	7f1440e8-2974-4377-9c40-b2ae374b7a69	\N	india	5	2024-04-22 13:08:18.32+00	2024-04-23 07:55:21.14+00	1	6	183	3c6feba9-08b5-400a-90f1-d7324a6dfd22	\N	\N	\N	376	\N	\N	\N	None	\N	t
0d4221b9-8a66-4257-bf08-3d8e92448b72	5c8167b3-7945-4511-8d3e-2ddc60b0b6fb	\N	Ryan	Reynolds	+919895098950	ryanmiracle@mailinator.com	TVM		TVM	699581	t	f	5c565977-3655-4751-ab98-04efa48e219b	5c565977-3655-4751-ab98-04efa48e219b	\N	india	5	2024-04-12 10:02:08.861+00	2024-04-12 10:10:26.656+00	1	18	415	b7a026e2-b257-450a-ad88-60ed87614d0f	\N	\N	\N	341	\N	\N	\N	None	\N	t
85c8bfb6-f73c-450c-b079-3f71c1b16c55	e407fb6d-c52c-4c94-88ff-332aa3a22486	\N	TS Admin USA ORG Edit	RBAC India DB	+919497288333	admin.usorg.rbac.india@yopmail.com	AD01 Downtown	AD02 Quilon Centre	Quilon	691500	t	f	d093e74c-259d-4851-a522-5ca4d78fc61f	d093e74c-259d-4851-a522-5ca4d78fc61f	\N	india	5	2024-04-08 09:37:06.31+00	2024-04-08 10:29:06.943+00	1	18	407	96aca77e-d466-4be1-862d-9bf3ab4573a0	\N	\N	\N	329	\N	\N	\N	None	\N	\N
8ddd47bf-bd89-4a24-a833-69647a3a990f	b1c6cb13-9852-41a3-b614-b1ab2794482b	\N	Suraj	Shah	+917288290321	cciadmin@miraclefoundation.org	123 Miracle Way		Delhi	000000	t	f	91e4d220-7bfd-4495-8d06-0fd99e1cd9aa	91e4d220-7bfd-4495-8d06-0fd99e1cd9aa	\N	india	2	2024-04-10 16:43:26.189+00	2024-04-10 16:43:58.526+00	1	10	239	ae6695f8-d28c-4d1e-96be-16da575330b1	\N	\N	\N	334	\N	\N	\N	None	\N	\N
ad37b224-04f8-4a89-80ac-af31e8f26236	\N	\N	Rahul	Parker	+919895098950	rahulparker@mailinator.com	TVM		TVM	699581	f	f	5c565977-3655-4751-ab98-04efa48e219b	5c565977-3655-4751-ab98-04efa48e219b	\N	india	5	2024-04-12 10:31:58.413+00	2024-04-12 10:32:21.083+00	1	18	415	b7a026e2-b257-450a-ad88-60ed87614d0f	\N	\N	\N	342	\N	\N	\N	None	\N	t
6f654af6-f981-4dd3-9d71-77a14a55c5f7	5c565977-3655-4751-ab98-04efa48e219b	\N	Harvey	Specter	+919895098950	harveyspecter@mailinator.com	TVM		TVM	699581	t	f	91e4d220-7bfd-4495-8d06-0fd99e1cd9aa	91e4d220-7bfd-4495-8d06-0fd99e1cd9aa	\N	india	4	2024-04-12 08:58:49.474+00	2024-04-12 10:02:21.293+00	1	18	415	b7a026e2-b257-450a-ad88-60ed87614d0f	\N	\N	\N	340	\N	\N	\N	None	\N	t
3da90032-d663-4a83-b0f2-498e5aa9ae13	6e7ae664-fb7d-4d3d-93e4-d02a015fd750	\N	Jyotir	N	+919999999999	cciadmin.test.india@yopmail.com	Pune central		Pune	431214	t	f	91e4d220-7bfd-4495-8d06-0fd99e1cd9aa	91e4d220-7bfd-4495-8d06-0fd99e1cd9aa	\N	india	4	2024-04-12 11:46:56.808+00	2024-04-12 11:49:54.336+00	1	21	507	fb50e3ce-1543-4160-bcfd-16f103ebd399	\N	\N	\N	343	\N	\N	\N	None	\N	t
f31d3c1f-795f-42c7-866b-5a9b8a412118	e78efa00-834a-4fdd-95f5-b3a4e498982d	\N	Admin	Deactivate Org	+919497288333	admin.deactivate.fsts.india@yopmail.com	AD01 1st Street		Kollam City India	123456	f	t	91e4d220-7bfd-4495-8d06-0fd99e1cd9aa	91e4d220-7bfd-4495-8d06-0fd99e1cd9aa	\N	india	2	2024-04-15 06:41:09.243+00	2024-05-09 05:54:38.149+00	1	18	407	aeb16ff9-0111-4da8-9f9e-c2bbb144065d	\N	\N	\N	345	\N	\N	\N	None	Organization account deactivated:	f
14a4138e-55f3-480a-a7f4-9a7c03e7d9ba	4c99b87f-d82a-4638-abb7-92ded41deec3	\N	Test - no access to FS	Test	+911234567788	no_fs@yopmail.com	123 6th st		City	888888	t	f	fd9de831-d021-40b4-97f3-b13ee07b048e	fd9de831-d021-40b4-97f3-b13ee07b048e	\N	india	4	2024-04-23 12:54:29.575+00	2024-04-23 12:54:57.726+00	1	6	183	733783e7-fcf9-42d5-849c-33aff0f01d35	\N	\N	\N	389	\N	\N	\N	None	\N	t
4cc11f67-383d-4f7e-8042-e60a4edf6170	\N	\N	figin test	mail	+919876546546	figin@inapp.com	acas		saca	132132	f	f	74dacbb7-2032-4e24-ac9d-6bce973796da	74dacbb7-2032-4e24-ac9d-6bce973796da	\N	india	5	2024-05-07 09:07:01.076+00	2024-05-07 09:11:13.359+00	1	18	403	6536ba55-07ba-4c0d-8c63-8891586345c7	\N	\N	\N	403	\N	\N	\N	None	\N	t
3c338450-df0f-41e1-ab99-38d89a44bbe7	f0bf3711-13b5-4cdc-a8c5-3f64086888aa	\N	Test - no access to FS	Test	+911234567788	nofs@yopmail.com	123 6th st		City	888888	t	f	fd9de831-d021-40b4-97f3-b13ee07b048e	fd9de831-d021-40b4-97f3-b13ee07b048e	\N	india	2	2024-04-22 13:57:57.007+00	2024-04-22 13:58:18.434+00	1	3	105	733783e7-fcf9-42d5-849c-33aff0f01d35	\N	\N	\N	377	\N	\N	\N	None	\N	t
28245045-5cac-449a-81e5-81a2246fb363	\N	\N	AAAAAAAAAAAAAAAAAA	BBBBBBBBBBBB	+913215643213	ab@mailinator.com	mailinator.com		mailinator.com	321321	f	f	91e4d220-7bfd-4495-8d06-0fd99e1cd9aa	91e4d220-7bfd-4495-8d06-0fd99e1cd9aa	\N	india	4	2024-04-30 09:00:28.838+00	2024-04-30 09:01:02.975+00	1	5	145	7afdc326-bc88-4cbd-b120-85e312fce2e1	\N	\N	\N	400	\N	\N	\N	None	\N	t
d45ba2aa-5756-47e7-b5a6-2ca9f6fc336f	\N	\N	Figin Mail	Test	+919986513216	figin+1@inapp.com	sc		ssc	213654	f	f	74dacbb7-2032-4e24-ac9d-6bce973796da	74dacbb7-2032-4e24-ac9d-6bce973796da	\N	india	7	2024-05-07 09:12:46.908+00	2024-05-07 09:12:46.908+00	1	18	402	6536ba55-07ba-4c0d-8c63-8891586345c7	\N	\N	\N	404	\N	\N	\N	None	\N	t
0041cb61-2346-4bbe-874b-334cb9af0a1d	5e41178a-b304-444b-a835-e30fa22f3590	\N	Jyotir	Testing	+919999999999	caseworker.test.india@yopmail.com	Pune central		Pune	431214	t	f	6e7ae664-fb7d-4d3d-93e4-d02a015fd750	6e7ae664-fb7d-4d3d-93e4-d02a015fd750	\N	india	5	2024-04-12 11:52:09.079+00	2024-04-30 13:13:00.594+00	1	21	507	fb50e3ce-1543-4160-bcfd-16f103ebd399	\N	\N	\N	344	\N	\N	\N	None	\N	t
e176ce2d-2592-49b7-9588-de711f4fba05	\N	\N	Team	Testing	+919856454654	anandu.s@inapp.com	csc313213s		sdcs	321322	f	f	74dacbb7-2032-4e24-ac9d-6bce973796da	74dacbb7-2032-4e24-ac9d-6bce973796da	\N	india	7	2024-05-07 09:18:19.881+00	2024-05-07 09:18:33.481+00	1	18	402	6536ba55-07ba-4c0d-8c63-8891586345c7	\N	\N	\N	406	\N	\N	\N	None	\N	t
34f533c3-d88a-49fd-ae39-a8c13dd7d2a6	7f1440e8-2974-4377-9c40-b2ae374b7a69	\N	Nithin	Vemula	+916361050652	nithin@miraclefoundation.org	Sadfsdfsdf		Hksdhf	988888	t	f	fd9de831-d021-40b4-97f3-b13ee07b048e	fd9de831-d021-40b4-97f3-b13ee07b048e	\N	india	2	2024-04-22 12:56:52.892+00	2024-05-01 13:35:29.318+00	1	8	205	3c6feba9-08b5-400a-90f1-d7324a6dfd22	\N	\N	\N	375	\N	\N	\N	None	\N	t
25bd89d9-c39f-4d08-9fcf-b952d85551e8	edce831e-5f99-472b-b8d6-76a0e25afc85	\N	Suhas	Praj	+912887283992	indiatwadmin@yopmail.com	123 Miracle Way		Dhubri	882932	t	f	50092e8d-588d-4ebd-b72b-dba355ab0ee4	50092e8d-588d-4ebd-b72b-dba355ab0ee4	\N	india	2	2024-05-21 21:36:25.801+00	2024-05-21 21:36:59.815+00	1	4	123	d74a2981-22a4-4cc5-90ec-52f4d0301cd3	\N	\N	\N	437	\N	\N	\N	None	\N	t
af6bb192-f1d5-4148-bb08-206d1e0151ea	c29aa68f-d4ec-48dd-b5ae-b5c717214613	\N	Test CW	1	+919999999999	cw1.ts@yopmail.com	Indore City		Indore	111111	t	f	b1c6cb13-9852-41a3-b614-b1ab2794482b	b1c6cb13-9852-41a3-b614-b1ab2794482b	\N	india	4	2024-05-20 08:06:51.704+00	2024-05-22 12:30:30.578+00	1	20	451	ae6695f8-d28c-4d1e-96be-16da575330b1	\N	\N	\N	427	Asia/Kolkata	\N	\N	None	\N	t
aee6b946-0732-4dda-8ecf-a4cb23b3ad71	3564d99b-8bec-4a02-828d-069ba257f6cb	\N	Seema	Das	+916788466356	indiatwcw@yopmail.com	123 Miracle Way		Dhubri	786678	t	f	edce831e-5f99-472b-b8d6-76a0e25afc85	edce831e-5f99-472b-b8d6-76a0e25afc85	\N	india	5	2024-05-21 21:50:54.204+00	2024-05-21 21:53:18.567+00	1	4	123	d74a2981-22a4-4cc5-90ec-52f4d0301cd3	\N	\N	\N	438	\N	\N	\N	None	\N	t
a5b67106-871c-4cce-bb8c-6a32d6228e59	34672d66-78e9-4a30-a84a-ab0ace2433b8	\N	TS	Login	+918592828282	ts_login@yopmail.com	acsacsac		sacacas	323513	t	f	74dacbb7-2032-4e24-ac9d-6bce973796da	74dacbb7-2032-4e24-ac9d-6bce973796da	\N	india	5	2024-05-22 10:11:10.589+00	2024-05-22 10:12:15.957+00	1	18	399	6536ba55-07ba-4c0d-8c63-8891586345c7	\N	\N	\N	440	\N	\N	\N	None	\N	t
\.


--
-- Data for Name: awsdms_apply_exceptions; Type: TABLE DATA; Schema: public; Owner: ht_db_user
--

COPY public.awsdms_apply_exceptions ("TASK_NAME", "TABLE_OWNER", "TABLE_NAME", "ERROR_TIME", "STATEMENT", "ERROR") FROM stdin;
FOYOSPMJ5CIVID3NE4GJI4QEZEM523I5XKZZKXA	public	HT_countries	2024-02-09 06:08:44.391629	INSERT INTO "public"."HT_countries" ( "id","countryName","phoneNumberFormat","isActive","isDeleted","createdAt","updatedAt" )  VALUES (2,'USA','sfd','true','false','2024-01-16 07:01:42.000000','2024-01-16 07:01:42.000000')	RetCode: SQL_ERROR  SqlState: 23502 NativeError: 1 Message: ERROR: null value in column "isoCode" of relation "HT_countries" violates not-null constraint;\nError while executing the query
FOYOSPMJ5CIVID3NE4GJI4QEZEM523I5XKZZKXA	public	HT_countries	2024-02-09 06:08:44.402176	INSERT INTO "public"."HT_countries" ( "id","countryName","phoneNumberFormat","isActive","isDeleted","createdAt","updatedAt" )  VALUES (3,'Uganda','dfgdf','true','false','2024-01-16 07:01:42.000000','2024-01-16 07:01:42.000000')	RetCode: SQL_ERROR  SqlState: 23502 NativeError: 1 Message: ERROR: null value in column "isoCode" of relation "HT_countries" violates not-null constraint;\nError while executing the query
FOYOSPMJ5CIVID3NE4GJI4QEZEM523I5XKZZKXA	public	HT_countries	2024-02-09 06:28:14.077509	INSERT INTO "public"."HT_countries" ( "id","countryName","phoneNumberFormat","isActive","isDeleted","createdAt","updatedAt","countryCode","isoCode" )  VALUES (2,'USA','sfd','true','false','2024-01-16 07:01:42.000000','2024-01-16 07:01:42.000000','1','US')	RetCode: SQL_ERROR  SqlState: 23505 NativeError: 1 Message: ERROR: duplicate key value violates unique constraint "HT_countries_pkey";\nError while executing the query
FOYOSPMJ5CIVID3NE4GJI4QEZEM523I5XKZZKXA	public	HT_countries	2024-02-09 06:28:14.086817	INSERT INTO "public"."HT_countries" ( "id","countryName","phoneNumberFormat","isActive","isDeleted","createdAt","updatedAt","countryCode","isoCode" )  VALUES (3,'Uganda','dfgdf','true','false','2024-01-16 07:01:42.000000','2024-01-16 07:01:42.000000','1','UGN')	RetCode: SQL_ERROR  SqlState: 23505 NativeError: 1 Message: ERROR: duplicate key value violates unique constraint "HT_countries_pkey";\nError while executing the query
FOYOSPMJ5CIVID3NE4GJI4QEZEM523I5XKZZKXA	public	HT_states	2024-02-09 06:29:06.188333	INSERT INTO "public"."HT_states" ( "id","stateName","stateCode","isActive","isDeleted","createdAt","updatedAt","HTCountryId" )  VALUES (1,'Andaman & Nicobar',NULL,'true','false','2021-10-27 11:17:25.289000','2021-10-27 11:17:25.289000',1)	RetCode: SQL_ERROR  SqlState: 23503 NativeError: 1 Message: ERROR: insert or update on table "HT_states" violates foreign key constraint "HT_states_HTCountryId_fkey";\nError while executing the query
FOYOSPMJ5CIVID3NE4GJI4QEZEM523I5XKZZKXA	public	HT_states	2024-02-09 06:29:06.198563	INSERT INTO "public"."HT_states" ( "id","stateName","stateCode","isActive","isDeleted","createdAt","updatedAt","HTCountryId" )  VALUES (2,'Andhra Pradesh',NULL,'true','false','2021-10-27 11:17:25.289000','2021-10-27 11:17:25.289000',1)	RetCode: SQL_ERROR  SqlState: 23503 NativeError: 1 Message: ERROR: insert or update on table "HT_states" violates foreign key constraint "HT_states_HTCountryId_fkey";\nError while executing the query
FOYOSPMJ5CIVID3NE4GJI4QEZEM523I5XKZZKXA	public	HT_states	2024-02-09 06:29:06.200554	INSERT INTO "public"."HT_states" ( "id","stateName","stateCode","isActive","isDeleted","createdAt","updatedAt","HTCountryId" )  VALUES (3,'Arunachal Pradesh',NULL,'true','false','2021-10-27 11:17:25.289000','2021-10-27 11:17:25.289000',1)	RetCode: SQL_ERROR  SqlState: 23503 NativeError: 1 Message: ERROR: insert or update on table "HT_states" violates foreign key constraint "HT_states_HTCountryId_fkey";\nError while executing the query
FOYOSPMJ5CIVID3NE4GJI4QEZEM523I5XKZZKXA	public	HT_states	2024-02-09 06:29:06.202503	INSERT INTO "public"."HT_states" ( "id","stateName","stateCode","isActive","isDeleted","createdAt","updatedAt","HTCountryId" )  VALUES (4,'Assam',NULL,'true','false','2021-10-27 11:17:25.289000','2021-10-27 11:17:25.289000',1)	RetCode: SQL_ERROR  SqlState: 23503 NativeError: 1 Message: ERROR: insert or update on table "HT_states" violates foreign key constraint "HT_states_HTCountryId_fkey";\nError while executing the query
FOYOSPMJ5CIVID3NE4GJI4QEZEM523I5XKZZKXA	public	HT_states	2024-02-09 06:29:06.204363	INSERT INTO "public"."HT_states" ( "id","stateName","stateCode","isActive","isDeleted","createdAt","updatedAt","HTCountryId" )  VALUES (5,'Bihar',NULL,'true','false','2021-10-27 11:17:25.289000','2021-10-27 11:17:25.289000',1)	RetCode: SQL_ERROR  SqlState: 23503 NativeError: 1 Message: ERROR: insert or update on table "HT_states" violates foreign key constraint "HT_states_HTCountryId_fkey";\nError while executing the query
FOYOSPMJ5CIVID3NE4GJI4QEZEM523I5XKZZKXA	public	HT_states	2024-02-09 06:29:06.206144	INSERT INTO "public"."HT_states" ( "id","stateName","stateCode","isActive","isDeleted","createdAt","updatedAt","HTCountryId" )  VALUES (6,'Chandigarh',NULL,'true','false','2021-10-27 11:17:25.289000','2021-10-27 11:17:25.289000',1)	RetCode: SQL_ERROR  SqlState: 23503 NativeError: 1 Message: ERROR: insert or update on table "HT_states" violates foreign key constraint "HT_states_HTCountryId_fkey";\nError while executing the query
FOYOSPMJ5CIVID3NE4GJI4QEZEM523I5XKZZKXA	public	HT_states	2024-02-09 06:29:06.208031	INSERT INTO "public"."HT_states" ( "id","stateName","stateCode","isActive","isDeleted","createdAt","updatedAt","HTCountryId" )  VALUES (7,'Chhattisgarh',NULL,'true','false','2021-10-27 11:17:25.289000','2021-10-27 11:17:25.289000',1)	RetCode: SQL_ERROR  SqlState: 23503 NativeError: 1 Message: ERROR: insert or update on table "HT_states" violates foreign key constraint "HT_states_HTCountryId_fkey";\nError while executing the query
FOYOSPMJ5CIVID3NE4GJI4QEZEM523I5XKZZKXA	public	HT_states	2024-02-09 06:29:06.20976	INSERT INTO "public"."HT_states" ( "id","stateName","stateCode","isActive","isDeleted","createdAt","updatedAt","HTCountryId" )  VALUES (8,'Dadra & Nagar Haveli',NULL,'true','false','2021-10-27 11:17:25.289000','2021-10-27 11:17:25.289000',1)	RetCode: SQL_ERROR  SqlState: 23503 NativeError: 1 Message: ERROR: insert or update on table "HT_states" violates foreign key constraint "HT_states_HTCountryId_fkey";\nError while executing the query
FOYOSPMJ5CIVID3NE4GJI4QEZEM523I5XKZZKXA	public	HT_states	2024-02-09 06:29:06.211552	INSERT INTO "public"."HT_states" ( "id","stateName","stateCode","isActive","isDeleted","createdAt","updatedAt","HTCountryId" )  VALUES (9,'Daman & Diu',NULL,'true','false','2021-10-27 11:17:25.289000','2021-10-27 11:17:25.289000',1)	RetCode: SQL_ERROR  SqlState: 23503 NativeError: 1 Message: ERROR: insert or update on table "HT_states" violates foreign key constraint "HT_states_HTCountryId_fkey";\nError while executing the query
FOYOSPMJ5CIVID3NE4GJI4QEZEM523I5XKZZKXA	public	HT_states	2024-02-09 06:29:06.213307	INSERT INTO "public"."HT_states" ( "id","stateName","stateCode","isActive","isDeleted","createdAt","updatedAt","HTCountryId" )  VALUES (10,'Delhi',NULL,'true','false','2021-10-27 11:17:25.289000','2021-10-27 11:17:25.289000',1)	RetCode: SQL_ERROR  SqlState: 23503 NativeError: 1 Message: ERROR: insert or update on table "HT_states" violates foreign key constraint "HT_states_HTCountryId_fkey";\nError while executing the query
FOYOSPMJ5CIVID3NE4GJI4QEZEM523I5XKZZKXA	public	HT_states	2024-02-09 06:29:06.215037	INSERT INTO "public"."HT_states" ( "id","stateName","stateCode","isActive","isDeleted","createdAt","updatedAt","HTCountryId" )  VALUES (11,'Goa',NULL,'true','false','2021-10-27 11:17:25.289000','2021-10-27 11:17:25.289000',1)	RetCode: SQL_ERROR  SqlState: 23503 NativeError: 1 Message: ERROR: insert or update on table "HT_states" violates foreign key constraint "HT_states_HTCountryId_fkey";\nError while executing the query
FOYOSPMJ5CIVID3NE4GJI4QEZEM523I5XKZZKXA	public	HT_states	2024-02-09 06:29:06.218441	INSERT INTO "public"."HT_states" ( "id","stateName","stateCode","isActive","isDeleted","createdAt","updatedAt","HTCountryId" )  VALUES (12,'Gujarat',NULL,'true','false','2021-10-27 11:17:25.289000','2021-10-27 11:17:25.289000',1)	RetCode: SQL_ERROR  SqlState: 23503 NativeError: 1 Message: ERROR: insert or update on table "HT_states" violates foreign key constraint "HT_states_HTCountryId_fkey";\nError while executing the query
FOYOSPMJ5CIVID3NE4GJI4QEZEM523I5XKZZKXA	public	HT_states	2024-02-09 06:29:06.220058	INSERT INTO "public"."HT_states" ( "id","stateName","stateCode","isActive","isDeleted","createdAt","updatedAt","HTCountryId" )  VALUES (13,'Haryana',NULL,'true','false','2021-10-27 11:17:25.289000','2021-10-27 11:17:25.289000',1)	RetCode: SQL_ERROR  SqlState: 23503 NativeError: 1 Message: ERROR: insert or update on table "HT_states" violates foreign key constraint "HT_states_HTCountryId_fkey";\nError while executing the query
FOYOSPMJ5CIVID3NE4GJI4QEZEM523I5XKZZKXA	public	HT_states	2024-02-09 06:29:06.221812	INSERT INTO "public"."HT_states" ( "id","stateName","stateCode","isActive","isDeleted","createdAt","updatedAt","HTCountryId" )  VALUES (14,'Himachal Pradesh',NULL,'true','false','2021-10-27 11:17:25.289000','2021-10-27 11:17:25.289000',1)	RetCode: SQL_ERROR  SqlState: 23503 NativeError: 1 Message: ERROR: insert or update on table "HT_states" violates foreign key constraint "HT_states_HTCountryId_fkey";\nError while executing the query
FOYOSPMJ5CIVID3NE4GJI4QEZEM523I5XKZZKXA	public	HT_states	2024-02-09 06:29:06.223581	INSERT INTO "public"."HT_states" ( "id","stateName","stateCode","isActive","isDeleted","createdAt","updatedAt","HTCountryId" )  VALUES (15,'Jammu & Kashmir',NULL,'true','false','2021-10-27 11:17:25.289000','2021-10-27 11:17:25.289000',1)	RetCode: SQL_ERROR  SqlState: 23503 NativeError: 1 Message: ERROR: insert or update on table "HT_states" violates foreign key constraint "HT_states_HTCountryId_fkey";\nError while executing the query
FOYOSPMJ5CIVID3NE4GJI4QEZEM523I5XKZZKXA	public	HT_states	2024-02-09 06:29:06.225095	INSERT INTO "public"."HT_states" ( "id","stateName","stateCode","isActive","isDeleted","createdAt","updatedAt","HTCountryId" )  VALUES (16,'Jharkhand',NULL,'true','false','2021-10-27 11:17:25.289000','2021-10-27 11:17:25.289000',1)	RetCode: SQL_ERROR  SqlState: 23503 NativeError: 1 Message: ERROR: insert or update on table "HT_states" violates foreign key constraint "HT_states_HTCountryId_fkey";\nError while executing the query
FOYOSPMJ5CIVID3NE4GJI4QEZEM523I5XKZZKXA	public	HT_states	2024-02-09 06:29:06.226612	INSERT INTO "public"."HT_states" ( "id","stateName","stateCode","isActive","isDeleted","createdAt","updatedAt","HTCountryId" )  VALUES (17,'Karnataka',NULL,'true','false','2021-10-27 11:17:25.289000','2021-10-27 11:17:25.289000',1)	RetCode: SQL_ERROR  SqlState: 23503 NativeError: 1 Message: ERROR: insert or update on table "HT_states" violates foreign key constraint "HT_states_HTCountryId_fkey";\nError while executing the query
FOYOSPMJ5CIVID3NE4GJI4QEZEM523I5XKZZKXA	public	HT_states	2024-02-09 06:29:06.228059	INSERT INTO "public"."HT_states" ( "id","stateName","stateCode","isActive","isDeleted","createdAt","updatedAt","HTCountryId" )  VALUES (18,'Kerala',NULL,'true','false','2021-10-27 11:17:25.289000','2021-10-27 11:17:25.289000',1)	RetCode: SQL_ERROR  SqlState: 23503 NativeError: 1 Message: ERROR: insert or update on table "HT_states" violates foreign key constraint "HT_states_HTCountryId_fkey";\nError while executing the query
FOYOSPMJ5CIVID3NE4GJI4QEZEM523I5XKZZKXA	public	HT_states	2024-02-09 06:29:06.229722	INSERT INTO "public"."HT_states" ( "id","stateName","stateCode","isActive","isDeleted","createdAt","updatedAt","HTCountryId" )  VALUES (19,'Lakshadweep',NULL,'true','false','2021-10-27 11:17:25.289000','2021-10-27 11:17:25.289000',1)	RetCode: SQL_ERROR  SqlState: 23503 NativeError: 1 Message: ERROR: insert or update on table "HT_states" violates foreign key constraint "HT_states_HTCountryId_fkey";\nError while executing the query
FOYOSPMJ5CIVID3NE4GJI4QEZEM523I5XKZZKXA	public	HT_states	2024-02-09 06:29:06.231249	INSERT INTO "public"."HT_states" ( "id","stateName","stateCode","isActive","isDeleted","createdAt","updatedAt","HTCountryId" )  VALUES (20,'Madhya Pradesh',NULL,'true','false','2021-10-27 11:17:25.289000','2021-10-27 11:17:25.289000',1)	RetCode: SQL_ERROR  SqlState: 23503 NativeError: 1 Message: ERROR: insert or update on table "HT_states" violates foreign key constraint "HT_states_HTCountryId_fkey";\nError while executing the query
FOYOSPMJ5CIVID3NE4GJI4QEZEM523I5XKZZKXA	public	HT_states	2024-02-09 06:29:06.232958	INSERT INTO "public"."HT_states" ( "id","stateName","stateCode","isActive","isDeleted","createdAt","updatedAt","HTCountryId" )  VALUES (21,'Maharashtra',NULL,'true','false','2021-10-27 11:17:25.289000','2021-10-27 11:17:25.289000',1)	RetCode: SQL_ERROR  SqlState: 23503 NativeError: 1 Message: ERROR: insert or update on table "HT_states" violates foreign key constraint "HT_states_HTCountryId_fkey";\nError while executing the query
FOYOSPMJ5CIVID3NE4GJI4QEZEM523I5XKZZKXA	public	HT_states	2024-02-09 06:29:06.238925	INSERT INTO "public"."HT_states" ( "id","stateName","stateCode","isActive","isDeleted","createdAt","updatedAt","HTCountryId" )  VALUES (22,'Manipur',NULL,'true','false','2021-10-27 11:17:25.289000','2021-10-27 11:17:25.289000',1)	RetCode: SQL_ERROR  SqlState: 23503 NativeError: 1 Message: ERROR: insert or update on table "HT_states" violates foreign key constraint "HT_states_HTCountryId_fkey";\nError while executing the query
FOYOSPMJ5CIVID3NE4GJI4QEZEM523I5XKZZKXA	public	HT_states	2024-02-09 06:29:06.242096	INSERT INTO "public"."HT_states" ( "id","stateName","stateCode","isActive","isDeleted","createdAt","updatedAt","HTCountryId" )  VALUES (23,'Meghalaya',NULL,'true','false','2021-10-27 11:17:25.289000','2021-10-27 11:17:25.289000',1)	RetCode: SQL_ERROR  SqlState: 23503 NativeError: 1 Message: ERROR: insert or update on table "HT_states" violates foreign key constraint "HT_states_HTCountryId_fkey";\nError while executing the query
FOYOSPMJ5CIVID3NE4GJI4QEZEM523I5XKZZKXA	public	HT_states	2024-02-09 06:29:06.244633	INSERT INTO "public"."HT_states" ( "id","stateName","stateCode","isActive","isDeleted","createdAt","updatedAt","HTCountryId" )  VALUES (24,'Mizoram',NULL,'true','false','2021-10-27 11:17:25.289000','2021-10-27 11:17:25.289000',1)	RetCode: SQL_ERROR  SqlState: 23503 NativeError: 1 Message: ERROR: insert or update on table "HT_states" violates foreign key constraint "HT_states_HTCountryId_fkey";\nError while executing the query
FOYOSPMJ5CIVID3NE4GJI4QEZEM523I5XKZZKXA	public	HT_states	2024-02-09 06:29:06.247298	INSERT INTO "public"."HT_states" ( "id","stateName","stateCode","isActive","isDeleted","createdAt","updatedAt","HTCountryId" )  VALUES (25,'Nagaland',NULL,'true','false','2021-10-27 11:17:25.289000','2021-10-27 11:17:25.289000',1)	RetCode: SQL_ERROR  SqlState: 23503 NativeError: 1 Message: ERROR: insert or update on table "HT_states" violates foreign key constraint "HT_states_HTCountryId_fkey";\nError while executing the query
FOYOSPMJ5CIVID3NE4GJI4QEZEM523I5XKZZKXA	public	HT_states	2024-02-09 06:29:06.24951	INSERT INTO "public"."HT_states" ( "id","stateName","stateCode","isActive","isDeleted","createdAt","updatedAt","HTCountryId" )  VALUES (26,'Orissa',NULL,'true','false','2021-10-27 11:17:25.289000','2021-10-27 11:17:25.289000',1)	RetCode: SQL_ERROR  SqlState: 23503 NativeError: 1 Message: ERROR: insert or update on table "HT_states" violates foreign key constraint "HT_states_HTCountryId_fkey";\nError while executing the query
FOYOSPMJ5CIVID3NE4GJI4QEZEM523I5XKZZKXA	public	HT_states	2024-02-09 06:29:06.251484	INSERT INTO "public"."HT_states" ( "id","stateName","stateCode","isActive","isDeleted","createdAt","updatedAt","HTCountryId" )  VALUES (27,'Pondicherry',NULL,'true','false','2021-10-27 11:17:25.289000','2021-10-27 11:17:25.289000',1)	RetCode: SQL_ERROR  SqlState: 23503 NativeError: 1 Message: ERROR: insert or update on table "HT_states" violates foreign key constraint "HT_states_HTCountryId_fkey";\nError while executing the query
FOYOSPMJ5CIVID3NE4GJI4QEZEM523I5XKZZKXA	public	HT_states	2024-02-09 06:29:06.253879	INSERT INTO "public"."HT_states" ( "id","stateName","stateCode","isActive","isDeleted","createdAt","updatedAt","HTCountryId" )  VALUES (28,'Punjab',NULL,'true','false','2021-10-27 11:17:25.289000','2021-10-27 11:17:25.289000',1)	RetCode: SQL_ERROR  SqlState: 23503 NativeError: 1 Message: ERROR: insert or update on table "HT_states" violates foreign key constraint "HT_states_HTCountryId_fkey";\nError while executing the query
FOYOSPMJ5CIVID3NE4GJI4QEZEM523I5XKZZKXA	public	HT_states	2024-02-09 06:29:06.255784	INSERT INTO "public"."HT_states" ( "id","stateName","stateCode","isActive","isDeleted","createdAt","updatedAt","HTCountryId" )  VALUES (29,'Rajasthan',NULL,'true','false','2021-10-27 11:17:25.289000','2021-10-27 11:17:25.289000',1)	RetCode: SQL_ERROR  SqlState: 23503 NativeError: 1 Message: ERROR: insert or update on table "HT_states" violates foreign key constraint "HT_states_HTCountryId_fkey";\nError while executing the query
FOYOSPMJ5CIVID3NE4GJI4QEZEM523I5XKZZKXA	public	HT_states	2024-02-09 06:29:06.257786	INSERT INTO "public"."HT_states" ( "id","stateName","stateCode","isActive","isDeleted","createdAt","updatedAt","HTCountryId" )  VALUES (30,'Sikkim',NULL,'true','false','2021-10-27 11:17:25.289000','2021-10-27 11:17:25.289000',1)	RetCode: SQL_ERROR  SqlState: 23503 NativeError: 1 Message: ERROR: insert or update on table "HT_states" violates foreign key constraint "HT_states_HTCountryId_fkey";\nError while executing the query
FOYOSPMJ5CIVID3NE4GJI4QEZEM523I5XKZZKXA	public	HT_states	2024-02-09 06:29:06.259674	INSERT INTO "public"."HT_states" ( "id","stateName","stateCode","isActive","isDeleted","createdAt","updatedAt","HTCountryId" )  VALUES (31,'Tamil Nadu',NULL,'true','false','2021-10-27 11:17:25.289000','2021-10-27 11:17:25.289000',1)	RetCode: SQL_ERROR  SqlState: 23503 NativeError: 1 Message: ERROR: insert or update on table "HT_states" violates foreign key constraint "HT_states_HTCountryId_fkey";\nError while executing the query
FOYOSPMJ5CIVID3NE4GJI4QEZEM523I5XKZZKXA	public	HT_states	2024-02-09 06:29:06.261678	INSERT INTO "public"."HT_states" ( "id","stateName","stateCode","isActive","isDeleted","createdAt","updatedAt","HTCountryId" )  VALUES (32,'Tripura',NULL,'true','false','2021-10-27 11:17:25.289000','2021-10-27 11:17:25.289000',1)	RetCode: SQL_ERROR  SqlState: 23503 NativeError: 1 Message: ERROR: insert or update on table "HT_states" violates foreign key constraint "HT_states_HTCountryId_fkey";\nError while executing the query
FOYOSPMJ5CIVID3NE4GJI4QEZEM523I5XKZZKXA	public	HT_states	2024-02-09 06:29:06.263531	INSERT INTO "public"."HT_states" ( "id","stateName","stateCode","isActive","isDeleted","createdAt","updatedAt","HTCountryId" )  VALUES (33,'Uttar Pradesh',NULL,'true','false','2021-10-27 11:17:25.289000','2021-10-27 11:17:25.289000',1)	RetCode: SQL_ERROR  SqlState: 23503 NativeError: 1 Message: ERROR: insert or update on table "HT_states" violates foreign key constraint "HT_states_HTCountryId_fkey";\nError while executing the query
FOYOSPMJ5CIVID3NE4GJI4QEZEM523I5XKZZKXA	public	HT_states	2024-02-09 06:29:06.265304	INSERT INTO "public"."HT_states" ( "id","stateName","stateCode","isActive","isDeleted","createdAt","updatedAt","HTCountryId" )  VALUES (34,'Uttaranchal',NULL,'true','false','2021-10-27 11:17:25.289000','2021-10-27 11:17:25.289000',1)	RetCode: SQL_ERROR  SqlState: 23503 NativeError: 1 Message: ERROR: insert or update on table "HT_states" violates foreign key constraint "HT_states_HTCountryId_fkey";\nError while executing the query
FOYOSPMJ5CIVID3NE4GJI4QEZEM523I5XKZZKXA	public	HT_states	2024-02-09 06:29:06.267087	INSERT INTO "public"."HT_states" ( "id","stateName","stateCode","isActive","isDeleted","createdAt","updatedAt","HTCountryId" )  VALUES (35,'West Bengal',NULL,'true','false','2021-10-27 11:17:25.289000','2021-10-27 11:17:25.289000',1)	RetCode: SQL_ERROR  SqlState: 23503 NativeError: 1 Message: ERROR: insert or update on table "HT_states" violates foreign key constraint "HT_states_HTCountryId_fkey";\nError while executing the query
FOYOSPMJ5CIVID3NE4GJI4QEZEM523I5XKZZKXA	public	HT_states	2024-02-09 06:29:06.26883	INSERT INTO "public"."HT_states" ( "id","stateName","stateCode","isActive","isDeleted","createdAt","updatedAt","HTCountryId" )  VALUES (36,'Telengana',NULL,'true','false','2021-10-27 11:17:25.289000','2021-10-27 11:17:25.289000',1)	RetCode: SQL_ERROR  SqlState: 23503 NativeError: 1 Message: ERROR: insert or update on table "HT_states" violates foreign key constraint "HT_states_HTCountryId_fkey";\nError while executing the query
FOYOSPMJ5CIVID3NE4GJI4QEZEM523I5XKZZKXA	public	HT_districts	2024-02-09 06:30:04.503245	INSERT INTO "public"."HT_districts" ( "id","districtName","isActive","isDeleted","createdAt","updatedAt","HTStateId" )  VALUES (1,'Trivandrum','true','false','2024-01-16 07:01:42.000000','2024-01-16 07:01:42.000000',1)	RetCode: SQL_ERROR  SqlState: 23503 NativeError: 1 Message: ERROR: insert or update on table "HT_districts" violates foreign key constraint "HT_districts_HTStateId_fkey";\nError while executing the query
FOYOSPMJ5CIVID3NE4GJI4QEZEM523I5XKZZKXA	public	HT_districts	2024-02-09 06:30:04.521613	INSERT INTO "public"."HT_districts" ( "id","districtName","isActive","isDeleted","createdAt","updatedAt","HTStateId" )  VALUES (2,'kollam','true','false','2024-01-16 07:01:42.000000','2024-01-16 07:01:42.000000',1)	RetCode: SQL_ERROR  SqlState: 23503 NativeError: 1 Message: ERROR: insert or update on table "HT_districts" violates foreign key constraint "HT_districts_HTStateId_fkey";\nError while executing the query
FOYOSPMJ5CIVID3NE4GJI4QEZEM523I5XKZZKXA	public	HT_districts	2024-02-09 06:30:04.523925	INSERT INTO "public"."HT_districts" ( "id","districtName","isActive","isDeleted","createdAt","updatedAt","HTStateId" )  VALUES (3,'Chennai','true','false','2024-01-16 07:01:42.000000','2024-01-16 07:01:42.000000',2)	RetCode: SQL_ERROR  SqlState: 23503 NativeError: 1 Message: ERROR: insert or update on table "HT_districts" violates foreign key constraint "HT_districts_HTStateId_fkey";\nError while executing the query
FOYOSPMJ5CIVID3NE4GJI4QEZEM523I5XKZZKXA	public	HT_users	2024-02-12 06:27:10.019658	INSERT INTO "public"."HT_users" ( "id","cognitoId","oldCognitoId","userCode","firstName","lastName","phoneNumber","email","addressLine1","addressLine2","city","zipCode","isActive","isDeleted","createdBy","updatedBy","injectiondocId","dbRegion","createdAt","updatedAt","HTCountryId","HTStateId","HTDistrictId","HTAccountId","HTUserRoleId" )  VALUES ('8254e494-60be-45c4-8427-dd1df01ed3bb',NULL,NULL,77,'Rahul','M','+17788778768','rahul01@yopmail.com','ds','','txs','676789','false','false',NULL,NULL,NULL,'usa','2024-02-12 06:27:04.362000','2024-02-12 06:27:04.362000',2,37,1,'e921f3e7-119d-44ab-81f2-c007bb6d288f',5)	RetCode: SQL_ERROR  SqlState: 23503 NativeError: 1 Message: ERROR: insert or update on table "HT_users" violates foreign key constraint "HT_users_HTAccountId_fkey";\nError while executing the query
FOYOSPMJ5CIVID3NE4GJI4QEZEM523I5XKZZKXA	public	HT_users	2024-02-12 06:28:30.418533	UPDATE  "public"."HT_users" SET "id"='8254e494-60be-45c4-8427-dd1df01ed3bb', "cognitoId"='a94eeeb8-0dea-4185-8cfc-a8b19dfd7d71', "oldCognitoId"=NULL, "userCode"=77, "firstName"='Rahul', "lastName"='M', "phoneNumber"='+17788778768', "email"='rahul01@yopmail.com', "addressLine1"='ds', "addressLine2"='', "city"='txs', "zipCode"='676789', "isActive"='true', "isDeleted"='false', "createdBy"=NULL, "updatedBy"=NULL, "injectiondocId"=NULL, "dbRegion"='usa', "createdAt"='2024-02-12 06:27:04.362000', "updatedAt"='2024-02-12 06:28:24.395000', "HTCountryId"=2, "HTStateId"=37, "HTDistrictId"=1, "HTAccountId"='e921f3e7-119d-44ab-81f2-c007bb6d288f', "HTUserRoleId"=5 WHERE "id"='8254e494-60be-45c4-8427-dd1df01ed3bb'	0 rows affected
FOYOSPMJ5CIVID3NE4GJI4QEZEM523I5XKZZKXA	public	HT_users	2024-02-12 06:46:54.761158	UPDATE  "public"."HT_users" SET "id"='8254e494-60be-45c4-8427-dd1df01ed3bb', "cognitoId"='a94eeeb8-0dea-4185-8cfc-a8b19dfd7d71', "oldCognitoId"=NULL, "userCode"=77, "firstName"='Rahul', "lastName"='M', "phoneNumber"='+17788778768', "email"='rahul01@yopmail.com', "addressLine1"='ds', "addressLine2"='', "city"='txs', "zipCode"='676789', "isActive"='true', "isDeleted"='false', "createdBy"=NULL, "updatedBy"=NULL, "injectiondocId"=NULL, "dbRegion"='usa', "createdAt"='2024-02-12 06:27:04.362000', "updatedAt"='2024-02-12 06:28:24.395000', "HTCountryId"=2, "HTStateId"=37, "HTDistrictId"=1, "HTAccountId"='e921f3e7-119d-44ab-81f2-c007bb6d288g', "HTUserRoleId"=5 WHERE "id"='8254e494-60be-45c4-8427-dd1df01ed3bb'	0 rows affected
FOYOSPMJ5CIVID3NE4GJI4QEZEM523I5XKZZKXA	public	HT_users	2024-02-12 07:06:10.810385	INSERT INTO "public"."HT_users" ( "id","cognitoId","oldCognitoId","userCode","firstName","lastName","phoneNumber","email","addressLine1","addressLine2","city","zipCode","isActive","isDeleted","createdBy","updatedBy","injectiondocId","dbRegion","createdAt","updatedAt","HTCountryId","HTStateId","HTDistrictId","HTAccountId","HTUserRoleId" )  VALUES ('5c3d6435-c7e6-4db5-b5e5-2657fd2e24a7',NULL,NULL,78,'Harry','Potter','+18888888888','harry@yopmail.com','vbvn','','tsx','89898','false','false',NULL,NULL,NULL,'usa','2024-02-12 07:06:04.765000','2024-02-12 07:06:04.765000',2,37,1,'e05c93ff-e68d-4d9d-9310-c5fd1de750a3',5)	RetCode: SQL_ERROR  SqlState: 23503 NativeError: 1 Message: ERROR: insert or update on table "HT_users" violates foreign key constraint "HT_users_HTAccountId_fkey";\nError while executing the query
FOYOSPMJ5CIVID3NE4GJI4QEZEM523I5XKZZKXA	public	HT_users	2024-02-12 07:07:20.571855	UPDATE  "public"."HT_users" SET "id"='5c3d6435-c7e6-4db5-b5e5-2657fd2e24a7', "cognitoId"='70a4bc2e-7ea8-4c55-b893-4fff98555f3c', "oldCognitoId"=NULL, "userCode"=78, "firstName"='Harry', "lastName"='Potter', "phoneNumber"='+18888888888', "email"='harry@yopmail.com', "addressLine1"='vbvn', "addressLine2"='', "city"='tsx', "zipCode"='89898', "isActive"='true', "isDeleted"='false', "createdBy"=NULL, "updatedBy"=NULL, "injectiondocId"=NULL, "dbRegion"='usa', "createdAt"='2024-02-12 07:06:04.765000', "updatedAt"='2024-02-12 07:07:14.553000', "HTCountryId"=2, "HTStateId"=37, "HTDistrictId"=1, "HTAccountId"='e05c93ff-e68d-4d9d-9310-c5fd1de750a3', "HTUserRoleId"=5 WHERE "id"='5c3d6435-c7e6-4db5-b5e5-2657fd2e24a7'	0 rows affected
FOYOSPMJ5CIVID3NE4GJI4QEZEM523I5XKZZKXA	public	HT_accounts	2024-02-12 07:12:57.070094	UPDATE  "public"."HT_accounts" SET "id"='e05c93ff-e68d-4d9d-9310-c5fd1de750a3', "accountName"='USA TEST ACCOUNT', "addressLine1"='hArr', "addressLine2"='', "zipCode"='67788', "phoneNumber"=NULL, "email"=NULL, "city"='TXS', "website"=NULL, "isDCPUOrg"='false', "isActive"='true', "isDeleted"='false', "createdBy"=NULL, "updatedBy"=NULL, "injectiondocId"=NULL, "dbRegion"='usa', "consentRequired"='true', "createdAt"='2024-02-12 07:05:03.248000', "updatedAt"='2024-02-12 07:05:03.248000', "HTAccountTypeId"=2, "HTCountryId"=2, "HTStateId"=37, "HTDistrictId"=1, "accountCode"=1078 WHERE "id"='e05c93ff-e68d-4d9d-9310-c5fd1de750a3'	0 rows affected
FOYOSPMJ5CIVID3NE4GJI4QEZEM523I5XKZZKXA	public	HT_districts	2024-02-12 10:22:51.899651	INSERT INTO "public"."HT_districts" ( "id","districtName","isActive","isDeleted","createdAt","updatedAt","HTStateId" )  VALUES (4,'TXS REGION','true','false','2024-01-16 07:01:42.000000','2024-01-16 07:01:42.000000',37)	RetCode: SQL_ERROR  SqlState: 23505 NativeError: 1 Message: ERROR: duplicate key value violates unique constraint "HT_districts_pkey";\nError while executing the query
FOYOSPMJ5CIVID3NE4GJI4QEZEM523I5XKZZKXA	public	HT_users	2024-02-12 10:25:05.551133	INSERT INTO "public"."HT_users" ( "id","cognitoId","oldCognitoId","userCode","firstName","lastName","phoneNumber","email","addressLine1","addressLine2","city","zipCode","isActive","isDeleted","createdBy","updatedBy","injectiondocId","dbRegion","createdAt","updatedAt","HTCountryId","HTStateId","HTDistrictId","HTAccountId","HTUserRoleId" )  VALUES ('0edd51b7-f18c-4598-8228-451dbe07b70c',NULL,NULL,79,'James','P','+911010101014','james@yopmail.com','addr1','addr2','TXS','000000','false','false',NULL,NULL,NULL,'usa','2024-02-12 10:24:59.512000','2024-02-12 10:24:59.512000',2,37,4,'1cc3b7c8-755a-4d30-bb03-9f04959e6745',5)	RetCode: SQL_ERROR  SqlState: 23503 NativeError: 1 Message: ERROR: insert or update on table "HT_users" violates foreign key constraint "HT_users_HTAccountId_fkey";\nError while executing the query
FOYOSPMJ5CIVID3NE4GJI4QEZEM523I5XKZZKXA	public	HT_users	2024-02-12 10:26:50.468638	UPDATE  "public"."HT_users" SET "id"='0edd51b7-f18c-4598-8228-451dbe07b70c', "cognitoId"='6a11c962-d89a-4dab-8b66-8f336307df5f', "oldCognitoId"=NULL, "userCode"=79, "firstName"='James', "lastName"='P', "phoneNumber"='+911010101014', "email"='james@yopmail.com', "addressLine1"='addr1', "addressLine2"='addr2', "city"='TXS', "zipCode"='000000', "isActive"='true', "isDeleted"='false', "createdBy"=NULL, "updatedBy"=NULL, "injectiondocId"=NULL, "dbRegion"='usa', "createdAt"='2024-02-12 10:24:59.512000', "updatedAt"='2024-02-12 10:26:44.446000', "HTCountryId"=2, "HTStateId"=37, "HTDistrictId"=4, "HTAccountId"='1cc3b7c8-755a-4d30-bb03-9f04959e6745', "HTUserRoleId"=5 WHERE "id"='0edd51b7-f18c-4598-8228-451dbe07b70c'	0 rows affected
FOYOSPMJ5CIVID3NE4GJI4QEZEM523I5XKZZKXA	public	HT_users	2024-02-13 05:35:12.464519	INSERT INTO "public"."HT_users" ( "id","cognitoId","oldCognitoId","firstName","lastName","phoneNumber","email","addressLine1","addressLine2","city","zipCode","isActive","isDeleted","createdBy","updatedBy","injectiondocId","dbRegion","createdAt","updatedAt","HTCountryId","HTStateId","HTDistrictId","HTAccountId","HTUserRoleId","userCode","occupation","parentUserId" )  VALUES ('a538ff49-c749-4221-92f5-044e64eaa1cc',NULL,NULL,'Sreeraj','P1','+16546546546','sreer01aj.b@inapp.com','AD01 5th Street','','Texas North','755774','true','false',NULL,NULL,NULL,'usa','2024-02-13 05:35:06.413000','2024-02-13 05:35:06.413000',2,37,1,'dae54f85-70bf-449a-b9ae-727a7e6158c2',4,63,NULL,NULL)	RetCode: SQL_ERROR  SqlState: 23503 NativeError: 1 Message: ERROR: insert or update on table "HT_users" violates foreign key constraint "HT_users_HTAccountId_fkey";\nError while executing the query
X2W4W4LZOMHQUUDP26HU4RR6KK35VEOHKTXN3MQ	public	HT_userRoles	2024-02-23 04:52:12.753419	INSERT INTO "public"."HT_userRoles" ( "id","role","description","cognitoValue","isActive","isDeleted","createdAt","updatedAt" )  VALUES (3,'Admin+Case Manager','Same as admin, but can have children assignedHas access to mobile application','admin+casemanager','true','false','2024-01-10 09:34:22.000000','2024-01-10 09:34:22.000000')	RetCode: SQL_ERROR  SqlState: 23505 NativeError: 1 Message: ERROR: duplicate key value violates unique constraint "HT_userRoles_pkey";\nError while executing the query
FOYOSPMJ5CIVID3NE4GJI4QEZEM523I5XKZZKXA	public	HT_users	2024-02-13 05:35:25.905489	UPDATE  "public"."HT_users" SET "id"='a538ff49-c749-4221-92f5-044e64eaa1cc', "cognitoId"=NULL, "oldCognitoId"=NULL, "firstName"='Sreeraj', "lastName"='P1', "phoneNumber"='+16546546546', "email"='sreer01aj.b@inapp.com', "addressLine1"='AD01 5th Street', "addressLine2"='', "city"='Texas North', "zipCode"='755774', "isActive"='true', "isDeleted"='false', "createdBy"=NULL, "updatedBy"=NULL, "injectiondocId"=NULL, "dbRegion"='usa', "createdAt"='2024-02-13 05:35:06.413000', "updatedAt"='2024-02-13 05:35:15.877000', "HTCountryId"=2, "HTStateId"=37, "HTDistrictId"=1, "HTAccountId"='dae54f85-70bf-449a-b9ae-727a7e6158c2', "HTUserRoleId"=4, "userCode"=63, "occupation"=NULL, "parentUserId"=NULL WHERE "id"='a538ff49-c749-4221-92f5-044e64eaa1cc'	0 rows affected
FOYOSPMJ5CIVID3NE4GJI4QEZEM523I5XKZZKXA	public	HT_states	2024-02-14 08:54:58.968044	INSERT INTO "public"."HT_states" ( "id","stateName","stateCode","isActive","isDeleted","createdAt","updatedAt","HTCountryId" )  VALUES (39,'Washington','dss','true','false','2024-01-16 07:01:42.000000','2024-01-16 07:01:42.000000',2)	RetCode: SQL_ERROR  SqlState: 23505 NativeError: 1 Message: ERROR: duplicate key value violates unique constraint "HT_states_pkey";\nError while executing the query
FOYOSPMJ5CIVID3NE4GJI4QEZEM523I5XKZZKXA	public	HT_districts	2024-02-14 08:56:34.662633	INSERT INTO "public"."HT_districts" ( "id","districtName","isActive","isDeleted","createdAt","updatedAt","HTStateId" )  VALUES (5,'New TXS Destrict','true','false','2024-01-16 07:01:42.000000','2024-01-16 07:01:42.000000',37)	RetCode: SQL_ERROR  SqlState: 23505 NativeError: 1 Message: ERROR: duplicate key value violates unique constraint "HT_districts_pkey";\nError while executing the query
FOYOSPMJ5CIVID3NE4GJI4QEZEM523I5XKZZKXA	public	HT_districts	2024-02-14 08:57:50.480296	INSERT INTO "public"."HT_districts" ( "id","districtName","isActive","isDeleted","createdAt","updatedAt","HTStateId" )  VALUES (6,'Washngtn Regn','true','false','2024-01-16 07:01:42.000000','2024-01-16 07:01:42.000000',39)	RetCode: SQL_ERROR  SqlState: 23505 NativeError: 1 Message: ERROR: duplicate key value violates unique constraint "HT_districts_pkey";\nError while executing the query
FOYOSPMJ5CIVID3NE4GJI4QEZEM523I5XKZZKXA	public	HT_districts	2024-02-14 08:58:14.584354	INSERT INTO "public"."HT_districts" ( "id","districtName","isActive","isDeleted","createdAt","updatedAt","HTStateId" )  VALUES (7,'Washngtn Regn 2','true','false','2024-01-16 07:01:42.000000','2024-01-16 07:01:42.000000',39)	RetCode: SQL_ERROR  SqlState: 23505 NativeError: 1 Message: ERROR: duplicate key value violates unique constraint "HT_districts_pkey";\nError while executing the query
FOYOSPMJ5CIVID3NE4GJI4QEZEM523I5XKZZKXA	public	HT_users	2024-02-15 06:34:06.68671	INSERT INTO "public"."HT_users" ( "id","cognitoId","oldCognitoId","firstName","lastName","phoneNumber","email","addressLine1","addressLine2","city","zipCode","isActive","isDeleted","createdBy","updatedBy","injectiondocId","dbRegion","createdAt","updatedAt","HTCountryId","HTStateId","HTDistrictId","HTAccountId","HTUserRoleId","occupation","parentUserId","userCode","userTimezone" )  VALUES ('6271ab4b-e2f9-426d-88fd-f579ef74ef30',NULL,NULL,'Shagil','Tester','+18956232356','shagil.k1707978824195@mailinator.com','Address1','','Texas','654654','true','false',NULL,NULL,NULL,'usa','2024-02-15 06:34:00.644000','2024-02-15 06:34:00.644000',2,37,1,'4116c3d8-84ae-4733-9081-1769ce38355e',4,NULL,NULL,82,NULL)	RetCode: SQL_ERROR  SqlState: 23503 NativeError: 1 Message: ERROR: insert or update on table "HT_users" violates foreign key constraint "HT_users_HTAccountId_fkey";\nError while executing the query
FOYOSPMJ5CIVID3NE4GJI4QEZEM523I5XKZZKXA	public	HT_users	2024-02-15 09:09:12.367553	INSERT INTO "public"."HT_users" ( "id","cognitoId","oldCognitoId","firstName","lastName","phoneNumber","email","addressLine1","addressLine2","city","zipCode","isActive","isDeleted","createdBy","updatedBy","injectiondocId","dbRegion","createdAt","updatedAt","HTCountryId","HTStateId","HTDistrictId","HTAccountId","HTUserRoleId","occupation","parentUserId","userCode","userTimezone" )  VALUES ('4d60b7f7-c332-4d57-ad9b-bf8c500c4e23',NULL,NULL,'Robert','DowneyJr','+19895098950','robertd@mailinator.com','ABC','','Texas','698523','true','false',NULL,NULL,NULL,'usa','2024-02-15 09:09:06.309000','2024-02-15 09:09:06.309000',2,37,1,'1000',4,NULL,NULL,83,NULL)	RetCode: SQL_ERROR  SqlState: 23503 NativeError: 1 Message: ERROR: insert or update on table "HT_users" violates foreign key constraint "HT_users_HTAccountId_fkey";\nError while executing the query
FOYOSPMJ5CIVID3NE4GJI4QEZEM523I5XKZZKXA	public	HT_users	2024-02-15 09:09:32.368218	UPDATE  "public"."HT_users" SET "id"='4d60b7f7-c332-4d57-ad9b-bf8c500c4e23', "cognitoId"=NULL, "oldCognitoId"=NULL, "firstName"='Robert', "lastName"='DowneyJr', "phoneNumber"='+19895098950', "email"='robertd@mailinator.com', "addressLine1"='ABC', "addressLine2"='', "city"='Texas', "zipCode"='698523', "isActive"='true', "isDeleted"='false', "createdBy"=NULL, "updatedBy"=NULL, "injectiondocId"=NULL, "dbRegion"='usa', "createdAt"='2024-02-15 09:09:06.309000', "updatedAt"='2024-02-15 09:09:26.438000', "HTCountryId"=2, "HTStateId"=37, "HTDistrictId"=1, "HTAccountId"='1000', "HTUserRoleId"=4, "occupation"=NULL, "parentUserId"=NULL, "userCode"=83, "userTimezone"=NULL WHERE "id"='4d60b7f7-c332-4d57-ad9b-bf8c500c4e23'	0 rows affected
FOYOSPMJ5CIVID3NE4GJI4QEZEM523I5XKZZKXA	public	HT_users	2024-02-15 09:09:32.378073	UPDATE  "public"."HT_users" SET "id"='4d60b7f7-c332-4d57-ad9b-bf8c500c4e23', "cognitoId"=NULL, "oldCognitoId"=NULL, "firstName"='Robert', "lastName"='DowneyJr', "phoneNumber"='+19895098950', "email"='robertd@mailinator.com', "addressLine1"='ABC', "addressLine2"='', "city"='Texas', "zipCode"='698523', "isActive"='true', "isDeleted"='false', "createdBy"=NULL, "updatedBy"=NULL, "injectiondocId"=NULL, "dbRegion"='usa', "createdAt"='2024-02-15 09:09:06.309000', "updatedAt"='2024-02-15 09:09:27.331000', "HTCountryId"=2, "HTStateId"=37, "HTDistrictId"=1, "HTAccountId"='1000', "HTUserRoleId"=4, "occupation"=NULL, "parentUserId"=NULL, "userCode"=83, "userTimezone"=NULL WHERE "id"='4d60b7f7-c332-4d57-ad9b-bf8c500c4e23'	0 rows affected
FOYOSPMJ5CIVID3NE4GJI4QEZEM523I5XKZZKXA	public	HT_users	2024-02-15 09:09:41.967182	UPDATE  "public"."HT_users" SET "id"='4d60b7f7-c332-4d57-ad9b-bf8c500c4e23', "cognitoId"=NULL, "oldCognitoId"=NULL, "firstName"='Robert', "lastName"='DowneyJr', "phoneNumber"='+19895098950', "email"='robertd@mailinator.com', "addressLine1"='ABC', "addressLine2"='', "city"='Texas', "zipCode"='698523', "isActive"='true', "isDeleted"='false', "createdBy"=NULL, "updatedBy"=NULL, "injectiondocId"=NULL, "dbRegion"='usa', "createdAt"='2024-02-15 09:09:06.309000', "updatedAt"='2024-02-15 09:09:41.961000', "HTCountryId"=2, "HTStateId"=37, "HTDistrictId"=1, "HTAccountId"='1000', "HTUserRoleId"=4, "occupation"=NULL, "parentUserId"=NULL, "userCode"=83, "userTimezone"=NULL WHERE "id"='4d60b7f7-c332-4d57-ad9b-bf8c500c4e23'	0 rows affected
X2W4W4LZOMHQUUDP26HU4RR6KK35VEOHKTXN3MQ	public	HT_userRoles	2024-02-23 04:52:13.823936	INSERT INTO "public"."HT_userRoles" ( "id","role","description","cognitoValue","isActive","isDeleted","createdAt","updatedAt" )  VALUES (4,'Admin+Social Worker','Same as admin, but can have children assignedHas access to mobile application','admin+caseworker','true','false','2024-01-10 09:34:22.000000','2024-01-10 09:34:22.000000')	RetCode: SQL_ERROR  SqlState: 23505 NativeError: 1 Message: ERROR: duplicate key value violates unique constraint "HT_userRoles_pkey";\nError while executing the query
FOYOSPMJ5CIVID3NE4GJI4QEZEM523I5XKZZKXA	public	HT_users	2024-02-15 09:09:42.734532	UPDATE  "public"."HT_users" SET "id"='4d60b7f7-c332-4d57-ad9b-bf8c500c4e23', "cognitoId"=NULL, "oldCognitoId"=NULL, "firstName"='Robert', "lastName"='DowneyJr', "phoneNumber"='+19895098950', "email"='robertd@mailinator.com', "addressLine1"='ABC', "addressLine2"='', "city"='Texas', "zipCode"='698523', "isActive"='true', "isDeleted"='false', "createdBy"=NULL, "updatedBy"=NULL, "injectiondocId"=NULL, "dbRegion"='usa', "createdAt"='2024-02-15 09:09:06.309000', "updatedAt"='2024-02-15 09:09:42.728000', "HTCountryId"=2, "HTStateId"=37, "HTDistrictId"=1, "HTAccountId"='1000', "HTUserRoleId"=4, "occupation"=NULL, "parentUserId"=NULL, "userCode"=83, "userTimezone"=NULL WHERE "id"='4d60b7f7-c332-4d57-ad9b-bf8c500c4e23'	0 rows affected
FOYOSPMJ5CIVID3NE4GJI4QEZEM523I5XKZZKXA	public	HT_users	2024-02-15 09:09:52.278432	UPDATE  "public"."HT_users" SET "id"='4d60b7f7-c332-4d57-ad9b-bf8c500c4e23', "cognitoId"='784eae19-802f-42b6-9f0f-ddf574efe558', "oldCognitoId"=NULL, "firstName"='Robert', "lastName"='DowneyJr', "phoneNumber"='+19895098950', "email"='robertd@mailinator.com', "addressLine1"='ABC', "addressLine2"='', "city"='Texas', "zipCode"='698523', "isActive"='true', "isDeleted"='false', "createdBy"=NULL, "updatedBy"=NULL, "injectiondocId"=NULL, "dbRegion"='usa', "createdAt"='2024-02-15 09:09:06.309000', "updatedAt"='2024-02-15 09:09:52.266000', "HTCountryId"=2, "HTStateId"=37, "HTDistrictId"=1, "HTAccountId"='1000', "HTUserRoleId"=4, "occupation"=NULL, "parentUserId"=NULL, "userCode"=83, "userTimezone"=NULL WHERE "id"='4d60b7f7-c332-4d57-ad9b-bf8c500c4e23'	0 rows affected
FOYOSPMJ5CIVID3NE4GJI4QEZEM523I5XKZZKXA	public	HT_users	2024-02-15 09:26:00.189461	UPDATE  "public"."HT_users" SET "id"='4d60b7f7-c332-4d57-ad9b-bf8c500c4e23', "cognitoId"='784eae19-802f-42b6-9f0f-ddf574efe558', "oldCognitoId"=NULL, "firstName"='Robert', "lastName"='DowneyJr', "phoneNumber"='+19895098950', "email"='robertd@mailinator.com', "addressLine1"='ABC', "addressLine2"='', "city"='Texas', "zipCode"='698523', "isActive"='true', "isDeleted"='false', "createdBy"=NULL, "updatedBy"=NULL, "injectiondocId"=NULL, "dbRegion"='usa', "createdAt"='2024-02-15 09:09:06.309000', "updatedAt"='2024-02-15 09:26:00.134000', "HTCountryId"=2, "HTStateId"=37, "HTDistrictId"=1, "HTAccountId"='1000', "HTUserRoleId"=4, "occupation"=NULL, "parentUserId"=NULL, "userCode"=83, "userTimezone"=NULL WHERE "id"='4d60b7f7-c332-4d57-ad9b-bf8c500c4e23'	0 rows affected
FOYOSPMJ5CIVID3NE4GJI4QEZEM523I5XKZZKXA	public	HT_users	2024-02-15 09:26:00.745072	UPDATE  "public"."HT_users" SET "id"='4d60b7f7-c332-4d57-ad9b-bf8c500c4e23', "cognitoId"='784eae19-802f-42b6-9f0f-ddf574efe558', "oldCognitoId"=NULL, "firstName"='Robert', "lastName"='DowneyJr', "phoneNumber"='+19895098950', "email"='robertd@mailinator.com', "addressLine1"='ABC', "addressLine2"='', "city"='Texas', "zipCode"='698523', "isActive"='true', "isDeleted"='false', "createdBy"=NULL, "updatedBy"=NULL, "injectiondocId"=NULL, "dbRegion"='usa', "createdAt"='2024-02-15 09:09:06.309000', "updatedAt"='2024-02-15 09:26:00.727000', "HTCountryId"=2, "HTStateId"=37, "HTDistrictId"=1, "HTAccountId"='1000', "HTUserRoleId"=4, "occupation"=NULL, "parentUserId"=NULL, "userCode"=83, "userTimezone"=NULL WHERE "id"='4d60b7f7-c332-4d57-ad9b-bf8c500c4e23'	0 rows affected
FOYOSPMJ5CIVID3NE4GJI4QEZEM523I5XKZZKXA	public	HT_users	2024-02-15 09:44:25.119434	INSERT INTO "public"."HT_users" ( "id","cognitoId","oldCognitoId","firstName","lastName","phoneNumber","email","addressLine1","addressLine2","city","zipCode","isActive","isDeleted","createdBy","updatedBy","injectiondocId","dbRegion","createdAt","updatedAt","HTCountryId","HTStateId","HTDistrictId","HTAccountId","HTUserRoleId","occupation","parentUserId","userCode","userTimezone" )  VALUES ('363dbd9a-0e10-4639-81d8-5d808d1a5ae9',NULL,NULL,'Shagil','Tester','+19895098950','shagil.k1707990190442@mailinator.com','Address1','','Texas','654654','true','false',NULL,NULL,NULL,'usa','2024-02-15 09:44:18.585000','2024-02-15 09:44:18.585000',2,37,1,'ab5d12a2-db6b-491c-94f3-54bb1655c8e5',4,NULL,NULL,84,NULL)	RetCode: SQL_ERROR  SqlState: 23503 NativeError: 1 Message: ERROR: insert or update on table "HT_users" violates foreign key constraint "HT_users_HTAccountId_fkey";\nError while executing the query
FOYOSPMJ5CIVID3NE4GJI4QEZEM523I5XKZZKXA	public	HT_users	2024-02-15 10:00:41.530303	INSERT INTO "public"."HT_users" ( "id","cognitoId","oldCognitoId","firstName","lastName","phoneNumber","email","addressLine1","addressLine2","city","zipCode","isActive","isDeleted","createdBy","updatedBy","injectiondocId","dbRegion","createdAt","updatedAt","HTCountryId","HTStateId","HTDistrictId","HTAccountId","HTUserRoleId","occupation","parentUserId","userCode","userTimezone" )  VALUES ('5495b90b-4e60-4064-808f-79eedb366a10',NULL,NULL,'Shagil','Tester','+19856232356','shagil.k1707991221448@mailinator.com','Address1','','Uganda','654654','true','false',NULL,NULL,NULL,'uganda','2024-02-15 10:00:35.877000','2024-02-15 10:00:35.877000',3,38,1,'24bb1e2b-155b-4ae8-bd1c-3c51d1115973',4,NULL,NULL,85,NULL)	RetCode: SQL_ERROR  SqlState: 23503 NativeError: 1 Message: ERROR: insert or update on table "HT_users" violates foreign key constraint "HT_users_HTAccountId_fkey";\nError while executing the query
FOYOSPMJ5CIVID3NE4GJI4QEZEM523I5XKZZKXA	public	HT_users	2024-02-15 10:14:21.310619	INSERT INTO "public"."HT_users" ( "id","cognitoId","oldCognitoId","firstName","lastName","phoneNumber","email","addressLine1","addressLine2","city","zipCode","isActive","isDeleted","createdBy","updatedBy","injectiondocId","dbRegion","createdAt","updatedAt","HTCountryId","HTStateId","HTDistrictId","HTAccountId","HTUserRoleId","occupation","parentUserId","userCode","userTimezone" )  VALUES ('2d38ded7-b475-4156-bb0c-c49a5562a7b5',NULL,NULL,'Shagil','Tester','+19856232356','shagil.k1707992040102@mailinator.com','Address1','','Uganda','654654','true','false',NULL,NULL,NULL,'uganda','2024-02-15 10:14:14.834000','2024-02-15 10:14:14.834000',3,38,1,'c9808887-e947-4b91-a2c4-c7075f1ff6f1',4,NULL,NULL,86,NULL)	RetCode: SQL_ERROR  SqlState: 23503 NativeError: 1 Message: ERROR: insert or update on table "HT_users" violates foreign key constraint "HT_users_HTAccountId_fkey";\nError while executing the query
FOYOSPMJ5CIVID3NE4GJI4QEZEM523I5XKZZKXA	public	HT_users	2024-02-15 10:15:10.582624	INSERT INTO "public"."HT_users" ( "id","cognitoId","oldCognitoId","firstName","lastName","phoneNumber","email","addressLine1","addressLine2","city","zipCode","isActive","isDeleted","createdBy","updatedBy","injectiondocId","dbRegion","createdAt","updatedAt","HTCountryId","HTStateId","HTDistrictId","HTAccountId","HTUserRoleId","occupation","parentUserId","userCode","userTimezone" )  VALUES ('92e26130-a695-4d4c-9733-1ad03d1f9727',NULL,NULL,'Shagil','Tester','+19856232356','shagil.k1707992090400@mailinator.com','Address1','','Texas','654544','true','false',NULL,NULL,NULL,'usa','2024-02-15 10:15:04.534000','2024-02-15 10:15:04.534000',2,37,1,'b4570af7-fe72-4fc0-a369-942e6bcae60e',4,NULL,NULL,87,NULL)	RetCode: SQL_ERROR  SqlState: 23503 NativeError: 1 Message: ERROR: insert or update on table "HT_users" violates foreign key constraint "HT_users_HTAccountId_fkey";\nError while executing the query
X2W4W4LZOMHQUUDP26HU4RR6KK35VEOHKTXN3MQ	public	HT_userRoles	2024-02-23 04:52:14.891988	INSERT INTO "public"."HT_userRoles" ( "id","role","description","cognitoValue","isActive","isDeleted","createdAt","updatedAt" )  VALUES (5,'Social Worker','Only has access to assigned children','caseworker','true','false','2024-01-10 09:34:22.000000','2024-01-10 09:34:22.000000')	RetCode: SQL_ERROR  SqlState: 23505 NativeError: 1 Message: ERROR: duplicate key value violates unique constraint "HT_userRoles_pkey";\nError while executing the query
FOYOSPMJ5CIVID3NE4GJI4QEZEM523I5XKZZKXA	public	HT_users	2024-02-16 09:22:46.93825	INSERT INTO "public"."HT_users" ( "id","cognitoId","oldCognitoId","firstName","lastName","phoneNumber","email","addressLine1","addressLine2","city","zipCode","isActive","isDeleted","createdBy","updatedBy","injectiondocId","dbRegion","createdAt","updatedAt","HTCountryId","HTStateId","HTDistrictId","HTAccountId","HTUserRoleId","occupation","parentUserId","userCode","userTimezone" )  VALUES ('52751db2-a86a-4586-b545-f6929c352058',NULL,NULL,'Shagil','Tester','+19856232356','shagil.k1708075342194@mailinator.com','Address1','','Uganda','654654','true','false',NULL,NULL,NULL,'uganda','2024-02-16 09:22:41.038000','2024-02-16 09:22:41.038000',3,38,1,'cae7045e-dc8b-4502-a59e-88ca0dda41ac',4,NULL,NULL,96,NULL)	RetCode: SQL_ERROR  SqlState: 23503 NativeError: 1 Message: ERROR: insert or update on table "HT_users" violates foreign key constraint "HT_users_HTAccountId_fkey";\nError while executing the query
FOYOSPMJ5CIVID3NE4GJI4QEZEM523I5XKZZKXA	public	HT_users	2024-02-16 09:23:23.7218	INSERT INTO "public"."HT_users" ( "id","cognitoId","oldCognitoId","firstName","lastName","phoneNumber","email","addressLine1","addressLine2","city","zipCode","isActive","isDeleted","createdBy","updatedBy","injectiondocId","dbRegion","createdAt","updatedAt","HTCountryId","HTStateId","HTDistrictId","HTAccountId","HTUserRoleId","occupation","parentUserId","userCode","userTimezone" )  VALUES ('9328f68a-a73f-46b1-9e11-56d72890ba5d',NULL,NULL,'Shagil','Tester','+19856232356','shagil.k1708075381543@mailinator.com','Address1','','Texas','654544','true','false',NULL,NULL,NULL,'usa','2024-02-16 09:23:17.978000','2024-02-16 09:23:17.978000',2,37,1,'89059c40-6ab6-4e23-a859-da49328ed843',4,NULL,NULL,97,NULL)	RetCode: SQL_ERROR  SqlState: 23503 NativeError: 1 Message: ERROR: insert or update on table "HT_users" violates foreign key constraint "HT_users_HTAccountId_fkey";\nError while executing the query
FOYOSPMJ5CIVID3NE4GJI4QEZEM523I5XKZZKXA	public	HT_users	2024-02-20 09:51:04.544786	INSERT INTO "public"."HT_users" ( "id","cognitoId","oldCognitoId","firstName","lastName","phoneNumber","email","addressLine1","addressLine2","city","zipCode","isActive","isDeleted","createdBy","updatedBy","injectiondocId","dbRegion","createdAt","updatedAt","HTCountryId","HTStateId","HTDistrictId","HTAccountId","HTUserRoleId","occupation","parentUserId","userCode","userTimezone" )  VALUES ('3ce6579b-1b63-4596-a310-265789cf97f9',NULL,NULL,'Sree','rajB','+917012006775','sreeraj.b12@inapp.com','AD01 5th Street','','Texas North','677733','true','false',NULL,NULL,NULL,'usa','2024-02-20 09:50:58.670000','2024-02-20 09:50:58.670000',2,37,1,'1001',7,NULL,NULL,117,NULL)	RetCode: SQL_ERROR  SqlState: 23503 NativeError: 1 Message: ERROR: insert or update on table "HT_users" violates foreign key constraint "HT_users_HTAccountId_fkey";\nError while executing the query
FOYOSPMJ5CIVID3NE4GJI4QEZEM523I5XKZZKXA	public	HT_users	2024-02-20 09:51:26.154306	UPDATE  "public"."HT_users" SET "id"='3ce6579b-1b63-4596-a310-265789cf97f9', "cognitoId"=NULL, "oldCognitoId"=NULL, "firstName"='Sree', "lastName"='rajB', "phoneNumber"='+917012006775', "email"='sreeraj.b12@inapp.com', "addressLine1"='AD01 5th Street', "addressLine2"='', "city"='Texas North', "zipCode"='677733', "isActive"='true', "isDeleted"='false', "createdBy"=NULL, "updatedBy"=NULL, "injectiondocId"=NULL, "dbRegion"='usa', "createdAt"='2024-02-20 09:50:58.670000', "updatedAt"='2024-02-20 09:51:20.666000', "HTCountryId"=2, "HTStateId"=37, "HTDistrictId"=1, "HTAccountId"='1001', "HTUserRoleId"=7, "occupation"=NULL, "parentUserId"=NULL, "userCode"=117, "userTimezone"=NULL WHERE "id"='3ce6579b-1b63-4596-a310-265789cf97f9'	0 rows affected
X2W4W4LZOMHQUUDP26HU4RR6KK35VEOHKTXN3MQ	public	HT_accountTypes	2024-02-23 04:50:54.53293	INSERT INTO "public"."HT_accountTypes" ( "id","name","description","isActive","isDeleted","createdAt","updatedAt" )  VALUES (1,'Miracle Foundation',NULL,'true','false','2024-01-16 07:01:42.000000','2024-01-16 07:01:42.000000')	RetCode: SQL_ERROR  SqlState: 23505 NativeError: 1 Message: ERROR: duplicate key value violates unique constraint "HT_accountTypes_pkey";\nError while executing the query
X2W4W4LZOMHQUUDP26HU4RR6KK35VEOHKTXN3MQ	public	HT_accountTypes	2024-02-23 04:50:57.721884	INSERT INTO "public"."HT_accountTypes" ( "id","name","description","isActive","isDeleted","createdAt","updatedAt" )  VALUES (5,'Private CCI',NULL,'true','false','2024-01-16 07:01:42.000000','2024-01-16 07:01:42.000000')	RetCode: SQL_ERROR  SqlState: 23505 NativeError: 1 Message: ERROR: duplicate key value violates unique constraint "HT_accountTypes_pkey";\nError while executing the query
X2W4W4LZOMHQUUDP26HU4RR6KK35VEOHKTXN3MQ	public	HT_accountTypes	2024-02-23 04:50:58.780914	INSERT INTO "public"."HT_accountTypes" ( "id","name","description","isActive","isDeleted","createdAt","updatedAt" )  VALUES (4,'NGO/Partner',NULL,'true','false','2024-01-16 07:01:42.000000','2024-01-16 07:01:42.000000')	RetCode: SQL_ERROR  SqlState: 23505 NativeError: 1 Message: ERROR: duplicate key value violates unique constraint "HT_accountTypes_pkey";\nError while executing the query
X2W4W4LZOMHQUUDP26HU4RR6KK35VEOHKTXN3MQ	public	HT_accountTypes	2024-02-23 04:50:59.839897	INSERT INTO "public"."HT_accountTypes" ( "id","name","description","isActive","isDeleted","createdAt","updatedAt" )  VALUES (3,'Govt Organization',NULL,'true','false','2024-01-16 07:01:42.000000','2024-01-16 07:01:42.000000')	RetCode: SQL_ERROR  SqlState: 23505 NativeError: 1 Message: ERROR: duplicate key value violates unique constraint "HT_accountTypes_pkey";\nError while executing the query
X2W4W4LZOMHQUUDP26HU4RR6KK35VEOHKTXN3MQ	public	HT_accountTypes	2024-02-23 04:51:00.913432	INSERT INTO "public"."HT_accountTypes" ( "id","name","description","isActive","isDeleted","createdAt","updatedAt" )  VALUES (2,'Govt CCI',NULL,'true','false','2024-01-16 07:01:42.000000','2024-01-16 07:01:42.000000')	RetCode: SQL_ERROR  SqlState: 23505 NativeError: 1 Message: ERROR: duplicate key value violates unique constraint "HT_accountTypes_pkey";\nError while executing the query
X2W4W4LZOMHQUUDP26HU4RR6KK35VEOHKTXN3MQ	public	HT_userRoles	2024-02-23 04:52:08.472774	INSERT INTO "public"."HT_userRoles" ( "id","role","description","cognitoValue","isActive","isDeleted","createdAt","updatedAt" )  VALUES (1,'Super Admin','Add/edit/view users in this organizationCan view children assigned to Social WorkersCan view assessments and reportsNo access to mobile application','superadmin','true','false','2024-01-10 09:34:22.000000','2024-01-10 09:34:22.000000')	RetCode: SQL_ERROR  SqlState: 23505 NativeError: 1 Message: ERROR: duplicate key value violates unique constraint "HT_userRoles_pkey";\nError while executing the query
X2W4W4LZOMHQUUDP26HU4RR6KK35VEOHKTXN3MQ	public	HT_userRoles	2024-02-23 04:52:11.683247	INSERT INTO "public"."HT_userRoles" ( "id","role","description","cognitoValue","isActive","isDeleted","createdAt","updatedAt" )  VALUES (2,'Admin','Add/edit/view users in this organizationCan view children assigned to Social WorkersCan view assessments and reportsNo access to mobile application','admin','true','false','2024-01-10 09:34:22.000000','2024-01-10 09:34:22.000000')	RetCode: SQL_ERROR  SqlState: 23505 NativeError: 1 Message: ERROR: duplicate key value violates unique constraint "HT_userRoles_pkey";\nError while executing the query
X2W4W4LZOMHQUUDP26HU4RR6KK35VEOHKTXN3MQ	public	HT_userRoles	2024-02-23 04:52:15.960351	INSERT INTO "public"."HT_userRoles" ( "id","role","description","cognitoValue","isActive","isDeleted","createdAt","updatedAt" )  VALUES (6,'Case Manager','Only has access to assigned children','casemanager','true','false','2024-01-10 09:34:22.000000','2024-01-10 09:34:22.000000')	RetCode: SQL_ERROR  SqlState: 23505 NativeError: 1 Message: ERROR: duplicate key value violates unique constraint "HT_userRoles_pkey";\nError while executing the query
X2W4W4LZOMHQUUDP26HU4RR6KK35VEOHKTXN3MQ	public	HT_userRoles	2024-02-23 04:52:17.02868	INSERT INTO "public"."HT_userRoles" ( "id","role","description","cognitoValue","isActive","isDeleted","createdAt","updatedAt" )  VALUES (7,'View Only','Can view account/user informationView only permissions to child data','viewonly','true','false','2024-01-10 09:34:22.000000','2024-01-10 09:34:22.000000')	RetCode: SQL_ERROR  SqlState: 23505 NativeError: 1 Message: ERROR: duplicate key value violates unique constraint "HT_userRoles_pkey";\nError while executing the query
X2W4W4LZOMHQUUDP26HU4RR6KK35VEOHKTXN3MQ	public	HT_userRoles	2024-02-23 04:52:18.096606	INSERT INTO "public"."HT_userRoles" ( "id","role","description","cognitoValue","isActive","isDeleted","createdAt","updatedAt" )  VALUES (8,'Parent','Have Access to mobile application only','parent','true','false','2024-01-10 09:34:22.000000','2024-01-10 09:34:22.000000')	RetCode: SQL_ERROR  SqlState: 23505 NativeError: 1 Message: ERROR: duplicate key value violates unique constraint "HT_userRoles_pkey";\nError while executing the query
X2W4W4LZOMHQUUDP26HU4RR6KK35VEOHKTXN3MQ	public	HT_userRoles	2024-02-23 04:52:19.16472	INSERT INTO "public"."HT_userRoles" ( "id","role","description","cognitoValue","isActive","isDeleted","createdAt","updatedAt" )  VALUES (9,'Unassigned','User does not have access','unassigned','true','false','2024-01-10 09:34:22.000000','2024-01-10 09:34:22.000000')	RetCode: SQL_ERROR  SqlState: 23505 NativeError: 1 Message: ERROR: duplicate key value violates unique constraint "HT_userRoles_pkey";\nError while executing the query
X2W4W4LZOMHQUUDP26HU4RR6KK35VEOHKTXN3MQ	public	HT_users	2024-02-27 09:35:13.28036	UPDATE  "public"."HT_users" SET "id"='b7e3a489-e3ad-40cb-86bf-caece3189c8b', "cognitoId"='d5e00260-3d5d-4cf3-9b14-04e17727850d', "oldCognitoId"=NULL, "firstName"='inapp', "lastName"='admin', "phoneNumber"='+919876543210', "email"='inappadmin@yopmail.com', "addressLine1"='test street', "addressLine2"='north', "city"='tvm', "zipCode"='695502', "isActive"='true', "isDeleted"='false', "createdBy"=NULL, "updatedBy"=NULL, "injectiondocId"=NULL, "dbRegion"='india', "createdAt"='2024-02-27 05:01:31.155000', "updatedAt"='2024-02-27 09:34:55.903000', "HTCountryId"=1, "HTStateId"=18, "HTDistrictId"=1, "HTAccountId"='8ae1305c-52cd-40be-a0ae-43b1b6d6ed78', "HTUserRoleId"=9, "occupation"=NULL, "parentUserId"=NULL, "userCode"=129, "userTimezone"=NULL, "caseManagerId"=NULL WHERE "id"='b7e3a489-e3ad-40cb-86bf-caece3189c8b'	0 rows affected
X2W4W4LZOMHQUUDP26HU4RR6KK35VEOHKTXN3MQ	public	HT_users	2024-02-27 09:36:32.208086	UPDATE  "public"."HT_users" SET "id"='fb5922b0-65ba-4776-95cd-824a5effe885', "cognitoId"='43b12b0d-8a2b-446d-b0ac-a046c0ccc58d', "oldCognitoId"=NULL, "firstName"='inapp', "lastName"='CM', "phoneNumber"='+919876543210', "email"='inappcm@yopmail.com', "addressLine1"='test street', "addressLine2"='north', "city"='tvm', "zipCode"='695502', "isActive"='true', "isDeleted"='false', "createdBy"=NULL, "updatedBy"=NULL, "injectiondocId"=NULL, "dbRegion"='india', "createdAt"='2024-02-27 05:22:20.618000', "updatedAt"='2024-02-27 09:36:31.766000', "HTCountryId"=1, "HTStateId"=18, "HTDistrictId"=1, "HTAccountId"='8ae1305c-52cd-40be-a0ae-43b1b6d6ed78', "HTUserRoleId"=9, "occupation"=NULL, "parentUserId"=NULL, "userCode"=130, "userTimezone"=NULL, "caseManagerId"=NULL WHERE "id"='fb5922b0-65ba-4776-95cd-824a5effe885'	0 rows affected
X2W4W4LZOMHQUUDP26HU4RR6KK35VEOHKTXN3MQ	public	HT_users	2024-02-28 09:02:13.192233	UPDATE  "public"."HT_users" SET "id"='f645e3e8-221d-432f-8ba5-6d59d2991d65', "cognitoId"='446c063b-8d55-453b-9e99-90d8268c0e0b', "oldCognitoId"=NULL, "firstName"='peterworker', "lastName"='bibin', "phoneNumber"='+917510179475', "email"='peterworker@mailinator.com', "addressLine1"='asas', "addressLine2"='', "city"='Mukkam', "zipCode"='673602', "isActive"='true', "isDeleted"='false', "createdBy"=NULL, "updatedBy"=NULL, "injectiondocId"=NULL, "dbRegion"='india', "createdAt"='2024-02-27 05:32:17.711000', "updatedAt"='2024-02-27 05:44:58.708000', "HTCountryId"=1, "HTStateId"=18, "HTDistrictId"=1, "HTAccountId"=NULL, "HTUserRoleId"=5, "occupation"=NULL, "parentUserId"=NULL, "userCode"=131, "userTimezone"=NULL, "caseManagerId"=NULL WHERE "id"='f645e3e8-221d-432f-8ba5-6d59d2991d65'	0 rows affected
X2W4W4LZOMHQUUDP26HU4RR6KK35VEOHKTXN3MQ	public	HT_users	2024-02-28 09:02:16.015408	UPDATE  "public"."HT_users" SET "id"='cb0248b1-5ddc-4837-9920-82aebd99a409', "cognitoId"='0a096b49-8c48-4fb8-94f2-ffa30fe5e0a1', "oldCognitoId"=NULL, "firstName"='SocialWorker-01', "lastName"='Inapp', "phoneNumber"='+919877665678', "email"='socialworker@yopmail.com', "addressLine1"='ABC', "addressLine2"='', "city"='TRV', "zipCode"='676567', "isActive"='true', "isDeleted"='false', "createdBy"=NULL, "updatedBy"=NULL, "injectiondocId"=NULL, "dbRegion"='india', "createdAt"='2024-02-26 07:07:44.436000', "updatedAt"='2024-02-26 07:08:56.947000', "HTCountryId"=1, "HTStateId"=18, "HTDistrictId"=1, "HTAccountId"=NULL, "HTUserRoleId"=4, "occupation"=NULL, "parentUserId"=NULL, "userCode"=125, "userTimezone"=NULL, "caseManagerId"=NULL WHERE "id"='cb0248b1-5ddc-4837-9920-82aebd99a409'	0 rows affected
X2W4W4LZOMHQUUDP26HU4RR6KK35VEOHKTXN3MQ	public	HT_users	2024-02-28 09:02:16.820493	UPDATE  "public"."HT_users" SET "id"='f8f3240a-a405-4b19-8ab1-f62c2b6c68c8', "cognitoId"='09d85e56-35e0-4905-a0ab-2823d75c2446', "oldCognitoId"=NULL, "firstName"='test', "lastName"='cw', "phoneNumber"='+919876543210', "email"='testcw@mailinator.com', "addressLine1"='test street', "addressLine2"='north', "city"='tvm', "zipCode"='695502', "isActive"='true', "isDeleted"='false', "createdBy"=NULL, "updatedBy"=NULL, "injectiondocId"=NULL, "dbRegion"='india', "createdAt"='2024-02-27 03:59:38.932000', "updatedAt"='2024-02-27 04:12:45.566000', "HTCountryId"=1, "HTStateId"=18, "HTDistrictId"=1, "HTAccountId"=NULL, "HTUserRoleId"=9, "occupation"=NULL, "parentUserId"=NULL, "userCode"=128, "userTimezone"=NULL, "caseManagerId"=NULL WHERE "id"='f8f3240a-a405-4b19-8ab1-f62c2b6c68c8'	0 rows affected
X2W4W4LZOMHQUUDP26HU4RR6KK35VEOHKTXN3MQ	public	HT_users	2024-02-28 09:02:17.625734	UPDATE  "public"."HT_users" SET "id"='71d9db9c-0958-423e-8252-4800623aff1e', "cognitoId"='d368bdc6-56b3-4b93-a2b7-04e23b60c64a', "oldCognitoId"=NULL, "firstName"='Shagil', "lastName"='Karasseril', "phoneNumber"='+919876543216', "email"='shagil@mailinator.com', "addressLine1"='tvm', "addressLine2"='', "city"='tvm', "zipCode"='545646', "isActive"='true', "isDeleted"='false', "createdBy"=NULL, "updatedBy"=NULL, "injectiondocId"=NULL, "dbRegion"='india', "createdAt"='2024-02-26 09:05:53.908000', "updatedAt"='2024-02-26 09:07:30.208000', "HTCountryId"=1, "HTStateId"=18, "HTDistrictId"=1, "HTAccountId"=NULL, "HTUserRoleId"=1, "occupation"=NULL, "parentUserId"=NULL, "userCode"=127, "userTimezone"=NULL, "caseManagerId"=NULL WHERE "id"='71d9db9c-0958-423e-8252-4800623aff1e'	0 rows affected
X2W4W4LZOMHQUUDP26HU4RR6KK35VEOHKTXN3MQ	public	HT_users	2024-02-28 09:02:18.430865	UPDATE  "public"."HT_users" SET "id"='eee8139a-e6c1-4d59-bc2b-f8da54f27c60', "cognitoId"='8605c798-81a5-4916-85df-0834d84bc0dc', "oldCognitoId"=NULL, "firstName"='Case Manager TS Sreeraj', "lastName"='IND', "phoneNumber"='+919497288333', "email"='caseworker.thrivescale.gcci.india@yopmail.com', "addressLine1"='ThriveScale-InApp GCCI', "addressLine2"='', "city"='Trivandrum City', "zipCode"='684555', "isActive"='true', "isDeleted"='false', "createdBy"=NULL, "updatedBy"=NULL, "injectiondocId"=NULL, "dbRegion"='india', "createdAt"='2024-02-27 09:59:24.318000', "updatedAt"='2024-02-27 10:00:26.788000', "HTCountryId"=1, "HTStateId"=18, "HTDistrictId"=1, "HTAccountId"=NULL, "HTUserRoleId"=5, "occupation"=NULL, "parentUserId"=NULL, "userCode"=133, "userTimezone"=NULL, "caseManagerId"=NULL WHERE "id"='eee8139a-e6c1-4d59-bc2b-f8da54f27c60'	0 rows affected
X2W4W4LZOMHQUUDP26HU4RR6KK35VEOHKTXN3MQ	public	HT_users	2024-02-28 09:02:19.236764	UPDATE  "public"."HT_users" SET "id"='f3085c22-f5a7-4400-8972-21747a811f19', "cognitoId"='8f63c2e4-c3d1-40f6-9949-2a325a7bec5a', "oldCognitoId"=NULL, "firstName"='Admin TS Sreeraj', "lastName"='IND', "phoneNumber"='+919497288333', "email"='admin.thrivescale.gcci.india@yopmail.com', "addressLine1"='ThriveScale-InApp GCCI', "addressLine2"='', "city"='Trivandrum City', "zipCode"='685545', "isActive"='true', "isDeleted"='false', "createdBy"=NULL, "updatedBy"=NULL, "injectiondocId"=NULL, "dbRegion"='india', "createdAt"='2024-02-27 07:21:55.131000', "updatedAt"='2024-02-27 08:59:54.886000', "HTCountryId"=1, "HTStateId"=18, "HTDistrictId"=1, "HTAccountId"=NULL, "HTUserRoleId"=2, "occupation"=NULL, "parentUserId"=NULL, "userCode"=132, "userTimezone"=NULL, "caseManagerId"=NULL WHERE "id"='f3085c22-f5a7-4400-8972-21747a811f19'	0 rows affected
X2W4W4LZOMHQUUDP26HU4RR6KK35VEOHKTXN3MQ	public	HT_users	2024-02-28 09:02:20.042162	UPDATE  "public"."HT_users" SET "id"='fb5922b0-65ba-4776-95cd-824a5effe885', "cognitoId"='43b12b0d-8a2b-446d-b0ac-a046c0ccc58d', "oldCognitoId"=NULL, "firstName"='inapp', "lastName"='CM', "phoneNumber"='+919876543210', "email"='inappcm@yopmail.com', "addressLine1"='test street', "addressLine2"='north', "city"='tvm', "zipCode"='695502', "isActive"='true', "isDeleted"='false', "createdBy"=NULL, "updatedBy"=NULL, "injectiondocId"=NULL, "dbRegion"='india', "createdAt"='2024-02-27 05:22:20.618000', "updatedAt"='2024-02-27 09:36:31.766000', "HTCountryId"=1, "HTStateId"=18, "HTDistrictId"=1, "HTAccountId"=NULL, "HTUserRoleId"=9, "occupation"=NULL, "parentUserId"=NULL, "userCode"=130, "userTimezone"=NULL, "caseManagerId"=NULL WHERE "id"='fb5922b0-65ba-4776-95cd-824a5effe885'	0 rows affected
X2W4W4LZOMHQUUDP26HU4RR6KK35VEOHKTXN3MQ	public	HT_userRoles	2024-03-20 05:30:16.685835	INSERT INTO "public"."HT_userRoles" ( "id","role","description","cognitoValue","isActive","isDeleted","createdAt","updatedAt","roleLang","descriptionLang" )  VALUES (3,'Admin+Case Manager','Same as admin, but can have children assignedHas access to mobile application','admin+casemanager','true','false','2024-01-10 09:34:22.000000','2024-01-10 09:34:22.000000','{"1" : "Admin+Case Manager", "2" : "+ ", "3" : "+ "}','{"1" : "Same as admin, but can have children assigned. Has access to mobile application", "2" : "  ,            ", "3" : " ,   .    "}')	RetCode: SQL_ERROR  SqlState: 23505 NativeError: 1 Message: ERROR: duplicate key value violates unique constraint "HT_userRoles_pkey";\nError while executing the query
X2W4W4LZOMHQUUDP26HU4RR6KK35VEOHKTXN3MQ	public	HT_userRoles	2024-03-20 05:30:19.558575	INSERT INTO "public"."HT_userRoles" ( "id","role","description","cognitoValue","isActive","isDeleted","createdAt","updatedAt","roleLang","descriptionLang" )  VALUES (4,'Admin+Social Worker','Same as admin, but can have children assignedHas access to mobile application','admin+caseworker','true','false','2024-01-10 09:34:22.000000','2024-01-10 09:34:22.000000','{"1" : "Admin+Social Worker", "2" : "+ ", "3" : "+ "}','{"1" : "Same as admin, but can have children assigned. Has access to mobile application", "2" : "  ,            ", "3" : " ,   .    "}')	RetCode: SQL_ERROR  SqlState: 23505 NativeError: 1 Message: ERROR: duplicate key value violates unique constraint "HT_userRoles_pkey";\nError while executing the query
X2W4W4LZOMHQUUDP26HU4RR6KK35VEOHKTXN3MQ	public	HT_userRoles	2024-03-20 05:30:20.514395	INSERT INTO "public"."HT_userRoles" ( "id","role","description","cognitoValue","isActive","isDeleted","createdAt","updatedAt","roleLang","descriptionLang" )  VALUES (5,'Social Worker','Only has access to assigned children','caseworker','true','false','2024-01-10 09:34:22.000000','2024-01-10 09:34:22.000000','{"1" : "Social Worker", "2" : " ", "3" : " "}','{"1" : "Only has access to assigned children", "2" : "     ", "3" : "    "}')	RetCode: SQL_ERROR  SqlState: 23505 NativeError: 1 Message: ERROR: duplicate key value violates unique constraint "HT_userRoles_pkey";\nError while executing the query
X2W4W4LZOMHQUUDP26HU4RR6KK35VEOHKTXN3MQ	public	HT_userRoles	2024-03-20 05:30:21.470184	INSERT INTO "public"."HT_userRoles" ( "id","role","description","cognitoValue","isActive","isDeleted","createdAt","updatedAt","roleLang","descriptionLang" )  VALUES (6,'Case Manager','Only has access to assigned children','casemanager','true','false','2024-01-10 09:34:22.000000','2024-01-10 09:34:22.000000','{"1" : "Case Manager", "2" : " ", "3" : " "}','{"1" : "Only has access to assigned children", "2" : "     ", "3" : "    "}')	RetCode: SQL_ERROR  SqlState: 23505 NativeError: 1 Message: ERROR: duplicate key value violates unique constraint "HT_userRoles_pkey";\nError while executing the query
X2W4W4LZOMHQUUDP26HU4RR6KK35VEOHKTXN3MQ	public	HT_districts	2024-03-20 06:41:14.491207	INSERT INTO "public"."HT_districts" ( "id","districtName","isActive","isDeleted","createdAt","updatedAt","HTStateId","districtNameLang" )  VALUES (33,'Karen','true','false','2021-10-27 11:17:25.289000','2021-10-27 11:17:25.289000',1,'{"1" : "Karen", "2" : "", "3" : ""}')	RetCode: SQL_ERROR  SqlState: 23505 NativeError: 1 Message: ERROR: duplicate key value violates unique constraint "HT_districts_pkey";\nError while executing the query
X2W4W4LZOMHQUUDP26HU4RR6KK35VEOHKTXN3MQ	public	HT_userRoles	2024-03-20 05:30:22.425813	INSERT INTO "public"."HT_userRoles" ( "id","role","description","cognitoValue","isActive","isDeleted","createdAt","updatedAt","roleLang","descriptionLang" )  VALUES (7,'View Only','Can view account/user informationView only permissions to child data','viewonly','true','false','2024-01-10 09:34:22.000000','2024-01-10 09:34:22.000000','{"1" : "View Only", "2" : " ", "3" : " "}','{"1" : "Can view account/user information. View only permissions to child data", "2" : "/            ", "3" : "/  .     "}')	RetCode: SQL_ERROR  SqlState: 23505 NativeError: 1 Message: ERROR: duplicate key value violates unique constraint "HT_userRoles_pkey";\nError while executing the query
X2W4W4LZOMHQUUDP26HU4RR6KK35VEOHKTXN3MQ	public	HT_userRoles	2024-03-20 05:30:23.382162	INSERT INTO "public"."HT_userRoles" ( "id","role","description","cognitoValue","isActive","isDeleted","createdAt","updatedAt","roleLang","descriptionLang" )  VALUES (8,'Parent','Have Access to mobile application only','parent','true','false','2024-01-10 09:34:22.000000','2024-01-10 09:34:22.000000','{"1" : "Parent", "2" : "-", "3" : ""}','{"1" : "Have Access to mobile application only", "2" : "       ", "3" : " "}')	RetCode: SQL_ERROR  SqlState: 23505 NativeError: 1 Message: ERROR: duplicate key value violates unique constraint "HT_userRoles_pkey";\nError while executing the query
X2W4W4LZOMHQUUDP26HU4RR6KK35VEOHKTXN3MQ	public	HT_userRoles	2024-03-20 05:30:24.338265	INSERT INTO "public"."HT_userRoles" ( "id","role","description","cognitoValue","isActive","isDeleted","createdAt","updatedAt","roleLang","descriptionLang" )  VALUES (9,'Unassigned','User does not have access','unassigned','true','false','2024-01-10 09:34:22.000000','2024-01-10 09:34:22.000000','{"1" : "Unassigned", "2" : "", "3" : ""}','{"1" : "User does not have access", "2" : "     ", "3" : "  "}')	RetCode: SQL_ERROR  SqlState: 23505 NativeError: 1 Message: ERROR: duplicate key value violates unique constraint "HT_userRoles_pkey";\nError while executing the query
X2W4W4LZOMHQUUDP26HU4RR6KK35VEOHKTXN3MQ	public	HT_userRoles	2024-03-20 05:30:25.294819	INSERT INTO "public"."HT_userRoles" ( "id","role","description","cognitoValue","isActive","isDeleted","createdAt","updatedAt","roleLang","descriptionLang" )  VALUES (2,'Admin','Add/edit/view users in this organizationCan view children assigned to Social WorkersCan view assessments and reportsNo access to mobile application','admin','true','false','2024-01-10 09:34:22.000000','2024-01-10 09:34:22.000000','{"1" : "Admin", "2" : "", "3" : ""}','{"1" : "Add/edit/view users in this organization. Can view children assigned to Social Workers. Can view assessments and reports. No access to mobile application", "2" : "     / /                .     ", "3" : "   //.     .   .     "}')	RetCode: SQL_ERROR  SqlState: 23505 NativeError: 1 Message: ERROR: duplicate key value violates unique constraint "HT_userRoles_pkey";\nError while executing the query
X2W4W4LZOMHQUUDP26HU4RR6KK35VEOHKTXN3MQ	public	HT_userRoles	2024-03-20 05:30:26.251605	INSERT INTO "public"."HT_userRoles" ( "id","role","description","cognitoValue","isActive","isDeleted","createdAt","updatedAt","roleLang","descriptionLang" )  VALUES (1,'Super Admin','Add/edit/view users in this organizationCan view children assigned to Social WorkersCan view assessments and reportsNo access to mobile application','superadmin','true','false','2024-01-10 09:34:22.000000','2024-01-10 09:34:22.000000','{"1" : "Super Admin", "2" : " ", "3" : " "}','{"1" : "Add/edit/view users in this organization. Can view children assigned to Social Workers. Can view assessments and reports. No access to mobile application", "2" : "     / /                .     ", "3" : "   //.     .   .     "}')	RetCode: SQL_ERROR  SqlState: 23505 NativeError: 1 Message: ERROR: duplicate key value violates unique constraint "HT_userRoles_pkey";\nError while executing the query
X2W4W4LZOMHQUUDP26HU4RR6KK35VEOHKTXN3MQ	public	HT_accountTypes	2024-03-20 05:38:32.13734	INSERT INTO "public"."HT_accountTypes" ( "id","name","description","isActive","isDeleted","createdAt","updatedAt","nameLang","descriptionLang" )  VALUES (1,'Miracle Foundation','Only Miracle Foundation USA, Miracle Foundation India','true','false','2024-01-16 07:01:42.000000','2024-01-16 07:01:42.000000','{"1": "Miracle Foundation", "2": " ", "3": " "}','{"1": "Only Miracle Foundation USA, Miracle Foundation India, and other future branches (Internal only)", "2": "   ,   ,      ( ) ", "3": "   ,   ,     ( )"}')	RetCode: SQL_ERROR  SqlState: 23505 NativeError: 1 Message: ERROR: duplicate key value violates unique constraint "HT_accountTypes_pkey";\nError while executing the query
X2W4W4LZOMHQUUDP26HU4RR6KK35VEOHKTXN3MQ	public	HT_accountTypes	2024-03-20 05:38:35.183424	INSERT INTO "public"."HT_accountTypes" ( "id","name","description","isActive","isDeleted","createdAt","updatedAt","nameLang","descriptionLang" )  VALUES (2,'Govt CCI','Child Care Institution that is funded and operated by the gov''t','true','false','2024-01-16 07:01:42.000000','2024-01-16 07:01:42.000000','{"1": "Govt CCI", "2": " ", "3": " "}','{"1": "Child Care Institution that is funded and operated by the gov''t", "2": "        ", "3": "       "}')	RetCode: SQL_ERROR  SqlState: 23505 NativeError: 1 Message: ERROR: duplicate key value violates unique constraint "HT_accountTypes_pkey";\nError while executing the query
X2W4W4LZOMHQUUDP26HU4RR6KK35VEOHKTXN3MQ	public	HT_accountTypes	2024-03-20 05:38:36.196986	INSERT INTO "public"."HT_accountTypes" ( "id","name","description","isActive","isDeleted","createdAt","updatedAt","nameLang","descriptionLang" )  VALUES (3,'Govt Organization','Any entity that operates as a component of a government','true','false','2024-01-16 07:01:42.000000','2024-01-16 07:01:42.000000','{"1": "Govt Organization", "2": " ", "3": " "}','{"1": "Any entity that operates as a component of a government", "2": "          ", "3": "     "}')	RetCode: SQL_ERROR  SqlState: 23505 NativeError: 1 Message: ERROR: duplicate key value violates unique constraint "HT_accountTypes_pkey";\nError while executing the query
X2W4W4LZOMHQUUDP26HU4RR6KK35VEOHKTXN3MQ	public	HT_accountTypes	2024-03-20 05:38:37.210916	INSERT INTO "public"."HT_accountTypes" ( "id","name","description","isActive","isDeleted","createdAt","updatedAt","nameLang","descriptionLang" )  VALUES (4,'NGO/Partner','Any organization that child welfare organization or funding organization','true','false','2024-01-16 07:01:42.000000','2024-01-16 07:01:42.000000','{"1": "NGO/Partner", "2": "/ ", "3": "/"}','{"1": "Any organization that child welfare organization or funding organization", "2": "        ", "3": "       "}')	RetCode: SQL_ERROR  SqlState: 23505 NativeError: 1 Message: ERROR: duplicate key value violates unique constraint "HT_accountTypes_pkey";\nError while executing the query
X2W4W4LZOMHQUUDP26HU4RR6KK35VEOHKTXN3MQ	public	HT_accountTypes	2024-03-20 05:38:38.224369	INSERT INTO "public"."HT_accountTypes" ( "id","name","description","isActive","isDeleted","createdAt","updatedAt","nameLang","descriptionLang" )  VALUES (5,'Private CCI','Child Care Institution that is privately funded.','true','false','2024-01-16 07:01:42.000000','2024-01-16 07:01:42.000000','{"1": "Private CCI", "2": " ", "3": " "}','{"1": "Child Care Institution that is privately funded.", "2": "       ", "3": "     "}')	RetCode: SQL_ERROR  SqlState: 23505 NativeError: 1 Message: ERROR: duplicate key value violates unique constraint "HT_accountTypes_pkey";\nError while executing the query
X2W4W4LZOMHQUUDP26HU4RR6KK35VEOHKTXN3MQ	public	HT_districts	2024-03-20 06:40:40.22027	INSERT INTO "public"."HT_districts" ( "id","districtName","isActive","isDeleted","createdAt","updatedAt","HTStateId","districtNameLang" )  VALUES (1,'Alipur','true','false','2021-10-27 11:17:25.289000','2021-10-27 11:17:25.289000',1,'{"1" : "Alipur", "2" : "", "3" : ""}')	RetCode: SQL_ERROR  SqlState: 23505 NativeError: 1 Message: ERROR: duplicate key value violates unique constraint "HT_districts_pkey";\nError while executing the query
X2W4W4LZOMHQUUDP26HU4RR6KK35VEOHKTXN3MQ	public	HT_districts	2024-03-20 06:40:43.248017	INSERT INTO "public"."HT_districts" ( "id","districtName","isActive","isDeleted","createdAt","updatedAt","HTStateId","districtNameLang" )  VALUES (2,'Andaman Island','true','false','2021-10-27 11:17:25.289000','2021-10-27 11:17:25.289000',1,'{"1" : "Andaman Island", "2" : " ", "3" : " "}')	RetCode: SQL_ERROR  SqlState: 23505 NativeError: 1 Message: ERROR: duplicate key value violates unique constraint "HT_districts_pkey";\nError while executing the query
X2W4W4LZOMHQUUDP26HU4RR6KK35VEOHKTXN3MQ	public	HT_districts	2024-03-20 06:40:44.255482	INSERT INTO "public"."HT_districts" ( "id","districtName","isActive","isDeleted","createdAt","updatedAt","HTStateId","districtNameLang" )  VALUES (3,'Anderson Island','true','false','2021-10-27 11:17:25.289000','2021-10-27 11:17:25.289000',1,'{"1" : "Anderson Island", "2" : " ", "3" : " "}')	RetCode: SQL_ERROR  SqlState: 23505 NativeError: 1 Message: ERROR: duplicate key value violates unique constraint "HT_districts_pkey";\nError while executing the query
X2W4W4LZOMHQUUDP26HU4RR6KK35VEOHKTXN3MQ	public	HT_districts	2024-03-20 06:40:45.262943	INSERT INTO "public"."HT_districts" ( "id","districtName","isActive","isDeleted","createdAt","updatedAt","HTStateId","districtNameLang" )  VALUES (4,'Arainj-Laka-Punga','true','false','2021-10-27 11:17:25.289000','2021-10-27 11:17:25.289000',1,'{"1" : "Arainj-Laka-Punga", "2" : "--", "3" : "Arainj-Laka-Punga"}')	RetCode: SQL_ERROR  SqlState: 23505 NativeError: 1 Message: ERROR: duplicate key value violates unique constraint "HT_districts_pkey";\nError while executing the query
X2W4W4LZOMHQUUDP26HU4RR6KK35VEOHKTXN3MQ	public	HT_districts	2024-03-20 06:40:46.270507	INSERT INTO "public"."HT_districts" ( "id","districtName","isActive","isDeleted","createdAt","updatedAt","HTStateId","districtNameLang" )  VALUES (5,'Austinabad','true','false','2021-10-27 11:17:25.289000','2021-10-27 11:17:25.289000',1,'{"1" : "Austinabad", "2" : "", "3" : "Ustinbad"}')	RetCode: SQL_ERROR  SqlState: 23505 NativeError: 1 Message: ERROR: duplicate key value violates unique constraint "HT_districts_pkey";\nError while executing the query
X2W4W4LZOMHQUUDP26HU4RR6KK35VEOHKTXN3MQ	public	HT_districts	2024-03-20 06:40:47.277827	INSERT INTO "public"."HT_districts" ( "id","districtName","isActive","isDeleted","createdAt","updatedAt","HTStateId","districtNameLang" )  VALUES (6,'Bamboo Flat','true','false','2021-10-27 11:17:25.289000','2021-10-27 11:17:25.289000',1,'{"1" : "Bamboo Flat", "2" : " ", "3" : " "}')	RetCode: SQL_ERROR  SqlState: 23505 NativeError: 1 Message: ERROR: duplicate key value violates unique constraint "HT_districts_pkey";\nError while executing the query
X2W4W4LZOMHQUUDP26HU4RR6KK35VEOHKTXN3MQ	public	HT_districts	2024-03-20 06:40:48.285317	INSERT INTO "public"."HT_districts" ( "id","districtName","isActive","isDeleted","createdAt","updatedAt","HTStateId","districtNameLang" )  VALUES (7,'Barren Island','true','false','2021-10-27 11:17:25.289000','2021-10-27 11:17:25.289000',1,'{"1" : "Barren Island", "2" : " ", "3" : " "}')	RetCode: SQL_ERROR  SqlState: 23505 NativeError: 1 Message: ERROR: duplicate key value violates unique constraint "HT_districts_pkey";\nError while executing the query
X2W4W4LZOMHQUUDP26HU4RR6KK35VEOHKTXN3MQ	public	HT_districts	2024-03-20 06:40:49.292731	INSERT INTO "public"."HT_districts" ( "id","districtName","isActive","isDeleted","createdAt","updatedAt","HTStateId","districtNameLang" )  VALUES (8,'Beadonabad','true','false','2021-10-27 11:17:25.289000','2021-10-27 11:17:25.289000',1,'{"1" : "Beadonabad", "2" : "", "3" : ""}')	RetCode: SQL_ERROR  SqlState: 23505 NativeError: 1 Message: ERROR: duplicate key value violates unique constraint "HT_districts_pkey";\nError while executing the query
X2W4W4LZOMHQUUDP26HU4RR6KK35VEOHKTXN3MQ	public	HT_districts	2024-03-20 06:40:50.300541	INSERT INTO "public"."HT_districts" ( "id","districtName","isActive","isDeleted","createdAt","updatedAt","HTStateId","districtNameLang" )  VALUES (9,'Betapur','true','false','2021-10-27 11:17:25.289000','2021-10-27 11:17:25.289000',1,'{"1" : "Betapur", "2" : "", "3" : ""}')	RetCode: SQL_ERROR  SqlState: 23505 NativeError: 1 Message: ERROR: duplicate key value violates unique constraint "HT_districts_pkey";\nError while executing the query
X2W4W4LZOMHQUUDP26HU4RR6KK35VEOHKTXN3MQ	public	HT_districts	2024-03-20 06:40:51.308712	INSERT INTO "public"."HT_districts" ( "id","districtName","isActive","isDeleted","createdAt","updatedAt","HTStateId","districtNameLang" )  VALUES (10,'Bindraban','true','false','2021-10-27 11:17:25.289000','2021-10-27 11:17:25.289000',1,'{"1" : "Bindraban", "2" : "", "3" : ""}')	RetCode: SQL_ERROR  SqlState: 23505 NativeError: 1 Message: ERROR: duplicate key value violates unique constraint "HT_districts_pkey";\nError while executing the query
X2W4W4LZOMHQUUDP26HU4RR6KK35VEOHKTXN3MQ	public	HT_districts	2024-03-20 06:40:52.316488	INSERT INTO "public"."HT_districts" ( "id","districtName","isActive","isDeleted","createdAt","updatedAt","HTStateId","districtNameLang" )  VALUES (11,'Bonington','true','false','2021-10-27 11:17:25.289000','2021-10-27 11:17:25.289000',1,'{"1" : "Bonington", "2" : "", "3" : ""}')	RetCode: SQL_ERROR  SqlState: 23505 NativeError: 1 Message: ERROR: duplicate key value violates unique constraint "HT_districts_pkey";\nError while executing the query
X2W4W4LZOMHQUUDP26HU4RR6KK35VEOHKTXN3MQ	public	HT_districts	2024-03-20 06:40:53.323997	INSERT INTO "public"."HT_districts" ( "id","districtName","isActive","isDeleted","createdAt","updatedAt","HTStateId","districtNameLang" )  VALUES (12,'Brookesabad','true','false','2021-10-27 11:17:25.289000','2021-10-27 11:17:25.289000',1,'{"1" : "Brookesabad", "2" : "", "3" : ""}')	RetCode: SQL_ERROR  SqlState: 23505 NativeError: 1 Message: ERROR: duplicate key value violates unique constraint "HT_districts_pkey";\nError while executing the query
X2W4W4LZOMHQUUDP26HU4RR6KK35VEOHKTXN3MQ	public	HT_districts	2024-03-20 06:40:54.331583	INSERT INTO "public"."HT_districts" ( "id","districtName","isActive","isDeleted","createdAt","updatedAt","HTStateId","districtNameLang" )  VALUES (13,'Cadell Point','true','false','2021-10-27 11:17:25.289000','2021-10-27 11:17:25.289000',1,'{"1" : "Cadell Point", "2" : " ", "3" : " "}')	RetCode: SQL_ERROR  SqlState: 23505 NativeError: 1 Message: ERROR: duplicate key value violates unique constraint "HT_districts_pkey";\nError while executing the query
X2W4W4LZOMHQUUDP26HU4RR6KK35VEOHKTXN3MQ	public	HT_districts	2024-03-20 06:40:55.339111	INSERT INTO "public"."HT_districts" ( "id","districtName","isActive","isDeleted","createdAt","updatedAt","HTStateId","districtNameLang" )  VALUES (14,'Calicut','true','false','2021-10-27 11:17:25.289000','2021-10-27 11:17:25.289000',1,'{"1" : "Calicut", "2" : "", "3" : ""}')	RetCode: SQL_ERROR  SqlState: 23505 NativeError: 1 Message: ERROR: duplicate key value violates unique constraint "HT_districts_pkey";\nError while executing the query
X2W4W4LZOMHQUUDP26HU4RR6KK35VEOHKTXN3MQ	public	HT_districts	2024-03-20 06:40:56.346628	INSERT INTO "public"."HT_districts" ( "id","districtName","isActive","isDeleted","createdAt","updatedAt","HTStateId","districtNameLang" )  VALUES (15,'Chetamale','true','false','2021-10-27 11:17:25.289000','2021-10-27 11:17:25.289000',1,'{"1" : "Chetamale", "2" : "", "3" : ""}')	RetCode: SQL_ERROR  SqlState: 23505 NativeError: 1 Message: ERROR: duplicate key value violates unique constraint "HT_districts_pkey";\nError while executing the query
X2W4W4LZOMHQUUDP26HU4RR6KK35VEOHKTXN3MQ	public	HT_districts	2024-03-20 06:40:57.353772	INSERT INTO "public"."HT_districts" ( "id","districtName","isActive","isDeleted","createdAt","updatedAt","HTStateId","districtNameLang" )  VALUES (16,'Cinque Islands','true','false','2021-10-27 11:17:25.289000','2021-10-27 11:17:25.289000',1,'{"1" : "Cinque Islands", "2" : " ", "3" : " "}')	RetCode: SQL_ERROR  SqlState: 23505 NativeError: 1 Message: ERROR: duplicate key value violates unique constraint "HT_districts_pkey";\nError while executing the query
X2W4W4LZOMHQUUDP26HU4RR6KK35VEOHKTXN3MQ	public	HT_districts	2024-03-20 06:40:58.3618	INSERT INTO "public"."HT_districts" ( "id","districtName","isActive","isDeleted","createdAt","updatedAt","HTStateId","districtNameLang" )  VALUES (17,'Defence Island','true','false','2021-10-27 11:17:25.289000','2021-10-27 11:17:25.289000',1,'{"1" : "Defence Island", "2" : " ", "3" : " "}')	RetCode: SQL_ERROR  SqlState: 23505 NativeError: 1 Message: ERROR: duplicate key value violates unique constraint "HT_districts_pkey";\nError while executing the query
X2W4W4LZOMHQUUDP26HU4RR6KK35VEOHKTXN3MQ	public	HT_districts	2024-03-20 06:40:59.369668	INSERT INTO "public"."HT_districts" ( "id","districtName","isActive","isDeleted","createdAt","updatedAt","HTStateId","districtNameLang" )  VALUES (18,'Digilpur','true','false','2021-10-27 11:17:25.289000','2021-10-27 11:17:25.289000',1,'{"1" : "Digilpur", "2" : "", "3" : ""}')	RetCode: SQL_ERROR  SqlState: 23505 NativeError: 1 Message: ERROR: duplicate key value violates unique constraint "HT_districts_pkey";\nError while executing the query
X2W4W4LZOMHQUUDP26HU4RR6KK35VEOHKTXN3MQ	public	HT_districts	2024-03-20 06:41:00.381297	INSERT INTO "public"."HT_districts" ( "id","districtName","isActive","isDeleted","createdAt","updatedAt","HTStateId","districtNameLang" )  VALUES (19,'Dolyganj','true','false','2021-10-27 11:17:25.289000','2021-10-27 11:17:25.289000',1,'{"1" : "Dolyganj", "2" : "", "3" : "Dolyginj"}')	RetCode: SQL_ERROR  SqlState: 23505 NativeError: 1 Message: ERROR: duplicate key value violates unique constraint "HT_districts_pkey";\nError while executing the query
X2W4W4LZOMHQUUDP26HU4RR6KK35VEOHKTXN3MQ	public	HT_districts	2024-03-20 06:41:01.388593	INSERT INTO "public"."HT_districts" ( "id","districtName","isActive","isDeleted","createdAt","updatedAt","HTStateId","districtNameLang" )  VALUES (20,'Flat Island','true','false','2021-10-27 11:17:25.289000','2021-10-27 11:17:25.289000',1,'{"1" : "Flat Island", "2" : " ", "3" : " "}')	RetCode: SQL_ERROR  SqlState: 23505 NativeError: 1 Message: ERROR: duplicate key value violates unique constraint "HT_districts_pkey";\nError while executing the query
X2W4W4LZOMHQUUDP26HU4RR6KK35VEOHKTXN3MQ	public	HT_districts	2024-03-20 06:41:02.39603	INSERT INTO "public"."HT_districts" ( "id","districtName","isActive","isDeleted","createdAt","updatedAt","HTStateId","districtNameLang" )  VALUES (21,'Geinyale','true','false','2021-10-27 11:17:25.289000','2021-10-27 11:17:25.289000',1,'{"1" : "Geinyale", "2" : "", "3" : ""}')	RetCode: SQL_ERROR  SqlState: 23505 NativeError: 1 Message: ERROR: duplicate key value violates unique constraint "HT_districts_pkey";\nError while executing the query
X2W4W4LZOMHQUUDP26HU4RR6KK35VEOHKTXN3MQ	public	HT_districts	2024-03-20 06:41:03.403408	INSERT INTO "public"."HT_districts" ( "id","districtName","isActive","isDeleted","createdAt","updatedAt","HTStateId","districtNameLang" )  VALUES (22,'Great Coco Island','true','false','2021-10-27 11:17:25.289000','2021-10-27 11:17:25.289000',1,'{"1" : "Great Coco Island", "2" : "  ", "3" : "  "}')	RetCode: SQL_ERROR  SqlState: 23505 NativeError: 1 Message: ERROR: duplicate key value violates unique constraint "HT_districts_pkey";\nError while executing the query
X2W4W4LZOMHQUUDP26HU4RR6KK35VEOHKTXN3MQ	public	HT_districts	2024-03-20 06:41:04.411088	INSERT INTO "public"."HT_districts" ( "id","districtName","isActive","isDeleted","createdAt","updatedAt","HTStateId","districtNameLang" )  VALUES (23,'Haddo','true','false','2021-10-27 11:17:25.289000','2021-10-27 11:17:25.289000',1,'{"1" : "Haddo", "2" : "", "3" : ""}')	RetCode: SQL_ERROR  SqlState: 23505 NativeError: 1 Message: ERROR: duplicate key value violates unique constraint "HT_districts_pkey";\nError while executing the query
X2W4W4LZOMHQUUDP26HU4RR6KK35VEOHKTXN3MQ	public	HT_districts	2024-03-20 06:41:05.419173	INSERT INTO "public"."HT_districts" ( "id","districtName","isActive","isDeleted","createdAt","updatedAt","HTStateId","districtNameLang" )  VALUES (24,'Havelock Island','true','false','2021-10-27 11:17:25.289000','2021-10-27 11:17:25.289000',1,'{"1" : "Havelock Island", "2" : " ", "3" : " "}')	RetCode: SQL_ERROR  SqlState: 23505 NativeError: 1 Message: ERROR: duplicate key value violates unique constraint "HT_districts_pkey";\nError while executing the query
X2W4W4LZOMHQUUDP26HU4RR6KK35VEOHKTXN3MQ	public	HT_districts	2024-03-20 06:41:06.427008	INSERT INTO "public"."HT_districts" ( "id","districtName","isActive","isDeleted","createdAt","updatedAt","HTStateId","districtNameLang" )  VALUES (25,'Henry Lawrence Island','true','false','2021-10-27 11:17:25.289000','2021-10-27 11:17:25.289000',1,'{"1" : "Henry Lawrence Island", "2" : "  ", "3" : "  "}')	RetCode: SQL_ERROR  SqlState: 23505 NativeError: 1 Message: ERROR: duplicate key value violates unique constraint "HT_districts_pkey";\nError while executing the query
X2W4W4LZOMHQUUDP26HU4RR6KK35VEOHKTXN3MQ	public	HT_districts	2024-03-20 06:41:07.434458	INSERT INTO "public"."HT_districts" ( "id","districtName","isActive","isDeleted","createdAt","updatedAt","HTStateId","districtNameLang" )  VALUES (26,'Herbertabad','true','false','2021-10-27 11:17:25.289000','2021-10-27 11:17:25.289000',1,'{"1" : "Herbertabad", "2" : "", "3" : ""}')	RetCode: SQL_ERROR  SqlState: 23505 NativeError: 1 Message: ERROR: duplicate key value violates unique constraint "HT_districts_pkey";\nError while executing the query
X2W4W4LZOMHQUUDP26HU4RR6KK35VEOHKTXN3MQ	public	HT_districts	2024-03-20 06:41:08.443551	INSERT INTO "public"."HT_districts" ( "id","districtName","isActive","isDeleted","createdAt","updatedAt","HTStateId","districtNameLang" )  VALUES (27,'Hobdaypur','true','false','2021-10-27 11:17:25.289000','2021-10-27 11:17:25.289000',1,'{"1" : "Hobdaypur", "2" : "", "3" : ""}')	RetCode: SQL_ERROR  SqlState: 23505 NativeError: 1 Message: ERROR: duplicate key value violates unique constraint "HT_districts_pkey";\nError while executing the query
X2W4W4LZOMHQUUDP26HU4RR6KK35VEOHKTXN3MQ	public	HT_districts	2024-03-20 06:41:09.452856	INSERT INTO "public"."HT_districts" ( "id","districtName","isActive","isDeleted","createdAt","updatedAt","HTStateId","districtNameLang" )  VALUES (28,'Ilichar','true','false','2021-10-27 11:17:25.289000','2021-10-27 11:17:25.289000',1,'{"1" : "Ilichar", "2" : "", "3" : "Ilichar"}')	RetCode: SQL_ERROR  SqlState: 23505 NativeError: 1 Message: ERROR: duplicate key value violates unique constraint "HT_districts_pkey";\nError while executing the query
X2W4W4LZOMHQUUDP26HU4RR6KK35VEOHKTXN3MQ	public	HT_districts	2024-03-20 06:41:10.460089	INSERT INTO "public"."HT_districts" ( "id","districtName","isActive","isDeleted","createdAt","updatedAt","HTStateId","districtNameLang" )  VALUES (29,'Ingoie','true','false','2021-10-27 11:17:25.289000','2021-10-27 11:17:25.289000',1,'{"1" : "Ingoie", "2" : "", "3" : "Ingoie"}')	RetCode: SQL_ERROR  SqlState: 23505 NativeError: 1 Message: ERROR: duplicate key value violates unique constraint "HT_districts_pkey";\nError while executing the query
X2W4W4LZOMHQUUDP26HU4RR6KK35VEOHKTXN3MQ	public	HT_districts	2024-03-20 06:41:11.468965	INSERT INTO "public"."HT_districts" ( "id","districtName","isActive","isDeleted","createdAt","updatedAt","HTStateId","districtNameLang" )  VALUES (30,'Inteview Island','true','false','2021-10-27 11:17:25.289000','2021-10-27 11:17:25.289000',1,'{"1" : "Inteview Island", "2" : " ", "3" : " "}')	RetCode: SQL_ERROR  SqlState: 23505 NativeError: 1 Message: ERROR: duplicate key value violates unique constraint "HT_districts_pkey";\nError while executing the query
X2W4W4LZOMHQUUDP26HU4RR6KK35VEOHKTXN3MQ	public	HT_districts	2024-03-20 06:41:12.476416	INSERT INTO "public"."HT_districts" ( "id","districtName","isActive","isDeleted","createdAt","updatedAt","HTStateId","districtNameLang" )  VALUES (31,'Jangli Ghat','true','false','2021-10-27 11:17:25.289000','2021-10-27 11:17:25.289000',1,'{"1" : "Jangli Ghat", "2" : " ", "3" : " "}')	RetCode: SQL_ERROR  SqlState: 23505 NativeError: 1 Message: ERROR: duplicate key value violates unique constraint "HT_districts_pkey";\nError while executing the query
X2W4W4LZOMHQUUDP26HU4RR6KK35VEOHKTXN3MQ	public	HT_districts	2024-03-20 06:41:13.483816	INSERT INTO "public"."HT_districts" ( "id","districtName","isActive","isDeleted","createdAt","updatedAt","HTStateId","districtNameLang" )  VALUES (32,'Jhon Lawrence Island','true','false','2021-10-27 11:17:25.289000','2021-10-27 11:17:25.289000',1,'{"1" : "Jhon Lawrence Island", "2" : "  ", "3" : "  "}')	RetCode: SQL_ERROR  SqlState: 23505 NativeError: 1 Message: ERROR: duplicate key value violates unique constraint "HT_districts_pkey";\nError while executing the query
X2W4W4LZOMHQUUDP26HU4RR6KK35VEOHKTXN3MQ	public	HT_districts	2024-03-20 06:41:15.49899	INSERT INTO "public"."HT_districts" ( "id","districtName","isActive","isDeleted","createdAt","updatedAt","HTStateId","districtNameLang" )  VALUES (34,'Kartara','true','false','2021-10-27 11:17:25.289000','2021-10-27 11:17:25.289000',1,'{"1" : "Kartara", "2" : "", "3" : ""}')	RetCode: SQL_ERROR  SqlState: 23505 NativeError: 1 Message: ERROR: duplicate key value violates unique constraint "HT_districts_pkey";\nError while executing the query
X2W4W4LZOMHQUUDP26HU4RR6KK35VEOHKTXN3MQ	public	HT_districts	2024-03-20 06:41:16.508272	INSERT INTO "public"."HT_districts" ( "id","districtName","isActive","isDeleted","createdAt","updatedAt","HTStateId","districtNameLang" )  VALUES (35,'KYD Islannd','true','false','2021-10-27 11:17:25.289000','2021-10-27 11:17:25.289000',1,'{"1" : "KYD Islannd", "2" : " ", "3" : "KYD ISLANND"}')	RetCode: SQL_ERROR  SqlState: 23505 NativeError: 1 Message: ERROR: duplicate key value violates unique constraint "HT_districts_pkey";\nError while executing the query
X2W4W4LZOMHQUUDP26HU4RR6KK35VEOHKTXN3MQ	public	HT_districts	2024-03-20 06:41:17.516412	INSERT INTO "public"."HT_districts" ( "id","districtName","isActive","isDeleted","createdAt","updatedAt","HTStateId","districtNameLang" )  VALUES (36,'Landfall Island','true','false','2021-10-27 11:17:25.289000','2021-10-27 11:17:25.289000',1,'{"1" : "Landfall Island", "2" : " ", "3" : " "}')	RetCode: SQL_ERROR  SqlState: 23505 NativeError: 1 Message: ERROR: duplicate key value violates unique constraint "HT_districts_pkey";\nError while executing the query
X2W4W4LZOMHQUUDP26HU4RR6KK35VEOHKTXN3MQ	public	HT_districts	2024-03-20 06:41:18.523836	INSERT INTO "public"."HT_districts" ( "id","districtName","isActive","isDeleted","createdAt","updatedAt","HTStateId","districtNameLang" )  VALUES (37,'Little Andmand','true','false','2021-10-27 11:17:25.289000','2021-10-27 11:17:25.289000',1,'{"1" : "Little Andmand", "2" : " ", "3" : "  "}')	RetCode: SQL_ERROR  SqlState: 23505 NativeError: 1 Message: ERROR: duplicate key value violates unique constraint "HT_districts_pkey";\nError while executing the query
X2W4W4LZOMHQUUDP26HU4RR6KK35VEOHKTXN3MQ	public	HT_districts	2024-03-20 06:41:19.531134	INSERT INTO "public"."HT_districts" ( "id","districtName","isActive","isDeleted","createdAt","updatedAt","HTStateId","districtNameLang" )  VALUES (38,'Little Coco Island','true','false','2021-10-27 11:17:25.289000','2021-10-27 11:17:25.289000',1,'{"1" : "Little Coco Island", "2" : "  ", "3" : "  "}')	RetCode: SQL_ERROR  SqlState: 23505 NativeError: 1 Message: ERROR: duplicate key value violates unique constraint "HT_districts_pkey";\nError while executing the query
X2W4W4LZOMHQUUDP26HU4RR6KK35VEOHKTXN3MQ	public	HT_districts	2024-03-20 06:41:20.539313	INSERT INTO "public"."HT_districts" ( "id","districtName","isActive","isDeleted","createdAt","updatedAt","HTStateId","districtNameLang" )  VALUES (39,'Long Island','true','false','2021-10-27 11:17:25.289000','2021-10-27 11:17:25.289000',1,'{"1" : "Long Island", "2" : " ", "3" : " "}')	RetCode: SQL_ERROR  SqlState: 23505 NativeError: 1 Message: ERROR: duplicate key value violates unique constraint "HT_districts_pkey";\nError while executing the query
X2W4W4LZOMHQUUDP26HU4RR6KK35VEOHKTXN3MQ	public	HT_districts	2024-03-20 06:41:21.546844	INSERT INTO "public"."HT_districts" ( "id","districtName","isActive","isDeleted","createdAt","updatedAt","HTStateId","districtNameLang" )  VALUES (40,'Maimyo','true','false','2021-10-27 11:17:25.289000','2021-10-27 11:17:25.289000',1,'{"1" : "Maimyo", "2" : "", "3" : ""}')	RetCode: SQL_ERROR  SqlState: 23505 NativeError: 1 Message: ERROR: duplicate key value violates unique constraint "HT_districts_pkey";\nError while executing the query
X2W4W4LZOMHQUUDP26HU4RR6KK35VEOHKTXN3MQ	public	HT_districts	2024-03-20 06:41:22.554417	INSERT INTO "public"."HT_districts" ( "id","districtName","isActive","isDeleted","createdAt","updatedAt","HTStateId","districtNameLang" )  VALUES (41,'Malappuram','true','false','2021-10-27 11:17:25.289000','2021-10-27 11:17:25.289000',1,'{"1" : "Malappuram", "2" : "", "3" : ""}')	RetCode: SQL_ERROR  SqlState: 23505 NativeError: 1 Message: ERROR: duplicate key value violates unique constraint "HT_districts_pkey";\nError while executing the query
X2W4W4LZOMHQUUDP26HU4RR6KK35VEOHKTXN3MQ	public	HT_districts	2024-03-20 06:41:23.561969	INSERT INTO "public"."HT_districts" ( "id","districtName","isActive","isDeleted","createdAt","updatedAt","HTStateId","districtNameLang" )  VALUES (42,'Manglutan','true','false','2021-10-27 11:17:25.289000','2021-10-27 11:17:25.289000',1,'{"1" : "Manglutan", "2" : "", "3" : ""}')	RetCode: SQL_ERROR  SqlState: 23505 NativeError: 1 Message: ERROR: duplicate key value violates unique constraint "HT_districts_pkey";\nError while executing the query
X2W4W4LZOMHQUUDP26HU4RR6KK35VEOHKTXN3MQ	public	HT_districts	2024-03-20 06:41:24.570517	INSERT INTO "public"."HT_districts" ( "id","districtName","isActive","isDeleted","createdAt","updatedAt","HTStateId","districtNameLang" )  VALUES (43,'Manpur','true','false','2021-10-27 11:17:25.289000','2021-10-27 11:17:25.289000',1,'{"1" : "Manpur", "2" : "", "3" : ""}')	RetCode: SQL_ERROR  SqlState: 23505 NativeError: 1 Message: ERROR: duplicate key value violates unique constraint "HT_districts_pkey";\nError while executing the query
X2W4W4LZOMHQUUDP26HU4RR6KK35VEOHKTXN3MQ	public	HT_districts	2024-03-20 06:41:25.577946	INSERT INTO "public"."HT_districts" ( "id","districtName","isActive","isDeleted","createdAt","updatedAt","HTStateId","districtNameLang" )  VALUES (44,'Mitha Khari','true','false','2021-10-27 11:17:25.289000','2021-10-27 11:17:25.289000',1,'{"1" : "Mitha Khari", "2" : " ", "3" : " "}')	RetCode: SQL_ERROR  SqlState: 23505 NativeError: 1 Message: ERROR: duplicate key value violates unique constraint "HT_districts_pkey";\nError while executing the query
X2W4W4LZOMHQUUDP26HU4RR6KK35VEOHKTXN3MQ	public	HT_districts	2024-03-20 06:41:26.585531	INSERT INTO "public"."HT_districts" ( "id","districtName","isActive","isDeleted","createdAt","updatedAt","HTStateId","districtNameLang" )  VALUES (45,'Neill Island','true','false','2021-10-27 11:17:25.289000','2021-10-27 11:17:25.289000',1,'{"1" : "Neill Island", "2" : " ", "3" : " "}')	RetCode: SQL_ERROR  SqlState: 23505 NativeError: 1 Message: ERROR: duplicate key value violates unique constraint "HT_districts_pkey";\nError while executing the query
X2W4W4LZOMHQUUDP26HU4RR6KK35VEOHKTXN3MQ	public	HT_districts	2024-03-20 06:41:27.593034	INSERT INTO "public"."HT_districts" ( "id","districtName","isActive","isDeleted","createdAt","updatedAt","HTStateId","districtNameLang" )  VALUES (46,'Nicobar Island','true','false','2021-10-27 11:17:25.289000','2021-10-27 11:17:25.289000',1,'{"1" : "Nicobar Island", "2" : " ", "3" : " "}')	RetCode: SQL_ERROR  SqlState: 23505 NativeError: 1 Message: ERROR: duplicate key value violates unique constraint "HT_districts_pkey";\nError while executing the query
X2W4W4LZOMHQUUDP26HU4RR6KK35VEOHKTXN3MQ	public	HT_districts	2024-03-20 06:41:28.600441	INSERT INTO "public"."HT_districts" ( "id","districtName","isActive","isDeleted","createdAt","updatedAt","HTStateId","districtNameLang" )  VALUES (47,'North Brother Island','true','false','2021-10-27 11:17:25.289000','2021-10-27 11:17:25.289000',1,'{"1" : "North Brother Island", "2" : "  ", "3" : "  "}')	RetCode: SQL_ERROR  SqlState: 23505 NativeError: 1 Message: ERROR: duplicate key value violates unique constraint "HT_districts_pkey";\nError while executing the query
X2W4W4LZOMHQUUDP26HU4RR6KK35VEOHKTXN3MQ	public	HT_districts	2024-03-20 06:41:29.607782	INSERT INTO "public"."HT_districts" ( "id","districtName","isActive","isDeleted","createdAt","updatedAt","HTStateId","districtNameLang" )  VALUES (48,'North Passage Island','true','false','2021-10-27 11:17:25.289000','2021-10-27 11:17:25.289000',1,'{"1" : "North Passage Island", "2" : "  ", "3" : "  "}')	RetCode: SQL_ERROR  SqlState: 23505 NativeError: 1 Message: ERROR: duplicate key value violates unique constraint "HT_districts_pkey";\nError while executing the query
X2W4W4LZOMHQUUDP26HU4RR6KK35VEOHKTXN3MQ	public	HT_districts	2024-03-20 06:41:30.614957	INSERT INTO "public"."HT_districts" ( "id","districtName","isActive","isDeleted","createdAt","updatedAt","HTStateId","districtNameLang" )  VALUES (49,'North Sentinel Island','true','false','2021-10-27 11:17:25.289000','2021-10-27 11:17:25.289000',1,'{"1" : "North Sentinel Island", "2" : "  ", "3" : "  "}')	RetCode: SQL_ERROR  SqlState: 23505 NativeError: 1 Message: ERROR: duplicate key value violates unique constraint "HT_districts_pkey";\nError while executing the query
X2W4W4LZOMHQUUDP26HU4RR6KK35VEOHKTXN3MQ	public	HT_districts	2024-03-20 06:41:31.623952	INSERT INTO "public"."HT_districts" ( "id","districtName","isActive","isDeleted","createdAt","updatedAt","HTStateId","districtNameLang" )  VALUES (50,'Nothen Reef Island','true','false','2021-10-27 11:17:25.289000','2021-10-27 11:17:25.289000',1,'{"1" : "Nothen Reef Island", "2" : "  ", "3" : "  "}')	RetCode: SQL_ERROR  SqlState: 23505 NativeError: 1 Message: ERROR: duplicate key value violates unique constraint "HT_districts_pkey";\nError while executing the query
X2W4W4LZOMHQUUDP26HU4RR6KK35VEOHKTXN3MQ	public	HT_districts	2024-03-20 06:41:32.632611	INSERT INTO "public"."HT_districts" ( "id","districtName","isActive","isDeleted","createdAt","updatedAt","HTStateId","districtNameLang" )  VALUES (51,'Outram Island','true','false','2021-10-27 11:17:25.289000','2021-10-27 11:17:25.289000',1,'{"1" : "Outram Island", "2" : " ", "3" : " "}')	RetCode: SQL_ERROR  SqlState: 23505 NativeError: 1 Message: ERROR: duplicate key value violates unique constraint "HT_districts_pkey";\nError while executing the query
X2W4W4LZOMHQUUDP26HU4RR6KK35VEOHKTXN3MQ	public	HT_districts	2024-03-20 06:41:33.643057	INSERT INTO "public"."HT_districts" ( "id","districtName","isActive","isDeleted","createdAt","updatedAt","HTStateId","districtNameLang" )  VALUES (52,'Pahlagaon','true','false','2021-10-27 11:17:25.289000','2021-10-27 11:17:25.289000',1,'{"1" : "Pahlagaon", "2" : "", "3" : ""}')	RetCode: SQL_ERROR  SqlState: 23505 NativeError: 1 Message: ERROR: duplicate key value violates unique constraint "HT_districts_pkey";\nError while executing the query
X2W4W4LZOMHQUUDP26HU4RR6KK35VEOHKTXN3MQ	public	HT_districts	2024-03-20 06:41:34.651599	INSERT INTO "public"."HT_districts" ( "id","districtName","isActive","isDeleted","createdAt","updatedAt","HTStateId","districtNameLang" )  VALUES (53,'Palalankwe','true','false','2021-10-27 11:17:25.289000','2021-10-27 11:17:25.289000',1,'{"1" : "Palalankwe", "2" : "", "3" : ""}')	RetCode: SQL_ERROR  SqlState: 23505 NativeError: 1 Message: ERROR: duplicate key value violates unique constraint "HT_districts_pkey";\nError while executing the query
X2W4W4LZOMHQUUDP26HU4RR6KK35VEOHKTXN3MQ	public	HT_districts	2024-03-20 06:41:35.658711	INSERT INTO "public"."HT_districts" ( "id","districtName","isActive","isDeleted","createdAt","updatedAt","HTStateId","districtNameLang" )  VALUES (54,'Passage Island','true','false','2021-10-27 11:17:25.289000','2021-10-27 11:17:25.289000',1,'{"1" : "Passage Island", "2" : " ", "3" : " "}')	RetCode: SQL_ERROR  SqlState: 23505 NativeError: 1 Message: ERROR: duplicate key value violates unique constraint "HT_districts_pkey";\nError while executing the query
X2W4W4LZOMHQUUDP26HU4RR6KK35VEOHKTXN3MQ	public	HT_districts	2024-03-20 06:41:36.665916	INSERT INTO "public"."HT_districts" ( "id","districtName","isActive","isDeleted","createdAt","updatedAt","HTStateId","districtNameLang" )  VALUES (55,'Phaiapong','true','false','2021-10-27 11:17:25.289000','2021-10-27 11:17:25.289000',1,'{"1" : "Phaiapong", "2" : "", "3" : ""}')	RetCode: SQL_ERROR  SqlState: 23505 NativeError: 1 Message: ERROR: duplicate key value violates unique constraint "HT_districts_pkey";\nError while executing the query
X2W4W4LZOMHQUUDP26HU4RR6KK35VEOHKTXN3MQ	public	HT_districts	2024-03-20 06:41:37.673652	INSERT INTO "public"."HT_districts" ( "id","districtName","isActive","isDeleted","createdAt","updatedAt","HTStateId","districtNameLang" )  VALUES (56,'Phoenix Island','true','false','2021-10-27 11:17:25.289000','2021-10-27 11:17:25.289000',1,'{"1" : "Phoenix Island", "2" : " ", "3" : " "}')	RetCode: SQL_ERROR  SqlState: 23505 NativeError: 1 Message: ERROR: duplicate key value violates unique constraint "HT_districts_pkey";\nError while executing the query
X2W4W4LZOMHQUUDP26HU4RR6KK35VEOHKTXN3MQ	public	HT_districts	2024-03-20 06:41:38.680896	INSERT INTO "public"."HT_districts" ( "id","districtName","isActive","isDeleted","createdAt","updatedAt","HTStateId","districtNameLang" )  VALUES (57,'Port Blair','true','false','2021-10-27 11:17:25.289000','2021-10-27 11:17:25.289000',1,'{"1" : "Port Blair", "2" : " ", "3" : " "}')	RetCode: SQL_ERROR  SqlState: 23505 NativeError: 1 Message: ERROR: duplicate key value violates unique constraint "HT_districts_pkey";\nError while executing the query
X2W4W4LZOMHQUUDP26HU4RR6KK35VEOHKTXN3MQ	public	HT_districts	2024-03-20 06:41:39.69055	INSERT INTO "public"."HT_districts" ( "id","districtName","isActive","isDeleted","createdAt","updatedAt","HTStateId","districtNameLang" )  VALUES (58,'Preparis Island','true','false','2021-10-27 11:17:25.289000','2021-10-27 11:17:25.289000',1,'{"1" : "Preparis Island", "2" : " ", "3" : " "}')	RetCode: SQL_ERROR  SqlState: 23505 NativeError: 1 Message: ERROR: duplicate key value violates unique constraint "HT_districts_pkey";\nError while executing the query
X2W4W4LZOMHQUUDP26HU4RR6KK35VEOHKTXN3MQ	public	HT_districts	2024-03-20 06:41:40.697756	INSERT INTO "public"."HT_districts" ( "id","districtName","isActive","isDeleted","createdAt","updatedAt","HTStateId","districtNameLang" )  VALUES (59,'Protheroepur','true','false','2021-10-27 11:17:25.289000','2021-10-27 11:17:25.289000',1,'{"1" : "Protheroepur", "2" : "", "3" : "Protheroepur"}')	RetCode: SQL_ERROR  SqlState: 23505 NativeError: 1 Message: ERROR: duplicate key value violates unique constraint "HT_districts_pkey";\nError while executing the query
X2W4W4LZOMHQUUDP26HU4RR6KK35VEOHKTXN3MQ	public	HT_districts	2024-03-20 06:41:41.705782	INSERT INTO "public"."HT_districts" ( "id","districtName","isActive","isDeleted","createdAt","updatedAt","HTStateId","districtNameLang" )  VALUES (60,'Rangachang','true','false','2021-10-27 11:17:25.289000','2021-10-27 11:17:25.289000',1,'{"1" : "Rangachang", "2" : "", "3" : ""}')	RetCode: SQL_ERROR  SqlState: 23505 NativeError: 1 Message: ERROR: duplicate key value violates unique constraint "HT_districts_pkey";\nError while executing the query
X2W4W4LZOMHQUUDP26HU4RR6KK35VEOHKTXN3MQ	public	HT_districts	2024-03-20 06:41:42.713277	INSERT INTO "public"."HT_districts" ( "id","districtName","isActive","isDeleted","createdAt","updatedAt","HTStateId","districtNameLang" )  VALUES (61,'Rongat','true','false','2021-10-27 11:17:25.289000','2021-10-27 11:17:25.289000',1,'{"1" : "Rongat", "2" : "", "3" : ""}')	RetCode: SQL_ERROR  SqlState: 23505 NativeError: 1 Message: ERROR: duplicate key value violates unique constraint "HT_districts_pkey";\nError while executing the query
X2W4W4LZOMHQUUDP26HU4RR6KK35VEOHKTXN3MQ	public	HT_districts	2024-03-20 06:41:43.72095	INSERT INTO "public"."HT_districts" ( "id","districtName","isActive","isDeleted","createdAt","updatedAt","HTStateId","districtNameLang" )  VALUES (62,'Rutland Island','true','false','2021-10-27 11:17:25.289000','2021-10-27 11:17:25.289000',1,'{"1" : "Rutland Island", "2" : " ", "3" : " "}')	RetCode: SQL_ERROR  SqlState: 23505 NativeError: 1 Message: ERROR: duplicate key value violates unique constraint "HT_districts_pkey";\nError while executing the query
X2W4W4LZOMHQUUDP26HU4RR6KK35VEOHKTXN3MQ	public	HT_districts	2024-03-20 06:41:44.728391	INSERT INTO "public"."HT_districts" ( "id","districtName","isActive","isDeleted","createdAt","updatedAt","HTStateId","districtNameLang" )  VALUES (63,'Sabari','true','false','2021-10-27 11:17:25.289000','2021-10-27 11:17:25.289000',1,'{"1" : "Sabari", "2" : "", "3" : ""}')	RetCode: SQL_ERROR  SqlState: 23505 NativeError: 1 Message: ERROR: duplicate key value violates unique constraint "HT_districts_pkey";\nError while executing the query
X2W4W4LZOMHQUUDP26HU4RR6KK35VEOHKTXN3MQ	public	HT_districts	2024-03-20 06:41:45.736221	INSERT INTO "public"."HT_districts" ( "id","districtName","isActive","isDeleted","createdAt","updatedAt","HTStateId","districtNameLang" )  VALUES (64,'Saddle Peak','true','false','2021-10-27 11:17:25.289000','2021-10-27 11:17:25.289000',1,'{"1" : "Saddle Peak", "2" : " ", "3" : " "}')	RetCode: SQL_ERROR  SqlState: 23505 NativeError: 1 Message: ERROR: duplicate key value violates unique constraint "HT_districts_pkey";\nError while executing the query
X2W4W4LZOMHQUUDP26HU4RR6KK35VEOHKTXN3MQ	public	HT_districts	2024-03-20 06:41:46.74384	INSERT INTO "public"."HT_districts" ( "id","districtName","isActive","isDeleted","createdAt","updatedAt","HTStateId","districtNameLang" )  VALUES (65,'Shadipur','true','false','2021-10-27 11:17:25.289000','2021-10-27 11:17:25.289000',1,'{"1" : "Shadipur", "2" : "", "3" : ""}')	RetCode: SQL_ERROR  SqlState: 23505 NativeError: 1 Message: ERROR: duplicate key value violates unique constraint "HT_districts_pkey";\nError while executing the query
X2W4W4LZOMHQUUDP26HU4RR6KK35VEOHKTXN3MQ	public	HT_districts	2024-03-20 06:41:47.753519	INSERT INTO "public"."HT_districts" ( "id","districtName","isActive","isDeleted","createdAt","updatedAt","HTStateId","districtNameLang" )  VALUES (66,'Smith Island','true','false','2021-10-27 11:17:25.289000','2021-10-27 11:17:25.289000',1,'{"1" : "Smith Island", "2" : " ", "3" : " "}')	RetCode: SQL_ERROR  SqlState: 23505 NativeError: 1 Message: ERROR: duplicate key value violates unique constraint "HT_districts_pkey";\nError while executing the query
X2W4W4LZOMHQUUDP26HU4RR6KK35VEOHKTXN3MQ	public	HT_districts	2024-03-20 06:41:48.760921	INSERT INTO "public"."HT_districts" ( "id","districtName","isActive","isDeleted","createdAt","updatedAt","HTStateId","districtNameLang" )  VALUES (67,'Sound Island','true','false','2021-10-27 11:17:25.289000','2021-10-27 11:17:25.289000',1,'{"1" : "Sound Island", "2" : " ", "3" : " "}')	RetCode: SQL_ERROR  SqlState: 23505 NativeError: 1 Message: ERROR: duplicate key value violates unique constraint "HT_districts_pkey";\nError while executing the query
X2W4W4LZOMHQUUDP26HU4RR6KK35VEOHKTXN3MQ	public	HT_districts	2024-03-20 06:41:49.769666	INSERT INTO "public"."HT_districts" ( "id","districtName","isActive","isDeleted","createdAt","updatedAt","HTStateId","districtNameLang" )  VALUES (68,'South Sentinel Island','true','false','2021-10-27 11:17:25.289000','2021-10-27 11:17:25.289000',1,'{"1" : "South Sentinel Island", "2" : "  ", "3" : "  "}')	RetCode: SQL_ERROR  SqlState: 23505 NativeError: 1 Message: ERROR: duplicate key value violates unique constraint "HT_districts_pkey";\nError while executing the query
X2W4W4LZOMHQUUDP26HU4RR6KK35VEOHKTXN3MQ	public	HT_districts	2024-03-20 06:41:50.777257	INSERT INTO "public"."HT_districts" ( "id","districtName","isActive","isDeleted","createdAt","updatedAt","HTStateId","districtNameLang" )  VALUES (69,'Spike Island','true','false','2021-10-27 11:17:25.289000','2021-10-27 11:17:25.289000',1,'{"1" : "Spike Island", "2" : " ", "3" : " "}')	RetCode: SQL_ERROR  SqlState: 23505 NativeError: 1 Message: ERROR: duplicate key value violates unique constraint "HT_districts_pkey";\nError while executing the query
X2W4W4LZOMHQUUDP26HU4RR6KK35VEOHKTXN3MQ	public	HT_districts	2024-03-20 06:41:51.784617	INSERT INTO "public"."HT_districts" ( "id","districtName","isActive","isDeleted","createdAt","updatedAt","HTStateId","districtNameLang" )  VALUES (70,'Tarmugli Island','true','false','2021-10-27 11:17:25.289000','2021-10-27 11:17:25.289000',1,'{"1" : "Tarmugli Island", "2" : " ", "3" : " "}')	RetCode: SQL_ERROR  SqlState: 23505 NativeError: 1 Message: ERROR: duplicate key value violates unique constraint "HT_districts_pkey";\nError while executing the query
\.


--
-- Name: HT_FollowUpProgresses_id_seq; Type: SEQUENCE SET; Schema: public; Owner: ht_db_user
--

SELECT pg_catalog.setval('public."HT_FollowUpProgresses_id_seq"', 36, true);


--
-- Name: HT_FollowUpStatuses_id_seq; Type: SEQUENCE SET; Schema: public; Owner: ht_db_user
--

SELECT pg_catalog.setval('public."HT_FollowUpStatuses_id_seq"', 1, false);


--
-- Name: HT_FollowupStatusQuestionChoices_id_seq; Type: SEQUENCE SET; Schema: public; Owner: ht_db_user
--

SELECT pg_catalog.setval('public."HT_FollowupStatusQuestionChoices_id_seq"', 1, false);


--
-- Name: HT_FollowupStatusQuestions_id_seq; Type: SEQUENCE SET; Schema: public; Owner: ht_db_user
--

SELECT pg_catalog.setval('public."HT_FollowupStatusQuestions_id_seq"', 1, false);


--
-- Name: HT_IntegrationOptionLangMaps_id_seq; Type: SEQUENCE SET; Schema: public; Owner: ht_db_user
--

SELECT pg_catalog.setval('public."HT_IntegrationOptionLangMaps_id_seq"', 1, false);


--
-- Name: HT_IntegrationOptions_id_seq; Type: SEQUENCE SET; Schema: public; Owner: ht_db_user
--

SELECT pg_catalog.setval('public."HT_IntegrationOptions_id_seq"', 14, true);


--
-- Name: HT_InterventionFollowUps_id_seq; Type: SEQUENCE SET; Schema: public; Owner: ht_db_user
--

SELECT pg_catalog.setval('public."HT_InterventionFollowUps_id_seq"', 34, true);


--
-- Name: HT_UserSocketConnectionMappings_id_seq; Type: SEQUENCE SET; Schema: public; Owner: ht_db_user
--

SELECT pg_catalog.setval('public."HT_UserSocketConnectionMappings_id_seq"', 1, false);


--
-- Name: HT_accountLinkings_id_seq; Type: SEQUENCE SET; Schema: public; Owner: ht_db_user
--

SELECT pg_catalog.setval('public."HT_accountLinkings_id_seq"', 1, false);


--
-- Name: HT_acntTypLangMaps_id_seq; Type: SEQUENCE SET; Schema: public; Owner: ht_db_user
--

SELECT pg_catalog.setval('public."HT_acntTypLangMaps_id_seq"', 1, false);


--
-- Name: HT_answerTypes_id_seq; Type: SEQUENCE SET; Schema: public; Owner: ht_db_user
--

SELECT pg_catalog.setval('public."HT_answerTypes_id_seq"', 1, false);


--
-- Name: HT_assessmentImages_id_seq; Type: SEQUENCE SET; Schema: public; Owner: ht_db_user
--

SELECT pg_catalog.setval('public."HT_assessmentImages_id_seq"', 1, false);


--
-- Name: HT_assessmentIntegrationOptionMappings_id_seq; Type: SEQUENCE SET; Schema: public; Owner: ht_db_user
--

SELECT pg_catalog.setval('public."HT_assessmentIntegrationOptionMappings_id_seq"', 15, true);


--
-- Name: HT_assessmentInterventionTextResponses_id_seq; Type: SEQUENCE SET; Schema: public; Owner: ht_db_user
--

SELECT pg_catalog.setval('public."HT_assessmentInterventionTextResponses_id_seq"', 1, false);


--
-- Name: HT_assessmentReintegrationTypes_id_seq; Type: SEQUENCE SET; Schema: public; Owner: ht_db_user
--

SELECT pg_catalog.setval('public."HT_assessmentReintegrationTypes_id_seq"', 1, false);


--
-- Name: HT_assessmentScores_id_seq; Type: SEQUENCE SET; Schema: public; Owner: ht_db_user
--

SELECT pg_catalog.setval('public."HT_assessmentScores_id_seq"', 70, true);


--
-- Name: HT_assessmentVisitTypes_id_seq; Type: SEQUENCE SET; Schema: public; Owner: ht_db_user
--

SELECT pg_catalog.setval('public."HT_assessmentVisitTypes_id_seq"', 1, false);


--
-- Name: HT_assessments_id_seq; Type: SEQUENCE SET; Schema: public; Owner: ht_db_user
--

SELECT pg_catalog.setval('public."HT_assessments_id_seq"', 24, true);


--
-- Name: HT_assmntReintegrationTypeLangMaps_id_seq; Type: SEQUENCE SET; Schema: public; Owner: ht_db_user
--

SELECT pg_catalog.setval('public."HT_assmntReintegrationTypeLangMaps_id_seq"', 1, false);


--
-- Name: HT_assmntVisitTypeLangMaps_id_seq; Type: SEQUENCE SET; Schema: public; Owner: ht_db_user
--

SELECT pg_catalog.setval('public."HT_assmntVisitTypeLangMaps_id_seq"', 1, false);


--
-- Name: HT_auditLogs_id_seq; Type: SEQUENCE SET; Schema: public; Owner: ht_db_user
--

SELECT pg_catalog.setval('public."HT_auditLogs_id_seq"', 192, true);


--
-- Name: HT_cases_id_seq; Type: SEQUENCE SET; Schema: public; Owner: ht_db_user
--

SELECT pg_catalog.setval('public."HT_cases_id_seq"', 32, true);


--
-- Name: HT_childCareGiverMappings_id_seq; Type: SEQUENCE SET; Schema: public; Owner: ht_db_user
--

SELECT pg_catalog.setval('public."HT_childCareGiverMappings_id_seq"', 1, false);


--
-- Name: HT_childConsentLangMaps_id_seq; Type: SEQUENCE SET; Schema: public; Owner: ht_db_user
--

SELECT pg_catalog.setval('public."HT_childConsentLangMaps_id_seq"', 3, true);


--
-- Name: HT_childConsents_id_seq; Type: SEQUENCE SET; Schema: public; Owner: ht_db_user
--

SELECT pg_catalog.setval('public."HT_childConsents_id_seq"', 10, true);


--
-- Name: HT_childCurrentPlacementStatuses_id_seq; Type: SEQUENCE SET; Schema: public; Owner: ht_db_user
--

SELECT pg_catalog.setval('public."HT_childCurrentPlacementStatuses_id_seq"', 9, true);


--
-- Name: HT_childEducationLevels_id_seq; Type: SEQUENCE SET; Schema: public; Owner: ht_db_user
--

SELECT pg_catalog.setval('public."HT_childEducationLevels_id_seq"', 22, true);


--
-- Name: HT_childHistories_id_seq; Type: SEQUENCE SET; Schema: public; Owner: ht_db_user
--

SELECT pg_catalog.setval('public."HT_childHistories_id_seq"', 1, false);


--
-- Name: HT_childPlacementStatuses_id_seq; Type: SEQUENCE SET; Schema: public; Owner: ht_db_user
--

SELECT pg_catalog.setval('public."HT_childPlacementStatuses_id_seq"', 6, true);


--
-- Name: HT_childStatuses_id_seq; Type: SEQUENCE SET; Schema: public; Owner: ht_db_user
--

SELECT pg_catalog.setval('public."HT_childStatuses_id_seq"', 3, true);


--
-- Name: HT_children_id_seq; Type: SEQUENCE SET; Schema: public; Owner: ht_db_user
--

SELECT pg_catalog.setval('public."HT_children_id_seq"', 41, true);


--
-- Name: HT_chldCurntPlmtStsLangMaps_id_seq; Type: SEQUENCE SET; Schema: public; Owner: ht_db_user
--

SELECT pg_catalog.setval('public."HT_chldCurntPlmtStsLangMaps_id_seq"', 1, false);


--
-- Name: HT_chldEdnLvlLangMaps_id_seq; Type: SEQUENCE SET; Schema: public; Owner: ht_db_user
--

SELECT pg_catalog.setval('public."HT_chldEdnLvlLangMaps_id_seq"', 1, false);


--
-- Name: HT_chldPlmtStsLangMaps_id_seq; Type: SEQUENCE SET; Schema: public; Owner: ht_db_user
--

SELECT pg_catalog.setval('public."HT_chldPlmtStsLangMaps_id_seq"', 1, false);


--
-- Name: HT_chldStsLangMaps_id_seq; Type: SEQUENCE SET; Schema: public; Owner: ht_db_user
--

SELECT pg_catalog.setval('public."HT_chldStsLangMaps_id_seq"', 1, false);


--
-- Name: HT_choiceLangMaps_id_seq; Type: SEQUENCE SET; Schema: public; Owner: ht_db_user
--

SELECT pg_catalog.setval('public."HT_choiceLangMaps_id_seq"', 1, false);


--
-- Name: HT_choices_id_seq; Type: SEQUENCE SET; Schema: public; Owner: ht_db_user
--

SELECT pg_catalog.setval('public."HT_choices_id_seq"', 774, true);


--
-- Name: HT_countryLangMaps_id_seq; Type: SEQUENCE SET; Schema: public; Owner: ht_db_user
--

SELECT pg_catalog.setval('public."HT_countryLangMaps_id_seq"', 1, false);


--
-- Name: HT_deviceDetails_id_seq; Type: SEQUENCE SET; Schema: public; Owner: ht_db_user
--

SELECT pg_catalog.setval('public."HT_deviceDetails_id_seq"', 1, false);


--
-- Name: HT_districtLangMaps_id_seq; Type: SEQUENCE SET; Schema: public; Owner: ht_db_user
--

SELECT pg_catalog.setval('public."HT_districtLangMaps_id_seq"', 1, false);


--
-- Name: HT_events_id_seq; Type: SEQUENCE SET; Schema: public; Owner: ht_db_user
--

SELECT pg_catalog.setval('public."HT_events_id_seq"', 172, true);


--
-- Name: HT_families_id_seq; Type: SEQUENCE SET; Schema: public; Owner: ht_db_user
--

SELECT pg_catalog.setval('public."HT_families_id_seq"', 35, true);


--
-- Name: HT_familyMemTypeLangMaps_id_seq; Type: SEQUENCE SET; Schema: public; Owner: ht_db_user
--

SELECT pg_catalog.setval('public."HT_familyMemTypeLangMaps_id_seq"', 1, false);


--
-- Name: HT_familyMemberTypes_id_seq; Type: SEQUENCE SET; Schema: public; Owner: ht_db_user
--

SELECT pg_catalog.setval('public."HT_familyMemberTypes_id_seq"', 2, true);


--
-- Name: HT_familyMembers_id_seq; Type: SEQUENCE SET; Schema: public; Owner: ht_db_user
--

SELECT pg_catalog.setval('public."HT_familyMembers_id_seq"', 43, true);


--
-- Name: HT_familyRelanLangMaps_id_seq; Type: SEQUENCE SET; Schema: public; Owner: ht_db_user
--

SELECT pg_catalog.setval('public."HT_familyRelanLangMaps_id_seq"', 1, false);


--
-- Name: HT_familyRelations_id_seq; Type: SEQUENCE SET; Schema: public; Owner: ht_db_user
--

SELECT pg_catalog.setval('public."HT_familyRelations_id_seq"', 7, true);


--
-- Name: HT_fileUploadMappings_id_seq; Type: SEQUENCE SET; Schema: public; Owner: ht_db_user
--

SELECT pg_catalog.setval('public."HT_fileUploadMappings_id_seq"', 1, true);


--
-- Name: HT_formQuestionMappings_id_seq; Type: SEQUENCE SET; Schema: public; Owner: ht_db_user
--

SELECT pg_catalog.setval('public."HT_formQuestionMappings_id_seq"', 382, true);


--
-- Name: HT_formRevisions_id_seq; Type: SEQUENCE SET; Schema: public; Owner: ht_db_user
--

SELECT pg_catalog.setval('public."HT_formRevisions_id_seq"', 1, false);


--
-- Name: HT_forms_id_seq; Type: SEQUENCE SET; Schema: public; Owner: ht_db_user
--

SELECT pg_catalog.setval('public."HT_forms_id_seq"', 7, true);


--
-- Name: HT_importLogs_id_seq; Type: SEQUENCE SET; Schema: public; Owner: ht_db_user
--

SELECT pg_catalog.setval('public."HT_importLogs_id_seq"', 1, false);


--
-- Name: HT_importMappings_id_seq; Type: SEQUENCE SET; Schema: public; Owner: ht_db_user
--

SELECT pg_catalog.setval('public."HT_importMappings_id_seq"', 1, false);


--
-- Name: HT_langMaps_id_seq; Type: SEQUENCE SET; Schema: public; Owner: ht_db_user
--

SELECT pg_catalog.setval('public."HT_langMaps_id_seq"', 1, false);


--
-- Name: HT_logExports_id_seq; Type: SEQUENCE SET; Schema: public; Owner: ht_db_user
--

SELECT pg_catalog.setval('public."HT_logExports_id_seq"', 1, false);


--
-- Name: HT_notifLangMaps_id_seq; Type: SEQUENCE SET; Schema: public; Owner: ht_db_user
--

SELECT pg_catalog.setval('public."HT_notifLangMaps_id_seq"', 1, false);


--
-- Name: HT_notifications_id_seq; Type: SEQUENCE SET; Schema: public; Owner: ht_db_user
--

SELECT pg_catalog.setval('public."HT_notifications_id_seq"', 1, false);


--
-- Name: HT_notifnEventTypes_id_seq; Type: SEQUENCE SET; Schema: public; Owner: ht_db_user
--

SELECT pg_catalog.setval('public."HT_notifnEventTypes_id_seq"', 1, false);


--
-- Name: HT_questionDomains_id_seq; Type: SEQUENCE SET; Schema: public; Owner: ht_db_user
--

SELECT pg_catalog.setval('public."HT_questionDomains_id_seq"', 1, false);


--
-- Name: HT_questionLangMaps_id_seq; Type: SEQUENCE SET; Schema: public; Owner: ht_db_user
--

SELECT pg_catalog.setval('public."HT_questionLangMaps_id_seq"', 1, false);


--
-- Name: HT_questionTypes_id_seq; Type: SEQUENCE SET; Schema: public; Owner: ht_db_user
--

SELECT pg_catalog.setval('public."HT_questionTypes_id_seq"', 1, false);


--
-- Name: HT_questions_id_seq; Type: SEQUENCE SET; Schema: public; Owner: ht_db_user
--

SELECT pg_catalog.setval('public."HT_questions_id_seq"', 258, true);


--
-- Name: HT_qusnDomainLangMaps_id_seq; Type: SEQUENCE SET; Schema: public; Owner: ht_db_user
--

SELECT pg_catalog.setval('public."HT_qusnDomainLangMaps_id_seq"', 1, false);


--
-- Name: HT_recurringEvents_id_seq; Type: SEQUENCE SET; Schema: public; Owner: ht_db_user
--

SELECT pg_catalog.setval('public."HT_recurringEvents_id_seq"', 1, false);


--
-- Name: HT_responses_id_seq; Type: SEQUENCE SET; Schema: public; Owner: ht_db_user
--

SELECT pg_catalog.setval('public."HT_responses_id_seq"', 867, true);


--
-- Name: HT_stateLangMaps_id_seq; Type: SEQUENCE SET; Schema: public; Owner: ht_db_user
--

SELECT pg_catalog.setval('public."HT_stateLangMaps_id_seq"', 1, false);


--
-- Name: HT_userLogs_id_seq; Type: SEQUENCE SET; Schema: public; Owner: ht_db_user
--

SELECT pg_catalog.setval('public."HT_userLogs_id_seq"', 1, false);


--
-- Name: HT_userRoleLangMaps_id_seq; Type: SEQUENCE SET; Schema: public; Owner: ht_db_user
--

SELECT pg_catalog.setval('public."HT_userRoleLangMaps_id_seq"', 1, false);


--
-- Name: HT_FollowUpProgresses HT_FollowUpProgresses_pkey; Type: CONSTRAINT; Schema: public; Owner: ht_db_user
--

ALTER TABLE ONLY public."HT_FollowUpProgresses"
    ADD CONSTRAINT "HT_FollowUpProgresses_pkey" PRIMARY KEY (id);


--
-- Name: HT_FollowUpStatuses HT_FollowUpStatuses_pkey; Type: CONSTRAINT; Schema: public; Owner: ht_db_user
--

ALTER TABLE ONLY public."HT_FollowUpStatuses"
    ADD CONSTRAINT "HT_FollowUpStatuses_pkey" PRIMARY KEY (id);


--
-- Name: HT_FollowupStatusQuestionChoices HT_FollowupStatusQuestionChoices_pkey; Type: CONSTRAINT; Schema: public; Owner: ht_db_user
--

ALTER TABLE ONLY public."HT_FollowupStatusQuestionChoices"
    ADD CONSTRAINT "HT_FollowupStatusQuestionChoices_pkey" PRIMARY KEY (id);


--
-- Name: HT_FollowupStatusQuestions HT_FollowupStatusQuestions_pkey; Type: CONSTRAINT; Schema: public; Owner: ht_db_user
--

ALTER TABLE ONLY public."HT_FollowupStatusQuestions"
    ADD CONSTRAINT "HT_FollowupStatusQuestions_pkey" PRIMARY KEY (id);


--
-- Name: HT_IntegrationOptionLangMaps HT_IntegrationOptionLangMaps_pkey; Type: CONSTRAINT; Schema: public; Owner: ht_db_user
--

ALTER TABLE ONLY public."HT_IntegrationOptionLangMaps"
    ADD CONSTRAINT "HT_IntegrationOptionLangMaps_pkey" PRIMARY KEY (id);


--
-- Name: HT_IntegrationOptions HT_IntegrationOptions_pkey; Type: CONSTRAINT; Schema: public; Owner: ht_db_user
--

ALTER TABLE ONLY public."HT_IntegrationOptions"
    ADD CONSTRAINT "HT_IntegrationOptions_pkey" PRIMARY KEY (id);


--
-- Name: HT_InterventionFollowUps HT_InterventionFollowUps_pkey; Type: CONSTRAINT; Schema: public; Owner: ht_db_user
--

ALTER TABLE ONLY public."HT_InterventionFollowUps"
    ADD CONSTRAINT "HT_InterventionFollowUps_pkey" PRIMARY KEY (id);


--
-- Name: HT_UserSocketConnectionMappings HT_UserSocketConnectionMappings_pkey; Type: CONSTRAINT; Schema: public; Owner: ht_db_user
--

ALTER TABLE ONLY public."HT_UserSocketConnectionMappings"
    ADD CONSTRAINT "HT_UserSocketConnectionMappings_pkey" PRIMARY KEY (id);


--
-- Name: HT_accountLinkings HT_accountLinkings_pkey; Type: CONSTRAINT; Schema: public; Owner: ht_db_user
--

ALTER TABLE ONLY public."HT_accountLinkings"
    ADD CONSTRAINT "HT_accountLinkings_pkey" PRIMARY KEY (id);


--
-- Name: HT_accountTypes HT_accountTypes_pkey; Type: CONSTRAINT; Schema: public; Owner: ht_db_user
--

ALTER TABLE ONLY public."HT_accountTypes"
    ADD CONSTRAINT "HT_accountTypes_pkey" PRIMARY KEY (id);


--
-- Name: HT_accounts HT_accounts_accountName_key; Type: CONSTRAINT; Schema: public; Owner: ht_db_user
--

ALTER TABLE ONLY public."HT_accounts"
    ADD CONSTRAINT "HT_accounts_accountName_key" UNIQUE ("accountName");


--
-- Name: HT_accounts HT_accounts_pkey; Type: CONSTRAINT; Schema: public; Owner: ht_db_user
--

ALTER TABLE ONLY public."HT_accounts"
    ADD CONSTRAINT "HT_accounts_pkey" PRIMARY KEY (id);


--
-- Name: HT_acntTypLangMaps HT_acntTypLangMaps_pkey; Type: CONSTRAINT; Schema: public; Owner: ht_db_user
--

ALTER TABLE ONLY public."HT_acntTypLangMaps"
    ADD CONSTRAINT "HT_acntTypLangMaps_pkey" PRIMARY KEY (id);


--
-- Name: HT_answerTypes HT_answerTypes_pkey; Type: CONSTRAINT; Schema: public; Owner: ht_db_user
--

ALTER TABLE ONLY public."HT_answerTypes"
    ADD CONSTRAINT "HT_answerTypes_pkey" PRIMARY KEY (id);


--
-- Name: HT_assessmentImages HT_assessmentImages_pkey; Type: CONSTRAINT; Schema: public; Owner: ht_db_user
--

ALTER TABLE ONLY public."HT_assessmentImages"
    ADD CONSTRAINT "HT_assessmentImages_pkey" PRIMARY KEY (id);


--
-- Name: HT_assessmentIntegrationOptionMappings HT_assessmentIntegrationOptio_HTAssessmentId_HTIntegrationO_key; Type: CONSTRAINT; Schema: public; Owner: ht_db_user
--

ALTER TABLE ONLY public."HT_assessmentIntegrationOptionMappings"
    ADD CONSTRAINT "HT_assessmentIntegrationOptio_HTAssessmentId_HTIntegrationO_key" UNIQUE ("HTAssessmentId", "HTIntegrationOptionId");


--
-- Name: HT_assessmentIntegrationOptionMappings HT_assessmentIntegrationOptionMappings_pkey; Type: CONSTRAINT; Schema: public; Owner: ht_db_user
--

ALTER TABLE ONLY public."HT_assessmentIntegrationOptionMappings"
    ADD CONSTRAINT "HT_assessmentIntegrationOptionMappings_pkey" PRIMARY KEY (id);


--
-- Name: HT_assessmentInterventionTextResponses HT_assessmentInterventionTextResponses_pkey; Type: CONSTRAINT; Schema: public; Owner: ht_db_user
--

ALTER TABLE ONLY public."HT_assessmentInterventionTextResponses"
    ADD CONSTRAINT "HT_assessmentInterventionTextResponses_pkey" PRIMARY KEY (id);


--
-- Name: HT_assessmentReintegrationTypes HT_assessmentReintegrationTypes_pkey; Type: CONSTRAINT; Schema: public; Owner: ht_db_user
--

ALTER TABLE ONLY public."HT_assessmentReintegrationTypes"
    ADD CONSTRAINT "HT_assessmentReintegrationTypes_pkey" PRIMARY KEY (id);


--
-- Name: HT_assessmentScores HT_assessmentScores_pkey; Type: CONSTRAINT; Schema: public; Owner: ht_db_user
--

ALTER TABLE ONLY public."HT_assessmentScores"
    ADD CONSTRAINT "HT_assessmentScores_pkey" PRIMARY KEY (id);


--
-- Name: HT_assessmentVisitTypes HT_assessmentVisitTypes_pkey; Type: CONSTRAINT; Schema: public; Owner: ht_db_user
--

ALTER TABLE ONLY public."HT_assessmentVisitTypes"
    ADD CONSTRAINT "HT_assessmentVisitTypes_pkey" PRIMARY KEY (id);


--
-- Name: HT_assessments HT_assessments_pkey; Type: CONSTRAINT; Schema: public; Owner: ht_db_user
--

ALTER TABLE ONLY public."HT_assessments"
    ADD CONSTRAINT "HT_assessments_pkey" PRIMARY KEY (id);


--
-- Name: HT_assmntReintegrationTypeLangMaps HT_assmntReintegrationTypeLangMaps_pkey; Type: CONSTRAINT; Schema: public; Owner: ht_db_user
--

ALTER TABLE ONLY public."HT_assmntReintegrationTypeLangMaps"
    ADD CONSTRAINT "HT_assmntReintegrationTypeLangMaps_pkey" PRIMARY KEY (id);


--
-- Name: HT_assmntVisitTypeLangMaps HT_assmntVisitTypeLangMaps_pkey; Type: CONSTRAINT; Schema: public; Owner: ht_db_user
--

ALTER TABLE ONLY public."HT_assmntVisitTypeLangMaps"
    ADD CONSTRAINT "HT_assmntVisitTypeLangMaps_pkey" PRIMARY KEY (id);


--
-- Name: HT_auditLogs HT_auditLogs_pkey; Type: CONSTRAINT; Schema: public; Owner: ht_db_user
--

ALTER TABLE ONLY public."HT_auditLogs"
    ADD CONSTRAINT "HT_auditLogs_pkey" PRIMARY KEY (id);


--
-- Name: HT_cases HT_cases_pkey; Type: CONSTRAINT; Schema: public; Owner: ht_db_user
--

ALTER TABLE ONLY public."HT_cases"
    ADD CONSTRAINT "HT_cases_pkey" PRIMARY KEY (id);


--
-- Name: HT_childCareGiverMappings HT_childCareGiverMappings_HTFamilyMemberId_HTChildId_key; Type: CONSTRAINT; Schema: public; Owner: ht_db_user
--

ALTER TABLE ONLY public."HT_childCareGiverMappings"
    ADD CONSTRAINT "HT_childCareGiverMappings_HTFamilyMemberId_HTChildId_key" UNIQUE ("HTFamilyMemberId", "HTChildId");


--
-- Name: HT_childCareGiverMappings HT_childCareGiverMappings_pkey; Type: CONSTRAINT; Schema: public; Owner: ht_db_user
--

ALTER TABLE ONLY public."HT_childCareGiverMappings"
    ADD CONSTRAINT "HT_childCareGiverMappings_pkey" PRIMARY KEY (id);


--
-- Name: HT_childConsentLangMaps HT_childConsentLangMaps_pkey; Type: CONSTRAINT; Schema: public; Owner: ht_db_user
--

ALTER TABLE ONLY public."HT_childConsentLangMaps"
    ADD CONSTRAINT "HT_childConsentLangMaps_pkey" PRIMARY KEY (id);


--
-- Name: HT_childConsents HT_childConsents_pkey; Type: CONSTRAINT; Schema: public; Owner: ht_db_user
--

ALTER TABLE ONLY public."HT_childConsents"
    ADD CONSTRAINT "HT_childConsents_pkey" PRIMARY KEY (id);


--
-- Name: HT_childCurrentPlacementStatuses HT_childCurrentPlacementStatuses_pkey; Type: CONSTRAINT; Schema: public; Owner: ht_db_user
--

ALTER TABLE ONLY public."HT_childCurrentPlacementStatuses"
    ADD CONSTRAINT "HT_childCurrentPlacementStatuses_pkey" PRIMARY KEY (id);


--
-- Name: HT_childEducationLevels HT_childEducationLevels_pkey; Type: CONSTRAINT; Schema: public; Owner: ht_db_user
--

ALTER TABLE ONLY public."HT_childEducationLevels"
    ADD CONSTRAINT "HT_childEducationLevels_pkey" PRIMARY KEY (id);


--
-- Name: HT_childHistories HT_childHistories_pkey; Type: CONSTRAINT; Schema: public; Owner: ht_db_user
--

ALTER TABLE ONLY public."HT_childHistories"
    ADD CONSTRAINT "HT_childHistories_pkey" PRIMARY KEY (id);


--
-- Name: HT_childPlacementStatuses HT_childPlacementStatuses_pkey; Type: CONSTRAINT; Schema: public; Owner: ht_db_user
--

ALTER TABLE ONLY public."HT_childPlacementStatuses"
    ADD CONSTRAINT "HT_childPlacementStatuses_pkey" PRIMARY KEY (id);


--
-- Name: HT_childStatuses HT_childStatuses_pkey; Type: CONSTRAINT; Schema: public; Owner: ht_db_user
--

ALTER TABLE ONLY public."HT_childStatuses"
    ADD CONSTRAINT "HT_childStatuses_pkey" PRIMARY KEY (id);


--
-- Name: HT_children HT_children_pkey; Type: CONSTRAINT; Schema: public; Owner: ht_db_user
--

ALTER TABLE ONLY public."HT_children"
    ADD CONSTRAINT "HT_children_pkey" PRIMARY KEY (id);


--
-- Name: HT_chldCurntPlmtStsLangMaps HT_chldCurntPlmtStsLangMaps_pkey; Type: CONSTRAINT; Schema: public; Owner: ht_db_user
--

ALTER TABLE ONLY public."HT_chldCurntPlmtStsLangMaps"
    ADD CONSTRAINT "HT_chldCurntPlmtStsLangMaps_pkey" PRIMARY KEY (id);


--
-- Name: HT_chldEdnLvlLangMaps HT_chldEdnLvlLangMaps_pkey; Type: CONSTRAINT; Schema: public; Owner: ht_db_user
--

ALTER TABLE ONLY public."HT_chldEdnLvlLangMaps"
    ADD CONSTRAINT "HT_chldEdnLvlLangMaps_pkey" PRIMARY KEY (id);


--
-- Name: HT_chldPlmtStsLangMaps HT_chldPlmtStsLangMaps_pkey; Type: CONSTRAINT; Schema: public; Owner: ht_db_user
--

ALTER TABLE ONLY public."HT_chldPlmtStsLangMaps"
    ADD CONSTRAINT "HT_chldPlmtStsLangMaps_pkey" PRIMARY KEY (id);


--
-- Name: HT_chldStsLangMaps HT_chldStsLangMaps_pkey; Type: CONSTRAINT; Schema: public; Owner: ht_db_user
--

ALTER TABLE ONLY public."HT_chldStsLangMaps"
    ADD CONSTRAINT "HT_chldStsLangMaps_pkey" PRIMARY KEY (id);


--
-- Name: HT_choiceLangMaps HT_choiceLangMaps_pkey; Type: CONSTRAINT; Schema: public; Owner: ht_db_user
--

ALTER TABLE ONLY public."HT_choiceLangMaps"
    ADD CONSTRAINT "HT_choiceLangMaps_pkey" PRIMARY KEY (id);


--
-- Name: HT_choices HT_choices_pkey; Type: CONSTRAINT; Schema: public; Owner: ht_db_user
--

ALTER TABLE ONLY public."HT_choices"
    ADD CONSTRAINT "HT_choices_pkey" PRIMARY KEY (id);


--
-- Name: HT_countries HT_countries_pkey; Type: CONSTRAINT; Schema: public; Owner: ht_db_user
--

ALTER TABLE ONLY public."HT_countries"
    ADD CONSTRAINT "HT_countries_pkey" PRIMARY KEY (id);


--
-- Name: HT_countryLangMaps HT_countryLangMaps_pkey; Type: CONSTRAINT; Schema: public; Owner: ht_db_user
--

ALTER TABLE ONLY public."HT_countryLangMaps"
    ADD CONSTRAINT "HT_countryLangMaps_pkey" PRIMARY KEY (id);


--
-- Name: HT_deviceDetails HT_deviceDetails_pkey; Type: CONSTRAINT; Schema: public; Owner: ht_db_user
--

ALTER TABLE ONLY public."HT_deviceDetails"
    ADD CONSTRAINT "HT_deviceDetails_pkey" PRIMARY KEY (id);


--
-- Name: HT_districtLangMaps HT_districtLangMaps_pkey; Type: CONSTRAINT; Schema: public; Owner: ht_db_user
--

ALTER TABLE ONLY public."HT_districtLangMaps"
    ADD CONSTRAINT "HT_districtLangMaps_pkey" PRIMARY KEY (id);


--
-- Name: HT_districts HT_districts_pkey; Type: CONSTRAINT; Schema: public; Owner: ht_db_user
--

ALTER TABLE ONLY public."HT_districts"
    ADD CONSTRAINT "HT_districts_pkey" PRIMARY KEY (id);


--
-- Name: HT_events HT_events_pkey; Type: CONSTRAINT; Schema: public; Owner: ht_db_user
--

ALTER TABLE ONLY public."HT_events"
    ADD CONSTRAINT "HT_events_pkey" PRIMARY KEY (id);


--
-- Name: HT_families HT_families_pkey; Type: CONSTRAINT; Schema: public; Owner: ht_db_user
--

ALTER TABLE ONLY public."HT_families"
    ADD CONSTRAINT "HT_families_pkey" PRIMARY KEY (id);


--
-- Name: HT_familyMemTypeLangMaps HT_familyMemTypeLangMaps_pkey; Type: CONSTRAINT; Schema: public; Owner: ht_db_user
--

ALTER TABLE ONLY public."HT_familyMemTypeLangMaps"
    ADD CONSTRAINT "HT_familyMemTypeLangMaps_pkey" PRIMARY KEY (id);


--
-- Name: HT_familyMemberTypes HT_familyMemberTypes_pkey; Type: CONSTRAINT; Schema: public; Owner: ht_db_user
--

ALTER TABLE ONLY public."HT_familyMemberTypes"
    ADD CONSTRAINT "HT_familyMemberTypes_pkey" PRIMARY KEY (id);


--
-- Name: HT_familyMembers HT_familyMembers_pkey; Type: CONSTRAINT; Schema: public; Owner: ht_db_user
--

ALTER TABLE ONLY public."HT_familyMembers"
    ADD CONSTRAINT "HT_familyMembers_pkey" PRIMARY KEY (id);


--
-- Name: HT_familyRelanLangMaps HT_familyRelanLangMaps_pkey; Type: CONSTRAINT; Schema: public; Owner: ht_db_user
--

ALTER TABLE ONLY public."HT_familyRelanLangMaps"
    ADD CONSTRAINT "HT_familyRelanLangMaps_pkey" PRIMARY KEY (id);


--
-- Name: HT_familyRelations HT_familyRelations_pkey; Type: CONSTRAINT; Schema: public; Owner: ht_db_user
--

ALTER TABLE ONLY public."HT_familyRelations"
    ADD CONSTRAINT "HT_familyRelations_pkey" PRIMARY KEY (id);


--
-- Name: HT_fileUploadMappings HT_fileUploadMappings_pkey; Type: CONSTRAINT; Schema: public; Owner: ht_db_user
--

ALTER TABLE ONLY public."HT_fileUploadMappings"
    ADD CONSTRAINT "HT_fileUploadMappings_pkey" PRIMARY KEY (id);


--
-- Name: HT_formQuestionMappings HT_formQuestionMappings_HTQuestionId_HTFormId_key; Type: CONSTRAINT; Schema: public; Owner: ht_db_user
--

ALTER TABLE ONLY public."HT_formQuestionMappings"
    ADD CONSTRAINT "HT_formQuestionMappings_HTQuestionId_HTFormId_key" UNIQUE ("HTQuestionId", "HTFormId");


--
-- Name: HT_formQuestionMappings HT_formQuestionMappings_pkey; Type: CONSTRAINT; Schema: public; Owner: ht_db_user
--

ALTER TABLE ONLY public."HT_formQuestionMappings"
    ADD CONSTRAINT "HT_formQuestionMappings_pkey" PRIMARY KEY (id);


--
-- Name: HT_formRevisions HT_formRevisions_pkey; Type: CONSTRAINT; Schema: public; Owner: ht_db_user
--

ALTER TABLE ONLY public."HT_formRevisions"
    ADD CONSTRAINT "HT_formRevisions_pkey" PRIMARY KEY (id);


--
-- Name: HT_forms HT_forms_pkey; Type: CONSTRAINT; Schema: public; Owner: ht_db_user
--

ALTER TABLE ONLY public."HT_forms"
    ADD CONSTRAINT "HT_forms_pkey" PRIMARY KEY (id);


--
-- Name: HT_importLogs HT_importLogs_pkey; Type: CONSTRAINT; Schema: public; Owner: ht_db_user
--

ALTER TABLE ONLY public."HT_importLogs"
    ADD CONSTRAINT "HT_importLogs_pkey" PRIMARY KEY (id);


--
-- Name: HT_importMappings HT_importMappings_pkey; Type: CONSTRAINT; Schema: public; Owner: ht_db_user
--

ALTER TABLE ONLY public."HT_importMappings"
    ADD CONSTRAINT "HT_importMappings_pkey" PRIMARY KEY (id);


--
-- Name: HT_langMaps HT_langMaps_pkey; Type: CONSTRAINT; Schema: public; Owner: ht_db_user
--

ALTER TABLE ONLY public."HT_langMaps"
    ADD CONSTRAINT "HT_langMaps_pkey" PRIMARY KEY (id);


--
-- Name: HT_languages HT_languages_language_key; Type: CONSTRAINT; Schema: public; Owner: ht_db_user
--

ALTER TABLE ONLY public."HT_languages"
    ADD CONSTRAINT "HT_languages_language_key" UNIQUE (language);


--
-- Name: HT_languages HT_languages_pkey; Type: CONSTRAINT; Schema: public; Owner: ht_db_user
--

ALTER TABLE ONLY public."HT_languages"
    ADD CONSTRAINT "HT_languages_pkey" PRIMARY KEY (id);


--
-- Name: HT_logExports HT_logExports_pkey; Type: CONSTRAINT; Schema: public; Owner: ht_db_user
--

ALTER TABLE ONLY public."HT_logExports"
    ADD CONSTRAINT "HT_logExports_pkey" PRIMARY KEY (id);


--
-- Name: HT_notifLangMaps HT_notifLangMaps_pkey; Type: CONSTRAINT; Schema: public; Owner: ht_db_user
--

ALTER TABLE ONLY public."HT_notifLangMaps"
    ADD CONSTRAINT "HT_notifLangMaps_pkey" PRIMARY KEY (id);


--
-- Name: HT_notifications HT_notifications_pkey; Type: CONSTRAINT; Schema: public; Owner: ht_db_user
--

ALTER TABLE ONLY public."HT_notifications"
    ADD CONSTRAINT "HT_notifications_pkey" PRIMARY KEY (id);


--
-- Name: HT_notifnEventTypes HT_notifnEventTypes_pkey; Type: CONSTRAINT; Schema: public; Owner: ht_db_user
--

ALTER TABLE ONLY public."HT_notifnEventTypes"
    ADD CONSTRAINT "HT_notifnEventTypes_pkey" PRIMARY KEY (id);


--
-- Name: HT_questionDomains HT_questionDomains_pkey; Type: CONSTRAINT; Schema: public; Owner: ht_db_user
--

ALTER TABLE ONLY public."HT_questionDomains"
    ADD CONSTRAINT "HT_questionDomains_pkey" PRIMARY KEY (id);


--
-- Name: HT_questionLangMaps HT_questionLangMaps_pkey; Type: CONSTRAINT; Schema: public; Owner: ht_db_user
--

ALTER TABLE ONLY public."HT_questionLangMaps"
    ADD CONSTRAINT "HT_questionLangMaps_pkey" PRIMARY KEY (id);


--
-- Name: HT_questionTypes HT_questionTypes_pkey; Type: CONSTRAINT; Schema: public; Owner: ht_db_user
--

ALTER TABLE ONLY public."HT_questionTypes"
    ADD CONSTRAINT "HT_questionTypes_pkey" PRIMARY KEY (id);


--
-- Name: HT_questions HT_questions_pkey; Type: CONSTRAINT; Schema: public; Owner: ht_db_user
--

ALTER TABLE ONLY public."HT_questions"
    ADD CONSTRAINT "HT_questions_pkey" PRIMARY KEY (id);


--
-- Name: HT_qusnDomainLangMaps HT_qusnDomainLangMaps_pkey; Type: CONSTRAINT; Schema: public; Owner: ht_db_user
--

ALTER TABLE ONLY public."HT_qusnDomainLangMaps"
    ADD CONSTRAINT "HT_qusnDomainLangMaps_pkey" PRIMARY KEY (id);


--
-- Name: HT_recurringEvents HT_recurringEvents_pkey; Type: CONSTRAINT; Schema: public; Owner: ht_db_user
--

ALTER TABLE ONLY public."HT_recurringEvents"
    ADD CONSTRAINT "HT_recurringEvents_pkey" PRIMARY KEY (id);


--
-- Name: HT_responses HT_responses_pkey; Type: CONSTRAINT; Schema: public; Owner: ht_db_user
--

ALTER TABLE ONLY public."HT_responses"
    ADD CONSTRAINT "HT_responses_pkey" PRIMARY KEY (id);


--
-- Name: HT_stateLangMaps HT_stateLangMaps_pkey; Type: CONSTRAINT; Schema: public; Owner: ht_db_user
--

ALTER TABLE ONLY public."HT_stateLangMaps"
    ADD CONSTRAINT "HT_stateLangMaps_pkey" PRIMARY KEY (id);


--
-- Name: HT_states HT_states_pkey; Type: CONSTRAINT; Schema: public; Owner: ht_db_user
--

ALTER TABLE ONLY public."HT_states"
    ADD CONSTRAINT "HT_states_pkey" PRIMARY KEY (id);


--
-- Name: HT_userLogs HT_userLogs_pkey; Type: CONSTRAINT; Schema: public; Owner: ht_db_user
--

ALTER TABLE ONLY public."HT_userLogs"
    ADD CONSTRAINT "HT_userLogs_pkey" PRIMARY KEY (id);


--
-- Name: HT_userRoleLangMaps HT_userRoleLangMaps_pkey; Type: CONSTRAINT; Schema: public; Owner: ht_db_user
--

ALTER TABLE ONLY public."HT_userRoleLangMaps"
    ADD CONSTRAINT "HT_userRoleLangMaps_pkey" PRIMARY KEY (id);


--
-- Name: HT_userRoles HT_userRoles_pkey; Type: CONSTRAINT; Schema: public; Owner: ht_db_user
--

ALTER TABLE ONLY public."HT_userRoles"
    ADD CONSTRAINT "HT_userRoles_pkey" PRIMARY KEY (id);


--
-- Name: HT_users HT_users_cognitoId_key; Type: CONSTRAINT; Schema: public; Owner: ht_db_user
--

ALTER TABLE ONLY public."HT_users"
    ADD CONSTRAINT "HT_users_cognitoId_key" UNIQUE ("cognitoId");


--
-- Name: HT_users HT_users_pkey; Type: CONSTRAINT; Schema: public; Owner: ht_db_user
--

ALTER TABLE ONLY public."HT_users"
    ADD CONSTRAINT "HT_users_pkey" PRIMARY KEY (id);


--
-- Name: HT_users user_deactivation_activation_triger; Type: TRIGGER; Schema: public; Owner: ht_db_user
--

CREATE TRIGGER user_deactivation_activation_triger AFTER UPDATE ON public."HT_users" FOR EACH ROW WHEN ((old."isActive" IS DISTINCT FROM new."isActive")) EXECUTE FUNCTION public.user_deactivation_triger();


--
-- Name: HT_FollowUpProgresses HT_FollowUpProgresses_HTAssessmentId_fkey; Type: FK CONSTRAINT; Schema: public; Owner: ht_db_user
--

ALTER TABLE ONLY public."HT_FollowUpProgresses"
    ADD CONSTRAINT "HT_FollowUpProgresses_HTAssessmentId_fkey" FOREIGN KEY ("HTAssessmentId") REFERENCES public."HT_assessments"(id) ON UPDATE CASCADE ON DELETE SET NULL;


--
-- Name: HT_FollowUpProgresses HT_FollowUpProgresses_HTChoiceId_fkey; Type: FK CONSTRAINT; Schema: public; Owner: ht_db_user
--

ALTER TABLE ONLY public."HT_FollowUpProgresses"
    ADD CONSTRAINT "HT_FollowUpProgresses_HTChoiceId_fkey" FOREIGN KEY ("HTChoiceId") REFERENCES public."HT_choices"(id) ON UPDATE CASCADE ON DELETE SET NULL;


--
-- Name: HT_FollowUpProgresses HT_FollowUpProgresses_HTFollowUpStatusId_fkey; Type: FK CONSTRAINT; Schema: public; Owner: ht_db_user
--

ALTER TABLE ONLY public."HT_FollowUpProgresses"
    ADD CONSTRAINT "HT_FollowUpProgresses_HTFollowUpStatusId_fkey" FOREIGN KEY ("HTFollowUpStatusId") REFERENCES public."HT_FollowUpStatuses"(id) ON UPDATE CASCADE ON DELETE CASCADE;


--
-- Name: HT_FollowUpProgresses HT_FollowUpProgresses_HTFollowupStatusQuestionChoiceId_fkey; Type: FK CONSTRAINT; Schema: public; Owner: ht_db_user
--

ALTER TABLE ONLY public."HT_FollowUpProgresses"
    ADD CONSTRAINT "HT_FollowUpProgresses_HTFollowupStatusQuestionChoiceId_fkey" FOREIGN KEY ("HTFollowupStatusQuestionChoiceId") REFERENCES public."HT_FollowupStatusQuestionChoices"(id) ON UPDATE CASCADE ON DELETE CASCADE;


--
-- Name: HT_FollowUpProgresses HT_FollowUpProgresses_HTFollowupStatusQuestionId_fkey; Type: FK CONSTRAINT; Schema: public; Owner: ht_db_user
--

ALTER TABLE ONLY public."HT_FollowUpProgresses"
    ADD CONSTRAINT "HT_FollowUpProgresses_HTFollowupStatusQuestionId_fkey" FOREIGN KEY ("HTFollowupStatusQuestionId") REFERENCES public."HT_FollowupStatusQuestions"(id) ON UPDATE CASCADE ON DELETE CASCADE;


--
-- Name: HT_FollowUpProgresses HT_FollowUpProgresses_HTQuestionDomainId_fkey; Type: FK CONSTRAINT; Schema: public; Owner: ht_db_user
--

ALTER TABLE ONLY public."HT_FollowUpProgresses"
    ADD CONSTRAINT "HT_FollowUpProgresses_HTQuestionDomainId_fkey" FOREIGN KEY ("HTQuestionDomainId") REFERENCES public."HT_questionDomains"(id) ON UPDATE CASCADE ON DELETE SET NULL;


--
-- Name: HT_FollowUpProgresses HT_FollowUpProgresses_HTQuestionId_fkey; Type: FK CONSTRAINT; Schema: public; Owner: ht_db_user
--

ALTER TABLE ONLY public."HT_FollowUpProgresses"
    ADD CONSTRAINT "HT_FollowUpProgresses_HTQuestionId_fkey" FOREIGN KEY ("HTQuestionId") REFERENCES public."HT_questions"(id) ON UPDATE CASCADE ON DELETE SET NULL;


--
-- Name: HT_FollowupStatusQuestionChoices HT_FollowupStatusQuestionChoice_HTFollowupStatusQuestionId_fkey; Type: FK CONSTRAINT; Schema: public; Owner: ht_db_user
--

ALTER TABLE ONLY public."HT_FollowupStatusQuestionChoices"
    ADD CONSTRAINT "HT_FollowupStatusQuestionChoice_HTFollowupStatusQuestionId_fkey" FOREIGN KEY ("HTFollowupStatusQuestionId") REFERENCES public."HT_FollowupStatusQuestions"(id) ON UPDATE CASCADE ON DELETE SET NULL;


--
-- Name: HT_FollowupStatusQuestions HT_FollowupStatusQuestions_HTFollowUpStatusId_fkey; Type: FK CONSTRAINT; Schema: public; Owner: ht_db_user
--

ALTER TABLE ONLY public."HT_FollowupStatusQuestions"
    ADD CONSTRAINT "HT_FollowupStatusQuestions_HTFollowUpStatusId_fkey" FOREIGN KEY ("HTFollowUpStatusId") REFERENCES public."HT_FollowUpStatuses"(id) ON UPDATE CASCADE ON DELETE SET NULL;


--
-- Name: HT_IntegrationOptionLangMaps HT_IntegrationOptionLangMaps_HTLanguageId_fkey; Type: FK CONSTRAINT; Schema: public; Owner: ht_db_user
--

ALTER TABLE ONLY public."HT_IntegrationOptionLangMaps"
    ADD CONSTRAINT "HT_IntegrationOptionLangMaps_HTLanguageId_fkey" FOREIGN KEY ("HTLanguageId") REFERENCES public."HT_languages"(id) ON UPDATE CASCADE ON DELETE SET NULL;


--
-- Name: HT_IntegrationOptions HT_IntegrationOptions_HTFormId_fkey; Type: FK CONSTRAINT; Schema: public; Owner: ht_db_user
--

ALTER TABLE ONLY public."HT_IntegrationOptions"
    ADD CONSTRAINT "HT_IntegrationOptions_HTFormId_fkey" FOREIGN KEY ("HTFormId") REFERENCES public."HT_forms"(id) ON UPDATE CASCADE ON DELETE SET NULL;


--
-- Name: HT_InterventionFollowUps HT_InterventionFollowUps_HTAssessmentId_fkey; Type: FK CONSTRAINT; Schema: public; Owner: ht_db_user
--

ALTER TABLE ONLY public."HT_InterventionFollowUps"
    ADD CONSTRAINT "HT_InterventionFollowUps_HTAssessmentId_fkey" FOREIGN KEY ("HTAssessmentId") REFERENCES public."HT_assessments"(id) ON UPDATE CASCADE ON DELETE CASCADE;


--
-- Name: HT_InterventionFollowUps HT_InterventionFollowUps_HTQuestionDomainId_fkey; Type: FK CONSTRAINT; Schema: public; Owner: ht_db_user
--

ALTER TABLE ONLY public."HT_InterventionFollowUps"
    ADD CONSTRAINT "HT_InterventionFollowUps_HTQuestionDomainId_fkey" FOREIGN KEY ("HTQuestionDomainId") REFERENCES public."HT_questionDomains"(id) ON UPDATE CASCADE ON DELETE CASCADE;


--
-- Name: HT_InterventionFollowUps HT_InterventionFollowUps_HTQuestionId_fkey; Type: FK CONSTRAINT; Schema: public; Owner: ht_db_user
--

ALTER TABLE ONLY public."HT_InterventionFollowUps"
    ADD CONSTRAINT "HT_InterventionFollowUps_HTQuestionId_fkey" FOREIGN KEY ("HTQuestionId") REFERENCES public."HT_questions"(id) ON UPDATE CASCADE ON DELETE CASCADE;


--
-- Name: HT_UserSocketConnectionMappings HT_UserSocketConnectionMappings_HTUserId_fkey; Type: FK CONSTRAINT; Schema: public; Owner: ht_db_user
--

ALTER TABLE ONLY public."HT_UserSocketConnectionMappings"
    ADD CONSTRAINT "HT_UserSocketConnectionMappings_HTUserId_fkey" FOREIGN KEY ("HTUserId") REFERENCES public."HT_users"(id) ON UPDATE CASCADE ON DELETE SET NULL;


--
-- Name: HT_accountLinkings HT_accountLinkings_AccountId_fkey; Type: FK CONSTRAINT; Schema: public; Owner: ht_db_user
--

ALTER TABLE ONLY public."HT_accountLinkings"
    ADD CONSTRAINT "HT_accountLinkings_AccountId_fkey" FOREIGN KEY ("AccountId") REFERENCES public."HT_accounts"(id) ON UPDATE CASCADE ON DELETE SET NULL;


--
-- Name: HT_accountLinkings HT_accountLinkings_HTAccountId_fkey; Type: FK CONSTRAINT; Schema: public; Owner: ht_db_user
--

ALTER TABLE ONLY public."HT_accountLinkings"
    ADD CONSTRAINT "HT_accountLinkings_HTAccountId_fkey" FOREIGN KEY ("HTAccountId") REFERENCES public."HT_accounts"(id) ON UPDATE CASCADE ON DELETE SET NULL;


--
-- Name: HT_accountLinkings HT_accountLinkings_LinkedAccountId_fkey; Type: FK CONSTRAINT; Schema: public; Owner: ht_db_user
--

ALTER TABLE ONLY public."HT_accountLinkings"
    ADD CONSTRAINT "HT_accountLinkings_LinkedAccountId_fkey" FOREIGN KEY ("LinkedAccountId") REFERENCES public."HT_accounts"(id) ON UPDATE CASCADE ON DELETE SET NULL;


--
-- Name: HT_accounts HT_accounts_HTAccountTypeId_fkey; Type: FK CONSTRAINT; Schema: public; Owner: ht_db_user
--

ALTER TABLE ONLY public."HT_accounts"
    ADD CONSTRAINT "HT_accounts_HTAccountTypeId_fkey" FOREIGN KEY ("HTAccountTypeId") REFERENCES public."HT_accountTypes"(id) ON UPDATE CASCADE ON DELETE SET NULL;


--
-- Name: HT_accounts HT_accounts_HTCountryId_fkey; Type: FK CONSTRAINT; Schema: public; Owner: ht_db_user
--

ALTER TABLE ONLY public."HT_accounts"
    ADD CONSTRAINT "HT_accounts_HTCountryId_fkey" FOREIGN KEY ("HTCountryId") REFERENCES public."HT_countries"(id) ON UPDATE CASCADE ON DELETE SET NULL;


--
-- Name: HT_accounts HT_accounts_HTDistrictId_fkey; Type: FK CONSTRAINT; Schema: public; Owner: ht_db_user
--

ALTER TABLE ONLY public."HT_accounts"
    ADD CONSTRAINT "HT_accounts_HTDistrictId_fkey" FOREIGN KEY ("HTDistrictId") REFERENCES public."HT_districts"(id) ON UPDATE CASCADE ON DELETE SET NULL;


--
-- Name: HT_accounts HT_accounts_HTStateId_fkey; Type: FK CONSTRAINT; Schema: public; Owner: ht_db_user
--

ALTER TABLE ONLY public."HT_accounts"
    ADD CONSTRAINT "HT_accounts_HTStateId_fkey" FOREIGN KEY ("HTStateId") REFERENCES public."HT_states"(id) ON UPDATE CASCADE ON DELETE SET NULL;


--
-- Name: HT_acntTypLangMaps HT_acntTypLangMaps_HTAccountTypeId_fkey; Type: FK CONSTRAINT; Schema: public; Owner: ht_db_user
--

ALTER TABLE ONLY public."HT_acntTypLangMaps"
    ADD CONSTRAINT "HT_acntTypLangMaps_HTAccountTypeId_fkey" FOREIGN KEY ("HTAccountTypeId") REFERENCES public."HT_accountTypes"(id) ON UPDATE CASCADE ON DELETE SET NULL;


--
-- Name: HT_acntTypLangMaps HT_acntTypLangMaps_HTLanguageId_fkey; Type: FK CONSTRAINT; Schema: public; Owner: ht_db_user
--

ALTER TABLE ONLY public."HT_acntTypLangMaps"
    ADD CONSTRAINT "HT_acntTypLangMaps_HTLanguageId_fkey" FOREIGN KEY ("HTLanguageId") REFERENCES public."HT_languages"(id) ON UPDATE CASCADE ON DELETE SET NULL;


--
-- Name: HT_assessmentImages HT_assessmentImages_HTAssessmentId_fkey; Type: FK CONSTRAINT; Schema: public; Owner: ht_db_user
--

ALTER TABLE ONLY public."HT_assessmentImages"
    ADD CONSTRAINT "HT_assessmentImages_HTAssessmentId_fkey" FOREIGN KEY ("HTAssessmentId") REFERENCES public."HT_assessments"(id) ON UPDATE CASCADE ON DELETE SET NULL;


--
-- Name: HT_assessmentIntegrationOptionMappings HT_assessmentIntegrationOptionMappings_HTAssessmentId_fkey; Type: FK CONSTRAINT; Schema: public; Owner: ht_db_user
--

ALTER TABLE ONLY public."HT_assessmentIntegrationOptionMappings"
    ADD CONSTRAINT "HT_assessmentIntegrationOptionMappings_HTAssessmentId_fkey" FOREIGN KEY ("HTAssessmentId") REFERENCES public."HT_assessments"(id) ON UPDATE CASCADE ON DELETE CASCADE;


--
-- Name: HT_assessmentInterventionTextResponses HT_assessmentInterventionTextResponses_HTAssessmentId_fkey; Type: FK CONSTRAINT; Schema: public; Owner: ht_db_user
--

ALTER TABLE ONLY public."HT_assessmentInterventionTextResponses"
    ADD CONSTRAINT "HT_assessmentInterventionTextResponses_HTAssessmentId_fkey" FOREIGN KEY ("HTAssessmentId") REFERENCES public."HT_assessments"(id) ON UPDATE CASCADE ON DELETE SET NULL;


--
-- Name: HT_assessmentInterventionTextResponses HT_assessmentInterventionTextResponses_HTQuestionId_fkey; Type: FK CONSTRAINT; Schema: public; Owner: ht_db_user
--

ALTER TABLE ONLY public."HT_assessmentInterventionTextResponses"
    ADD CONSTRAINT "HT_assessmentInterventionTextResponses_HTQuestionId_fkey" FOREIGN KEY ("HTQuestionId") REFERENCES public."HT_questions"(id) ON UPDATE CASCADE ON DELETE SET NULL;


--
-- Name: HT_assessmentScores HT_assessmentScores_HTAssessmentId_fkey; Type: FK CONSTRAINT; Schema: public; Owner: ht_db_user
--

ALTER TABLE ONLY public."HT_assessmentScores"
    ADD CONSTRAINT "HT_assessmentScores_HTAssessmentId_fkey" FOREIGN KEY ("HTAssessmentId") REFERENCES public."HT_assessments"(id) ON UPDATE CASCADE ON DELETE SET NULL;


--
-- Name: HT_assessmentScores HT_assessmentScores_HTQuestionDomainId_fkey; Type: FK CONSTRAINT; Schema: public; Owner: ht_db_user
--

ALTER TABLE ONLY public."HT_assessmentScores"
    ADD CONSTRAINT "HT_assessmentScores_HTQuestionDomainId_fkey" FOREIGN KEY ("HTQuestionDomainId") REFERENCES public."HT_questionDomains"(id) ON UPDATE CASCADE ON DELETE SET NULL;


--
-- Name: HT_assessments HT_assessments_HTAssessmentReintegrationTypeId_fkey; Type: FK CONSTRAINT; Schema: public; Owner: ht_db_user
--

ALTER TABLE ONLY public."HT_assessments"
    ADD CONSTRAINT "HT_assessments_HTAssessmentReintegrationTypeId_fkey" FOREIGN KEY ("HTAssessmentReintegrationTypeId") REFERENCES public."HT_assessmentReintegrationTypes"(id) ON UPDATE CASCADE ON DELETE SET NULL;


--
-- Name: HT_assessments HT_assessments_HTAssessmentVisitTypeId_fkey; Type: FK CONSTRAINT; Schema: public; Owner: ht_db_user
--

ALTER TABLE ONLY public."HT_assessments"
    ADD CONSTRAINT "HT_assessments_HTAssessmentVisitTypeId_fkey" FOREIGN KEY ("HTAssessmentVisitTypeId") REFERENCES public."HT_assessmentVisitTypes"(id) ON UPDATE CASCADE ON DELETE SET NULL;


--
-- Name: HT_assessments HT_assessments_HTCaseId_fkey; Type: FK CONSTRAINT; Schema: public; Owner: ht_db_user
--

ALTER TABLE ONLY public."HT_assessments"
    ADD CONSTRAINT "HT_assessments_HTCaseId_fkey" FOREIGN KEY ("HTCaseId") REFERENCES public."HT_cases"(id) ON UPDATE CASCADE ON DELETE SET NULL;


--
-- Name: HT_assessments HT_assessments_HTFormId_fkey; Type: FK CONSTRAINT; Schema: public; Owner: ht_db_user
--

ALTER TABLE ONLY public."HT_assessments"
    ADD CONSTRAINT "HT_assessments_HTFormId_fkey" FOREIGN KEY ("HTFormId") REFERENCES public."HT_forms"(id) ON UPDATE CASCADE ON DELETE SET NULL;


--
-- Name: HT_assmntReintegrationTypeLangMaps HT_assmntReintegrationTypeLan_HTAssessmentReintegrationTyp_fkey; Type: FK CONSTRAINT; Schema: public; Owner: ht_db_user
--

ALTER TABLE ONLY public."HT_assmntReintegrationTypeLangMaps"
    ADD CONSTRAINT "HT_assmntReintegrationTypeLan_HTAssessmentReintegrationTyp_fkey" FOREIGN KEY ("HTAssessmentReintegrationTypeId") REFERENCES public."HT_assessmentReintegrationTypes"(id) ON UPDATE CASCADE ON DELETE SET NULL;


--
-- Name: HT_assmntReintegrationTypeLangMaps HT_assmntReintegrationTypeLangMaps_HTLanguageId_fkey; Type: FK CONSTRAINT; Schema: public; Owner: ht_db_user
--

ALTER TABLE ONLY public."HT_assmntReintegrationTypeLangMaps"
    ADD CONSTRAINT "HT_assmntReintegrationTypeLangMaps_HTLanguageId_fkey" FOREIGN KEY ("HTLanguageId") REFERENCES public."HT_languages"(id) ON UPDATE CASCADE ON DELETE SET NULL;


--
-- Name: HT_assmntVisitTypeLangMaps HT_assmntVisitTypeLangMaps_HTAssessmentVisitTypeId_fkey; Type: FK CONSTRAINT; Schema: public; Owner: ht_db_user
--

ALTER TABLE ONLY public."HT_assmntVisitTypeLangMaps"
    ADD CONSTRAINT "HT_assmntVisitTypeLangMaps_HTAssessmentVisitTypeId_fkey" FOREIGN KEY ("HTAssessmentVisitTypeId") REFERENCES public."HT_assessmentVisitTypes"(id) ON UPDATE CASCADE ON DELETE SET NULL;


--
-- Name: HT_assmntVisitTypeLangMaps HT_assmntVisitTypeLangMaps_HTLanguageId_fkey; Type: FK CONSTRAINT; Schema: public; Owner: ht_db_user
--

ALTER TABLE ONLY public."HT_assmntVisitTypeLangMaps"
    ADD CONSTRAINT "HT_assmntVisitTypeLangMaps_HTLanguageId_fkey" FOREIGN KEY ("HTLanguageId") REFERENCES public."HT_languages"(id) ON UPDATE CASCADE ON DELETE SET NULL;


--
-- Name: HT_auditLogs HT_auditLogs_HTAccountId_fkey; Type: FK CONSTRAINT; Schema: public; Owner: ht_db_user
--

ALTER TABLE ONLY public."HT_auditLogs"
    ADD CONSTRAINT "HT_auditLogs_HTAccountId_fkey" FOREIGN KEY ("HTAccountId") REFERENCES public."HT_accounts"(id) ON UPDATE CASCADE ON DELETE SET NULL;


--
-- Name: HT_auditLogs HT_auditLogs_HTAssessmentId_fkey; Type: FK CONSTRAINT; Schema: public; Owner: ht_db_user
--

ALTER TABLE ONLY public."HT_auditLogs"
    ADD CONSTRAINT "HT_auditLogs_HTAssessmentId_fkey" FOREIGN KEY ("HTAssessmentId") REFERENCES public."HT_assessments"(id) ON UPDATE CASCADE ON DELETE SET NULL;


--
-- Name: HT_auditLogs HT_auditLogs_HTCaseId_fkey; Type: FK CONSTRAINT; Schema: public; Owner: ht_db_user
--

ALTER TABLE ONLY public."HT_auditLogs"
    ADD CONSTRAINT "HT_auditLogs_HTCaseId_fkey" FOREIGN KEY ("HTCaseId") REFERENCES public."HT_cases"(id) ON UPDATE CASCADE ON DELETE SET NULL;


--
-- Name: HT_auditLogs HT_auditLogs_HTChildId_fkey; Type: FK CONSTRAINT; Schema: public; Owner: ht_db_user
--

ALTER TABLE ONLY public."HT_auditLogs"
    ADD CONSTRAINT "HT_auditLogs_HTChildId_fkey" FOREIGN KEY ("HTChildId") REFERENCES public."HT_children"(id) ON UPDATE CASCADE ON DELETE SET NULL;


--
-- Name: HT_auditLogs HT_auditLogs_HTFamilyId_fkey; Type: FK CONSTRAINT; Schema: public; Owner: ht_db_user
--

ALTER TABLE ONLY public."HT_auditLogs"
    ADD CONSTRAINT "HT_auditLogs_HTFamilyId_fkey" FOREIGN KEY ("HTFamilyId") REFERENCES public."HT_families"(id) ON UPDATE CASCADE ON DELETE SET NULL;


--
-- Name: HT_auditLogs HT_auditLogs_HTFamilyMemberId_fkey; Type: FK CONSTRAINT; Schema: public; Owner: ht_db_user
--

ALTER TABLE ONLY public."HT_auditLogs"
    ADD CONSTRAINT "HT_auditLogs_HTFamilyMemberId_fkey" FOREIGN KEY ("HTFamilyMemberId") REFERENCES public."HT_familyMembers"(id) ON UPDATE CASCADE ON DELETE SET NULL;


--
-- Name: HT_auditLogs HT_auditLogs_HTUserId_fkey; Type: FK CONSTRAINT; Schema: public; Owner: ht_db_user
--

ALTER TABLE ONLY public."HT_auditLogs"
    ADD CONSTRAINT "HT_auditLogs_HTUserId_fkey" FOREIGN KEY ("HTUserId") REFERENCES public."HT_users"(id) ON UPDATE CASCADE ON DELETE SET NULL;


--
-- Name: HT_auditLogs HT_auditLogs_updatedUserId_fkey; Type: FK CONSTRAINT; Schema: public; Owner: ht_db_user
--

ALTER TABLE ONLY public."HT_auditLogs"
    ADD CONSTRAINT "HT_auditLogs_updatedUserId_fkey" FOREIGN KEY ("updatedUserId") REFERENCES public."HT_users"(id) ON UPDATE CASCADE ON DELETE SET NULL;


--
-- Name: HT_cases HT_cases_HTChildId_fkey; Type: FK CONSTRAINT; Schema: public; Owner: ht_db_user
--

ALTER TABLE ONLY public."HT_cases"
    ADD CONSTRAINT "HT_cases_HTChildId_fkey" FOREIGN KEY ("HTChildId") REFERENCES public."HT_children"(id) ON UPDATE CASCADE ON DELETE SET NULL;


--
-- Name: HT_cases HT_cases_HTUserId_fkey; Type: FK CONSTRAINT; Schema: public; Owner: ht_db_user
--

ALTER TABLE ONLY public."HT_cases"
    ADD CONSTRAINT "HT_cases_HTUserId_fkey" FOREIGN KEY ("HTUserId") REFERENCES public."HT_users"(id) ON UPDATE CASCADE ON DELETE SET NULL;


--
-- Name: HT_childCareGiverMappings HT_childCareGiverMappings_HTChildId_fkey; Type: FK CONSTRAINT; Schema: public; Owner: ht_db_user
--

ALTER TABLE ONLY public."HT_childCareGiverMappings"
    ADD CONSTRAINT "HT_childCareGiverMappings_HTChildId_fkey" FOREIGN KEY ("HTChildId") REFERENCES public."HT_children"(id) ON UPDATE CASCADE ON DELETE CASCADE;


--
-- Name: HT_childCareGiverMappings HT_childCareGiverMappings_HTFamilyMemberId_fkey; Type: FK CONSTRAINT; Schema: public; Owner: ht_db_user
--

ALTER TABLE ONLY public."HT_childCareGiverMappings"
    ADD CONSTRAINT "HT_childCareGiverMappings_HTFamilyMemberId_fkey" FOREIGN KEY ("HTFamilyMemberId") REFERENCES public."HT_familyMembers"(id) ON UPDATE CASCADE ON DELETE CASCADE;


--
-- Name: HT_childConsentLangMaps HT_childConsentLangMaps_HTLanguageId_fkey; Type: FK CONSTRAINT; Schema: public; Owner: ht_db_user
--

ALTER TABLE ONLY public."HT_childConsentLangMaps"
    ADD CONSTRAINT "HT_childConsentLangMaps_HTLanguageId_fkey" FOREIGN KEY ("HTLanguageId") REFERENCES public."HT_languages"(id) ON UPDATE CASCADE ON DELETE SET NULL;


--
-- Name: HT_childConsents HT_childConsents_HTChildId_fkey; Type: FK CONSTRAINT; Schema: public; Owner: ht_db_user
--

ALTER TABLE ONLY public."HT_childConsents"
    ADD CONSTRAINT "HT_childConsents_HTChildId_fkey" FOREIGN KEY ("HTChildId") REFERENCES public."HT_children"(id) ON UPDATE CASCADE ON DELETE SET NULL;


--
-- Name: HT_childConsents HT_childConsents_HTFamilyRelationId_fkey; Type: FK CONSTRAINT; Schema: public; Owner: ht_db_user
--

ALTER TABLE ONLY public."HT_childConsents"
    ADD CONSTRAINT "HT_childConsents_HTFamilyRelationId_fkey" FOREIGN KEY ("HTFamilyRelationId") REFERENCES public."HT_familyRelations"(id) ON UPDATE CASCADE ON DELETE SET NULL;


--
-- Name: HT_childConsents HT_childConsents_HTUserId_fkey; Type: FK CONSTRAINT; Schema: public; Owner: ht_db_user
--

ALTER TABLE ONLY public."HT_childConsents"
    ADD CONSTRAINT "HT_childConsents_HTUserId_fkey" FOREIGN KEY ("HTUserId") REFERENCES public."HT_users"(id) ON UPDATE CASCADE ON DELETE SET NULL;


--
-- Name: HT_childHistories HT_childHistories_HTChildId_fkey; Type: FK CONSTRAINT; Schema: public; Owner: ht_db_user
--

ALTER TABLE ONLY public."HT_childHistories"
    ADD CONSTRAINT "HT_childHistories_HTChildId_fkey" FOREIGN KEY ("HTChildId") REFERENCES public."HT_children"(id) ON UPDATE CASCADE ON DELETE SET NULL;


--
-- Name: HT_childHistories HT_childHistories_HTFamilyId_fkey; Type: FK CONSTRAINT; Schema: public; Owner: ht_db_user
--

ALTER TABLE ONLY public."HT_childHistories"
    ADD CONSTRAINT "HT_childHistories_HTFamilyId_fkey" FOREIGN KEY ("HTFamilyId") REFERENCES public."HT_families"(id) ON UPDATE CASCADE ON DELETE SET NULL;


--
-- Name: HT_childHistories HT_childHistories_HTFamilyMemberId_fkey; Type: FK CONSTRAINT; Schema: public; Owner: ht_db_user
--

ALTER TABLE ONLY public."HT_childHistories"
    ADD CONSTRAINT "HT_childHistories_HTFamilyMemberId_fkey" FOREIGN KEY ("HTFamilyMemberId") REFERENCES public."HT_familyMembers"(id) ON UPDATE CASCADE ON DELETE SET NULL;


--
-- Name: HT_children HT_children_HTAccountId_fkey; Type: FK CONSTRAINT; Schema: public; Owner: ht_db_user
--

ALTER TABLE ONLY public."HT_children"
    ADD CONSTRAINT "HT_children_HTAccountId_fkey" FOREIGN KEY ("HTAccountId") REFERENCES public."HT_accounts"(id) ON UPDATE CASCADE ON DELETE SET NULL;


--
-- Name: HT_children HT_children_HTChildCurrentPlacementStatusId_fkey; Type: FK CONSTRAINT; Schema: public; Owner: ht_db_user
--

ALTER TABLE ONLY public."HT_children"
    ADD CONSTRAINT "HT_children_HTChildCurrentPlacementStatusId_fkey" FOREIGN KEY ("HTChildCurrentPlacementStatusId") REFERENCES public."HT_childCurrentPlacementStatuses"(id) ON UPDATE CASCADE ON DELETE SET NULL;


--
-- Name: HT_children HT_children_HTChildEducationLevelId_fkey; Type: FK CONSTRAINT; Schema: public; Owner: ht_db_user
--

ALTER TABLE ONLY public."HT_children"
    ADD CONSTRAINT "HT_children_HTChildEducationLevelId_fkey" FOREIGN KEY ("HTChildEducationLevelId") REFERENCES public."HT_childEducationLevels"(id) ON UPDATE CASCADE ON DELETE SET NULL;


--
-- Name: HT_children HT_children_HTChildPlacementStatusId_fkey; Type: FK CONSTRAINT; Schema: public; Owner: ht_db_user
--

ALTER TABLE ONLY public."HT_children"
    ADD CONSTRAINT "HT_children_HTChildPlacementStatusId_fkey" FOREIGN KEY ("HTChildPlacementStatusId") REFERENCES public."HT_childPlacementStatuses"(id) ON UPDATE CASCADE ON DELETE SET NULL;


--
-- Name: HT_children HT_children_HTChildStatusId_fkey; Type: FK CONSTRAINT; Schema: public; Owner: ht_db_user
--

ALTER TABLE ONLY public."HT_children"
    ADD CONSTRAINT "HT_children_HTChildStatusId_fkey" FOREIGN KEY ("HTChildStatusId") REFERENCES public."HT_childStatuses"(id) ON UPDATE CASCADE ON DELETE SET NULL;


--
-- Name: HT_children HT_children_HTCountryId_fkey; Type: FK CONSTRAINT; Schema: public; Owner: ht_db_user
--

ALTER TABLE ONLY public."HT_children"
    ADD CONSTRAINT "HT_children_HTCountryId_fkey" FOREIGN KEY ("HTCountryId") REFERENCES public."HT_countries"(id) ON UPDATE CASCADE ON DELETE SET NULL;


--
-- Name: HT_children HT_children_HTDistrictId_fkey; Type: FK CONSTRAINT; Schema: public; Owner: ht_db_user
--

ALTER TABLE ONLY public."HT_children"
    ADD CONSTRAINT "HT_children_HTDistrictId_fkey" FOREIGN KEY ("HTDistrictId") REFERENCES public."HT_districts"(id) ON UPDATE CASCADE ON DELETE SET NULL;


--
-- Name: HT_children HT_children_HTFamilyId_fkey; Type: FK CONSTRAINT; Schema: public; Owner: ht_db_user
--

ALTER TABLE ONLY public."HT_children"
    ADD CONSTRAINT "HT_children_HTFamilyId_fkey" FOREIGN KEY ("HTFamilyId") REFERENCES public."HT_families"(id) ON UPDATE CASCADE ON DELETE CASCADE;


--
-- Name: HT_children HT_children_HTLanguageId_fkey; Type: FK CONSTRAINT; Schema: public; Owner: ht_db_user
--

ALTER TABLE ONLY public."HT_children"
    ADD CONSTRAINT "HT_children_HTLanguageId_fkey" FOREIGN KEY ("HTLanguageId") REFERENCES public."HT_languages"(id) ON UPDATE CASCADE ON DELETE SET NULL;


--
-- Name: HT_children HT_children_HTStateId_fkey; Type: FK CONSTRAINT; Schema: public; Owner: ht_db_user
--

ALTER TABLE ONLY public."HT_children"
    ADD CONSTRAINT "HT_children_HTStateId_fkey" FOREIGN KEY ("HTStateId") REFERENCES public."HT_states"(id) ON UPDATE CASCADE ON DELETE SET NULL;


--
-- Name: HT_chldCurntPlmtStsLangMaps HT_chldCurntPlmtStsLangMaps_HTChildCurrentPlacementStatusI_fkey; Type: FK CONSTRAINT; Schema: public; Owner: ht_db_user
--

ALTER TABLE ONLY public."HT_chldCurntPlmtStsLangMaps"
    ADD CONSTRAINT "HT_chldCurntPlmtStsLangMaps_HTChildCurrentPlacementStatusI_fkey" FOREIGN KEY ("HTChildCurrentPlacementStatusId") REFERENCES public."HT_childCurrentPlacementStatuses"(id) ON UPDATE CASCADE ON DELETE SET NULL;


--
-- Name: HT_chldCurntPlmtStsLangMaps HT_chldCurntPlmtStsLangMaps_HTLanguageId_fkey; Type: FK CONSTRAINT; Schema: public; Owner: ht_db_user
--

ALTER TABLE ONLY public."HT_chldCurntPlmtStsLangMaps"
    ADD CONSTRAINT "HT_chldCurntPlmtStsLangMaps_HTLanguageId_fkey" FOREIGN KEY ("HTLanguageId") REFERENCES public."HT_languages"(id) ON UPDATE CASCADE ON DELETE SET NULL;


--
-- Name: HT_chldEdnLvlLangMaps HT_chldEdnLvlLangMaps_HTChildEducationLevelId_fkey; Type: FK CONSTRAINT; Schema: public; Owner: ht_db_user
--

ALTER TABLE ONLY public."HT_chldEdnLvlLangMaps"
    ADD CONSTRAINT "HT_chldEdnLvlLangMaps_HTChildEducationLevelId_fkey" FOREIGN KEY ("HTChildEducationLevelId") REFERENCES public."HT_childEducationLevels"(id) ON UPDATE CASCADE ON DELETE SET NULL;


--
-- Name: HT_chldEdnLvlLangMaps HT_chldEdnLvlLangMaps_HTLanguageId_fkey; Type: FK CONSTRAINT; Schema: public; Owner: ht_db_user
--

ALTER TABLE ONLY public."HT_chldEdnLvlLangMaps"
    ADD CONSTRAINT "HT_chldEdnLvlLangMaps_HTLanguageId_fkey" FOREIGN KEY ("HTLanguageId") REFERENCES public."HT_languages"(id) ON UPDATE CASCADE ON DELETE SET NULL;


--
-- Name: HT_chldPlmtStsLangMaps HT_chldPlmtStsLangMaps_HTChildPlacementStatusId_fkey; Type: FK CONSTRAINT; Schema: public; Owner: ht_db_user
--

ALTER TABLE ONLY public."HT_chldPlmtStsLangMaps"
    ADD CONSTRAINT "HT_chldPlmtStsLangMaps_HTChildPlacementStatusId_fkey" FOREIGN KEY ("HTChildPlacementStatusId") REFERENCES public."HT_childPlacementStatuses"(id) ON UPDATE CASCADE ON DELETE SET NULL;


--
-- Name: HT_chldPlmtStsLangMaps HT_chldPlmtStsLangMaps_HTLanguageId_fkey; Type: FK CONSTRAINT; Schema: public; Owner: ht_db_user
--

ALTER TABLE ONLY public."HT_chldPlmtStsLangMaps"
    ADD CONSTRAINT "HT_chldPlmtStsLangMaps_HTLanguageId_fkey" FOREIGN KEY ("HTLanguageId") REFERENCES public."HT_languages"(id) ON UPDATE CASCADE ON DELETE SET NULL;


--
-- Name: HT_chldStsLangMaps HT_chldStsLangMaps_HTChildStatusId_fkey; Type: FK CONSTRAINT; Schema: public; Owner: ht_db_user
--

ALTER TABLE ONLY public."HT_chldStsLangMaps"
    ADD CONSTRAINT "HT_chldStsLangMaps_HTChildStatusId_fkey" FOREIGN KEY ("HTChildStatusId") REFERENCES public."HT_childStatuses"(id) ON UPDATE CASCADE ON DELETE SET NULL;


--
-- Name: HT_chldStsLangMaps HT_chldStsLangMaps_HTLanguageId_fkey; Type: FK CONSTRAINT; Schema: public; Owner: ht_db_user
--

ALTER TABLE ONLY public."HT_chldStsLangMaps"
    ADD CONSTRAINT "HT_chldStsLangMaps_HTLanguageId_fkey" FOREIGN KEY ("HTLanguageId") REFERENCES public."HT_languages"(id) ON UPDATE CASCADE ON DELETE SET NULL;


--
-- Name: HT_choiceLangMaps HT_choiceLangMaps_HTChoiceId_fkey; Type: FK CONSTRAINT; Schema: public; Owner: ht_db_user
--

ALTER TABLE ONLY public."HT_choiceLangMaps"
    ADD CONSTRAINT "HT_choiceLangMaps_HTChoiceId_fkey" FOREIGN KEY ("HTChoiceId") REFERENCES public."HT_choices"(id) ON UPDATE CASCADE ON DELETE SET NULL;


--
-- Name: HT_choiceLangMaps HT_choiceLangMaps_HTLanguageId_fkey; Type: FK CONSTRAINT; Schema: public; Owner: ht_db_user
--

ALTER TABLE ONLY public."HT_choiceLangMaps"
    ADD CONSTRAINT "HT_choiceLangMaps_HTLanguageId_fkey" FOREIGN KEY ("HTLanguageId") REFERENCES public."HT_languages"(id) ON UPDATE CASCADE ON DELETE SET NULL;


--
-- Name: HT_choices HT_choices_HTQuestionDomainId_fkey; Type: FK CONSTRAINT; Schema: public; Owner: ht_db_user
--

ALTER TABLE ONLY public."HT_choices"
    ADD CONSTRAINT "HT_choices_HTQuestionDomainId_fkey" FOREIGN KEY ("HTQuestionDomainId") REFERENCES public."HT_questionDomains"(id) ON UPDATE CASCADE ON DELETE SET NULL;


--
-- Name: HT_choices HT_choices_HTQuestionId_fkey; Type: FK CONSTRAINT; Schema: public; Owner: ht_db_user
--

ALTER TABLE ONLY public."HT_choices"
    ADD CONSTRAINT "HT_choices_HTQuestionId_fkey" FOREIGN KEY ("HTQuestionId") REFERENCES public."HT_questions"(id) NOT VALID;


--
-- Name: HT_choices HT_choices_HTQuestionTypeId_fkey; Type: FK CONSTRAINT; Schema: public; Owner: ht_db_user
--

ALTER TABLE ONLY public."HT_choices"
    ADD CONSTRAINT "HT_choices_HTQuestionTypeId_fkey" FOREIGN KEY ("HTQuestionTypeId") REFERENCES public."HT_questionTypes"(id) ON UPDATE CASCADE ON DELETE SET NULL;


--
-- Name: HT_countryLangMaps HT_countryLangMaps_HTCountryId_fkey; Type: FK CONSTRAINT; Schema: public; Owner: ht_db_user
--

ALTER TABLE ONLY public."HT_countryLangMaps"
    ADD CONSTRAINT "HT_countryLangMaps_HTCountryId_fkey" FOREIGN KEY ("HTCountryId") REFERENCES public."HT_countries"(id) ON UPDATE CASCADE ON DELETE SET NULL;


--
-- Name: HT_countryLangMaps HT_countryLangMaps_HTLanguageId_fkey; Type: FK CONSTRAINT; Schema: public; Owner: ht_db_user
--

ALTER TABLE ONLY public."HT_countryLangMaps"
    ADD CONSTRAINT "HT_countryLangMaps_HTLanguageId_fkey" FOREIGN KEY ("HTLanguageId") REFERENCES public."HT_languages"(id) ON UPDATE CASCADE ON DELETE SET NULL;


--
-- Name: HT_deviceDetails HT_deviceDetails_HTUserId_fkey; Type: FK CONSTRAINT; Schema: public; Owner: ht_db_user
--

ALTER TABLE ONLY public."HT_deviceDetails"
    ADD CONSTRAINT "HT_deviceDetails_HTUserId_fkey" FOREIGN KEY ("HTUserId") REFERENCES public."HT_users"(id) ON UPDATE CASCADE ON DELETE SET NULL;


--
-- Name: HT_districtLangMaps HT_districtLangMaps_HTDistrictId_fkey; Type: FK CONSTRAINT; Schema: public; Owner: ht_db_user
--

ALTER TABLE ONLY public."HT_districtLangMaps"
    ADD CONSTRAINT "HT_districtLangMaps_HTDistrictId_fkey" FOREIGN KEY ("HTDistrictId") REFERENCES public."HT_districts"(id) ON UPDATE CASCADE ON DELETE SET NULL;


--
-- Name: HT_districtLangMaps HT_districtLangMaps_HTLanguageId_fkey; Type: FK CONSTRAINT; Schema: public; Owner: ht_db_user
--

ALTER TABLE ONLY public."HT_districtLangMaps"
    ADD CONSTRAINT "HT_districtLangMaps_HTLanguageId_fkey" FOREIGN KEY ("HTLanguageId") REFERENCES public."HT_languages"(id) ON UPDATE CASCADE ON DELETE SET NULL;


--
-- Name: HT_districts HT_districts_HTStateId_fkey; Type: FK CONSTRAINT; Schema: public; Owner: ht_db_user
--

ALTER TABLE ONLY public."HT_districts"
    ADD CONSTRAINT "HT_districts_HTStateId_fkey" FOREIGN KEY ("HTStateId") REFERENCES public."HT_states"(id) ON UPDATE CASCADE ON DELETE SET NULL;


--
-- Name: HT_events HT_events_HTChildId_fkey; Type: FK CONSTRAINT; Schema: public; Owner: ht_db_user
--

ALTER TABLE ONLY public."HT_events"
    ADD CONSTRAINT "HT_events_HTChildId_fkey" FOREIGN KEY ("HTChildId") REFERENCES public."HT_children"(id) ON UPDATE CASCADE ON DELETE SET NULL;


--
-- Name: HT_events HT_events_HTEventId_fkey; Type: FK CONSTRAINT; Schema: public; Owner: ht_db_user
--

ALTER TABLE ONLY public."HT_events"
    ADD CONSTRAINT "HT_events_HTEventId_fkey" FOREIGN KEY ("HTEventId") REFERENCES public."HT_events"(id) ON UPDATE CASCADE ON DELETE SET NULL;


--
-- Name: HT_events HT_events_HTUserId_fkey; Type: FK CONSTRAINT; Schema: public; Owner: ht_db_user
--

ALTER TABLE ONLY public."HT_events"
    ADD CONSTRAINT "HT_events_HTUserId_fkey" FOREIGN KEY ("HTUserId") REFERENCES public."HT_users"(id) ON UPDATE CASCADE ON DELETE SET NULL;


--
-- Name: HT_families HT_families_HTCountryId_fkey; Type: FK CONSTRAINT; Schema: public; Owner: ht_db_user
--

ALTER TABLE ONLY public."HT_families"
    ADD CONSTRAINT "HT_families_HTCountryId_fkey" FOREIGN KEY ("HTCountryId") REFERENCES public."HT_countries"(id) ON UPDATE CASCADE ON DELETE SET NULL;


--
-- Name: HT_families HT_families_HTDistrictId_fkey; Type: FK CONSTRAINT; Schema: public; Owner: ht_db_user
--

ALTER TABLE ONLY public."HT_families"
    ADD CONSTRAINT "HT_families_HTDistrictId_fkey" FOREIGN KEY ("HTDistrictId") REFERENCES public."HT_districts"(id) ON UPDATE CASCADE ON DELETE SET NULL;


--
-- Name: HT_families HT_families_HTLanguageId_fkey; Type: FK CONSTRAINT; Schema: public; Owner: ht_db_user
--

ALTER TABLE ONLY public."HT_families"
    ADD CONSTRAINT "HT_families_HTLanguageId_fkey" FOREIGN KEY ("HTLanguageId") REFERENCES public."HT_languages"(id) ON UPDATE CASCADE ON DELETE SET NULL;


--
-- Name: HT_families HT_families_HTStateId_fkey; Type: FK CONSTRAINT; Schema: public; Owner: ht_db_user
--

ALTER TABLE ONLY public."HT_families"
    ADD CONSTRAINT "HT_families_HTStateId_fkey" FOREIGN KEY ("HTStateId") REFERENCES public."HT_states"(id) ON UPDATE CASCADE ON DELETE SET NULL;


--
-- Name: HT_familyMemTypeLangMaps HT_familyMemTypeLangMaps_HTFamilyMemberTypeId_fkey; Type: FK CONSTRAINT; Schema: public; Owner: ht_db_user
--

ALTER TABLE ONLY public."HT_familyMemTypeLangMaps"
    ADD CONSTRAINT "HT_familyMemTypeLangMaps_HTFamilyMemberTypeId_fkey" FOREIGN KEY ("HTFamilyMemberTypeId") REFERENCES public."HT_familyMemberTypes"(id) ON UPDATE CASCADE ON DELETE SET NULL;


--
-- Name: HT_familyMemTypeLangMaps HT_familyMemTypeLangMaps_HTLanguageId_fkey; Type: FK CONSTRAINT; Schema: public; Owner: ht_db_user
--

ALTER TABLE ONLY public."HT_familyMemTypeLangMaps"
    ADD CONSTRAINT "HT_familyMemTypeLangMaps_HTLanguageId_fkey" FOREIGN KEY ("HTLanguageId") REFERENCES public."HT_languages"(id) ON UPDATE CASCADE ON DELETE SET NULL;


--
-- Name: HT_familyMembers HT_familyMembers_HTFamilyId_fkey; Type: FK CONSTRAINT; Schema: public; Owner: ht_db_user
--

ALTER TABLE ONLY public."HT_familyMembers"
    ADD CONSTRAINT "HT_familyMembers_HTFamilyId_fkey" FOREIGN KEY ("HTFamilyId") REFERENCES public."HT_families"(id) ON UPDATE CASCADE ON DELETE SET NULL;


--
-- Name: HT_familyMembers HT_familyMembers_HTFamilyMemberTypeId_fkey; Type: FK CONSTRAINT; Schema: public; Owner: ht_db_user
--

ALTER TABLE ONLY public."HT_familyMembers"
    ADD CONSTRAINT "HT_familyMembers_HTFamilyMemberTypeId_fkey" FOREIGN KEY ("HTFamilyMemberTypeId") REFERENCES public."HT_familyMemberTypes"(id) ON UPDATE CASCADE ON DELETE SET NULL;


--
-- Name: HT_familyMembers HT_familyMembers_HTFamilyRelationId_fkey; Type: FK CONSTRAINT; Schema: public; Owner: ht_db_user
--

ALTER TABLE ONLY public."HT_familyMembers"
    ADD CONSTRAINT "HT_familyMembers_HTFamilyRelationId_fkey" FOREIGN KEY ("HTFamilyRelationId") REFERENCES public."HT_familyRelations"(id) ON UPDATE CASCADE ON DELETE SET NULL;


--
-- Name: HT_familyRelanLangMaps HT_familyRelanLangMaps_HTFamilyRelationId_fkey; Type: FK CONSTRAINT; Schema: public; Owner: ht_db_user
--

ALTER TABLE ONLY public."HT_familyRelanLangMaps"
    ADD CONSTRAINT "HT_familyRelanLangMaps_HTFamilyRelationId_fkey" FOREIGN KEY ("HTFamilyRelationId") REFERENCES public."HT_familyRelations"(id) ON UPDATE CASCADE ON DELETE SET NULL;


--
-- Name: HT_familyRelanLangMaps HT_familyRelanLangMaps_HTLanguageId_fkey; Type: FK CONSTRAINT; Schema: public; Owner: ht_db_user
--

ALTER TABLE ONLY public."HT_familyRelanLangMaps"
    ADD CONSTRAINT "HT_familyRelanLangMaps_HTLanguageId_fkey" FOREIGN KEY ("HTLanguageId") REFERENCES public."HT_languages"(id) ON UPDATE CASCADE ON DELETE SET NULL;


--
-- Name: HT_fileUploadMappings HT_fileUploadMappings_HTAccountId_fkey; Type: FK CONSTRAINT; Schema: public; Owner: ht_db_user
--

ALTER TABLE ONLY public."HT_fileUploadMappings"
    ADD CONSTRAINT "HT_fileUploadMappings_HTAccountId_fkey" FOREIGN KEY ("HTAccountId") REFERENCES public."HT_accounts"(id) ON UPDATE CASCADE ON DELETE CASCADE;


--
-- Name: HT_fileUploadMappings HT_fileUploadMappings_HTChildId_fkey; Type: FK CONSTRAINT; Schema: public; Owner: ht_db_user
--

ALTER TABLE ONLY public."HT_fileUploadMappings"
    ADD CONSTRAINT "HT_fileUploadMappings_HTChildId_fkey" FOREIGN KEY ("HTChildId") REFERENCES public."HT_children"(id) ON UPDATE CASCADE ON DELETE CASCADE;


--
-- Name: HT_fileUploadMappings HT_fileUploadMappings_HTUserId_fkey; Type: FK CONSTRAINT; Schema: public; Owner: ht_db_user
--

ALTER TABLE ONLY public."HT_fileUploadMappings"
    ADD CONSTRAINT "HT_fileUploadMappings_HTUserId_fkey" FOREIGN KEY ("HTUserId") REFERENCES public."HT_users"(id) ON UPDATE CASCADE ON DELETE CASCADE;


--
-- Name: HT_formQuestionMappings HT_formQuestionMappings_HTFormId_fkey; Type: FK CONSTRAINT; Schema: public; Owner: ht_db_user
--

ALTER TABLE ONLY public."HT_formQuestionMappings"
    ADD CONSTRAINT "HT_formQuestionMappings_HTFormId_fkey" FOREIGN KEY ("HTFormId") REFERENCES public."HT_forms"(id) ON UPDATE CASCADE ON DELETE CASCADE;


--
-- Name: HT_formQuestionMappings HT_formQuestionMappings_HTQuestionId_fkey; Type: FK CONSTRAINT; Schema: public; Owner: ht_db_user
--

ALTER TABLE ONLY public."HT_formQuestionMappings"
    ADD CONSTRAINT "HT_formQuestionMappings_HTQuestionId_fkey" FOREIGN KEY ("HTQuestionId") REFERENCES public."HT_questions"(id) ON UPDATE CASCADE ON DELETE CASCADE;


--
-- Name: HT_formRevisions HT_formRevisions_HTFormId_fkey; Type: FK CONSTRAINT; Schema: public; Owner: ht_db_user
--

ALTER TABLE ONLY public."HT_formRevisions"
    ADD CONSTRAINT "HT_formRevisions_HTFormId_fkey" FOREIGN KEY ("HTFormId") REFERENCES public."HT_forms"(id) ON UPDATE CASCADE ON DELETE SET NULL;


--
-- Name: HT_formRevisions HT_formRevisions_HTQuestionId_fkey; Type: FK CONSTRAINT; Schema: public; Owner: ht_db_user
--

ALTER TABLE ONLY public."HT_formRevisions"
    ADD CONSTRAINT "HT_formRevisions_HTQuestionId_fkey" FOREIGN KEY ("HTQuestionId") REFERENCES public."HT_questions"(id) ON UPDATE CASCADE ON DELETE SET NULL;


--
-- Name: HT_forms HT_forms_HTAccountId_fkey; Type: FK CONSTRAINT; Schema: public; Owner: ht_db_user
--

ALTER TABLE ONLY public."HT_forms"
    ADD CONSTRAINT "HT_forms_HTAccountId_fkey" FOREIGN KEY ("HTAccountId") REFERENCES public."HT_accounts"(id) ON UPDATE CASCADE ON DELETE SET NULL;


--
-- Name: HT_langMaps HT_langMaps_HTLanguageId_fkey; Type: FK CONSTRAINT; Schema: public; Owner: ht_db_user
--

ALTER TABLE ONLY public."HT_langMaps"
    ADD CONSTRAINT "HT_langMaps_HTLanguageId_fkey" FOREIGN KEY ("HTLanguageId") REFERENCES public."HT_languages"(id) ON UPDATE CASCADE ON DELETE SET NULL;


--
-- Name: HT_langMaps HT_langMaps_LanguageRefIdId_fkey; Type: FK CONSTRAINT; Schema: public; Owner: ht_db_user
--

ALTER TABLE ONLY public."HT_langMaps"
    ADD CONSTRAINT "HT_langMaps_LanguageRefIdId_fkey" FOREIGN KEY ("LanguageRefIdId") REFERENCES public."HT_languages"(id) ON UPDATE CASCADE ON DELETE SET NULL;


--
-- Name: HT_notifLangMaps HT_notifLangMaps_HTLanguageId_fkey; Type: FK CONSTRAINT; Schema: public; Owner: ht_db_user
--

ALTER TABLE ONLY public."HT_notifLangMaps"
    ADD CONSTRAINT "HT_notifLangMaps_HTLanguageId_fkey" FOREIGN KEY ("HTLanguageId") REFERENCES public."HT_languages"(id) ON UPDATE CASCADE ON DELETE SET NULL;


--
-- Name: HT_notifLangMaps HT_notifLangMaps_HTNotificationId_fkey; Type: FK CONSTRAINT; Schema: public; Owner: ht_db_user
--

ALTER TABLE ONLY public."HT_notifLangMaps"
    ADD CONSTRAINT "HT_notifLangMaps_HTNotificationId_fkey" FOREIGN KEY ("HTNotificationId") REFERENCES public."HT_notifications"(id) ON UPDATE CASCADE ON DELETE SET NULL;


--
-- Name: HT_notifications HT_notifications_HTCaseId_fkey; Type: FK CONSTRAINT; Schema: public; Owner: ht_db_user
--

ALTER TABLE ONLY public."HT_notifications"
    ADD CONSTRAINT "HT_notifications_HTCaseId_fkey" FOREIGN KEY ("HTCaseId") REFERENCES public."HT_cases"(id) ON UPDATE CASCADE ON DELETE SET NULL;


--
-- Name: HT_notifications HT_notifications_HTChildId_fkey; Type: FK CONSTRAINT; Schema: public; Owner: ht_db_user
--

ALTER TABLE ONLY public."HT_notifications"
    ADD CONSTRAINT "HT_notifications_HTChildId_fkey" FOREIGN KEY ("HTChildId") REFERENCES public."HT_children"(id) ON UPDATE CASCADE ON DELETE SET NULL;


--
-- Name: HT_notifications HT_notifications_HTFamilyId_fkey; Type: FK CONSTRAINT; Schema: public; Owner: ht_db_user
--

ALTER TABLE ONLY public."HT_notifications"
    ADD CONSTRAINT "HT_notifications_HTFamilyId_fkey" FOREIGN KEY ("HTFamilyId") REFERENCES public."HT_families"(id) ON UPDATE CASCADE ON DELETE SET NULL;


--
-- Name: HT_notifications HT_notifications_HTNotifnEventTypeId_fkey; Type: FK CONSTRAINT; Schema: public; Owner: ht_db_user
--

ALTER TABLE ONLY public."HT_notifications"
    ADD CONSTRAINT "HT_notifications_HTNotifnEventTypeId_fkey" FOREIGN KEY ("HTNotifnEventTypeId") REFERENCES public."HT_notifnEventTypes"(id) ON UPDATE CASCADE ON DELETE SET NULL;


--
-- Name: HT_notifications HT_notifications_HTUserId_fkey; Type: FK CONSTRAINT; Schema: public; Owner: ht_db_user
--

ALTER TABLE ONLY public."HT_notifications"
    ADD CONSTRAINT "HT_notifications_HTUserId_fkey" FOREIGN KEY ("HTUserId") REFERENCES public."HT_users"(id) ON UPDATE CASCADE ON DELETE SET NULL;


--
-- Name: HT_notifications HT_notifications_RecieverIdId_fkey; Type: FK CONSTRAINT; Schema: public; Owner: ht_db_user
--

ALTER TABLE ONLY public."HT_notifications"
    ADD CONSTRAINT "HT_notifications_RecieverIdId_fkey" FOREIGN KEY ("RecieverIdId") REFERENCES public."HT_users"(id) ON UPDATE CASCADE ON DELETE SET NULL;


--
-- Name: HT_notifications HT_notifications_SenderIdId_fkey; Type: FK CONSTRAINT; Schema: public; Owner: ht_db_user
--

ALTER TABLE ONLY public."HT_notifications"
    ADD CONSTRAINT "HT_notifications_SenderIdId_fkey" FOREIGN KEY ("SenderIdId") REFERENCES public."HT_users"(id) ON UPDATE CASCADE ON DELETE SET NULL;


--
-- Name: HT_questionLangMaps HT_questionLangMaps_HTLanguageId_fkey; Type: FK CONSTRAINT; Schema: public; Owner: ht_db_user
--

ALTER TABLE ONLY public."HT_questionLangMaps"
    ADD CONSTRAINT "HT_questionLangMaps_HTLanguageId_fkey" FOREIGN KEY ("HTLanguageId") REFERENCES public."HT_languages"(id) ON UPDATE CASCADE ON DELETE SET NULL;


--
-- Name: HT_questionLangMaps HT_questionLangMaps_HTQuestionId_fkey; Type: FK CONSTRAINT; Schema: public; Owner: ht_db_user
--

ALTER TABLE ONLY public."HT_questionLangMaps"
    ADD CONSTRAINT "HT_questionLangMaps_HTQuestionId_fkey" FOREIGN KEY ("HTQuestionId") REFERENCES public."HT_questions"(id) ON UPDATE CASCADE ON DELETE SET NULL;


--
-- Name: HT_questions HT_questions_HTAccountId_fkey; Type: FK CONSTRAINT; Schema: public; Owner: ht_db_user
--

ALTER TABLE ONLY public."HT_questions"
    ADD CONSTRAINT "HT_questions_HTAccountId_fkey" FOREIGN KEY ("HTAccountId") REFERENCES public."HT_accounts"(id) ON UPDATE CASCADE ON DELETE SET NULL;


--
-- Name: HT_questions HT_questions_HTAnswerTypeId_fkey; Type: FK CONSTRAINT; Schema: public; Owner: ht_db_user
--

ALTER TABLE ONLY public."HT_questions"
    ADD CONSTRAINT "HT_questions_HTAnswerTypeId_fkey" FOREIGN KEY ("HTAnswerTypeId") REFERENCES public."HT_answerTypes"(id) ON UPDATE CASCADE ON DELETE SET NULL;


--
-- Name: HT_questions HT_questions_HTQuestionDomainId_fkey; Type: FK CONSTRAINT; Schema: public; Owner: ht_db_user
--

ALTER TABLE ONLY public."HT_questions"
    ADD CONSTRAINT "HT_questions_HTQuestionDomainId_fkey" FOREIGN KEY ("HTQuestionDomainId") REFERENCES public."HT_questionDomains"(id) ON UPDATE CASCADE ON DELETE SET NULL;


--
-- Name: HT_questions HT_questions_HTQuestionId_fkey; Type: FK CONSTRAINT; Schema: public; Owner: ht_db_user
--

ALTER TABLE ONLY public."HT_questions"
    ADD CONSTRAINT "HT_questions_HTQuestionId_fkey" FOREIGN KEY ("HTQuestionId") REFERENCES public."HT_questions"(id) ON UPDATE CASCADE ON DELETE SET NULL;


--
-- Name: HT_questions HT_questions_HTQuestionTypeId_fkey; Type: FK CONSTRAINT; Schema: public; Owner: ht_db_user
--

ALTER TABLE ONLY public."HT_questions"
    ADD CONSTRAINT "HT_questions_HTQuestionTypeId_fkey" FOREIGN KEY ("HTQuestionTypeId") REFERENCES public."HT_questionTypes"(id) ON UPDATE CASCADE ON DELETE SET NULL;


--
-- Name: HT_qusnDomainLangMaps HT_qusnDomainLangMaps_HTLanguageId_fkey; Type: FK CONSTRAINT; Schema: public; Owner: ht_db_user
--

ALTER TABLE ONLY public."HT_qusnDomainLangMaps"
    ADD CONSTRAINT "HT_qusnDomainLangMaps_HTLanguageId_fkey" FOREIGN KEY ("HTLanguageId") REFERENCES public."HT_languages"(id) ON UPDATE CASCADE ON DELETE SET NULL;


--
-- Name: HT_qusnDomainLangMaps HT_qusnDomainLangMaps_HTQuestionDomainId_fkey; Type: FK CONSTRAINT; Schema: public; Owner: ht_db_user
--

ALTER TABLE ONLY public."HT_qusnDomainLangMaps"
    ADD CONSTRAINT "HT_qusnDomainLangMaps_HTQuestionDomainId_fkey" FOREIGN KEY ("HTQuestionDomainId") REFERENCES public."HT_questionDomains"(id) ON UPDATE CASCADE ON DELETE SET NULL;


--
-- Name: HT_responses HT_responses_HTAssessmentId_fkey; Type: FK CONSTRAINT; Schema: public; Owner: ht_db_user
--

ALTER TABLE ONLY public."HT_responses"
    ADD CONSTRAINT "HT_responses_HTAssessmentId_fkey" FOREIGN KEY ("HTAssessmentId") REFERENCES public."HT_assessments"(id) ON UPDATE CASCADE ON DELETE SET NULL;


--
-- Name: HT_responses HT_responses_HTChoiceId_fkey; Type: FK CONSTRAINT; Schema: public; Owner: ht_db_user
--

ALTER TABLE ONLY public."HT_responses"
    ADD CONSTRAINT "HT_responses_HTChoiceId_fkey" FOREIGN KEY ("HTChoiceId") REFERENCES public."HT_choices"(id) ON UPDATE CASCADE ON DELETE SET NULL;


--
-- Name: HT_responses HT_responses_HTQuestionId_fkey; Type: FK CONSTRAINT; Schema: public; Owner: ht_db_user
--

ALTER TABLE ONLY public."HT_responses"
    ADD CONSTRAINT "HT_responses_HTQuestionId_fkey" FOREIGN KEY ("HTQuestionId") REFERENCES public."HT_questions"(id) ON UPDATE CASCADE ON DELETE SET NULL;


--
-- Name: HT_stateLangMaps HT_stateLangMaps_HTLanguageId_fkey; Type: FK CONSTRAINT; Schema: public; Owner: ht_db_user
--

ALTER TABLE ONLY public."HT_stateLangMaps"
    ADD CONSTRAINT "HT_stateLangMaps_HTLanguageId_fkey" FOREIGN KEY ("HTLanguageId") REFERENCES public."HT_languages"(id) ON UPDATE CASCADE ON DELETE SET NULL;


--
-- Name: HT_stateLangMaps HT_stateLangMaps_HTStateId_fkey; Type: FK CONSTRAINT; Schema: public; Owner: ht_db_user
--

ALTER TABLE ONLY public."HT_stateLangMaps"
    ADD CONSTRAINT "HT_stateLangMaps_HTStateId_fkey" FOREIGN KEY ("HTStateId") REFERENCES public."HT_states"(id) ON UPDATE CASCADE ON DELETE SET NULL;


--
-- Name: HT_states HT_states_HTCountryId_fkey; Type: FK CONSTRAINT; Schema: public; Owner: ht_db_user
--

ALTER TABLE ONLY public."HT_states"
    ADD CONSTRAINT "HT_states_HTCountryId_fkey" FOREIGN KEY ("HTCountryId") REFERENCES public."HT_countries"(id) ON UPDATE CASCADE ON DELETE SET NULL;


--
-- Name: HT_userLogs HT_userLogs_HTUserId_fkey; Type: FK CONSTRAINT; Schema: public; Owner: ht_db_user
--

ALTER TABLE ONLY public."HT_userLogs"
    ADD CONSTRAINT "HT_userLogs_HTUserId_fkey" FOREIGN KEY ("HTUserId") REFERENCES public."HT_users"(id) ON UPDATE CASCADE ON DELETE SET NULL;


--
-- Name: HT_userRoleLangMaps HT_userRoleLangMaps_HTLanguageId_fkey; Type: FK CONSTRAINT; Schema: public; Owner: ht_db_user
--

ALTER TABLE ONLY public."HT_userRoleLangMaps"
    ADD CONSTRAINT "HT_userRoleLangMaps_HTLanguageId_fkey" FOREIGN KEY ("HTLanguageId") REFERENCES public."HT_languages"(id) ON UPDATE CASCADE ON DELETE SET NULL;


--
-- Name: HT_userRoleLangMaps HT_userRoleLangMaps_HTUserRoleId_fkey; Type: FK CONSTRAINT; Schema: public; Owner: ht_db_user
--

ALTER TABLE ONLY public."HT_userRoleLangMaps"
    ADD CONSTRAINT "HT_userRoleLangMaps_HTUserRoleId_fkey" FOREIGN KEY ("HTUserRoleId") REFERENCES public."HT_userRoles"(id) ON UPDATE CASCADE ON DELETE SET NULL;


--
-- Name: HT_users HT_users_HTAccountId_fkey; Type: FK CONSTRAINT; Schema: public; Owner: ht_db_user
--

ALTER TABLE ONLY public."HT_users"
    ADD CONSTRAINT "HT_users_HTAccountId_fkey" FOREIGN KEY ("HTAccountId") REFERENCES public."HT_accounts"(id) ON UPDATE CASCADE ON DELETE SET NULL;


--
-- Name: HT_users HT_users_HTCountryId_fkey; Type: FK CONSTRAINT; Schema: public; Owner: ht_db_user
--

ALTER TABLE ONLY public."HT_users"
    ADD CONSTRAINT "HT_users_HTCountryId_fkey" FOREIGN KEY ("HTCountryId") REFERENCES public."HT_countries"(id) ON UPDATE CASCADE ON DELETE SET NULL;


--
-- Name: HT_users HT_users_HTDistrictId_fkey; Type: FK CONSTRAINT; Schema: public; Owner: ht_db_user
--

ALTER TABLE ONLY public."HT_users"
    ADD CONSTRAINT "HT_users_HTDistrictId_fkey" FOREIGN KEY ("HTDistrictId") REFERENCES public."HT_districts"(id) ON UPDATE CASCADE ON DELETE SET NULL;


--
-- Name: HT_users HT_users_HTLanguageId_fkey; Type: FK CONSTRAINT; Schema: public; Owner: ht_db_user
--

ALTER TABLE ONLY public."HT_users"
    ADD CONSTRAINT "HT_users_HTLanguageId_fkey" FOREIGN KEY ("HTLanguageId") REFERENCES public."HT_languages"(id) ON UPDATE CASCADE ON DELETE SET NULL;


--
-- Name: HT_users HT_users_HTStateId_fkey; Type: FK CONSTRAINT; Schema: public; Owner: ht_db_user
--

ALTER TABLE ONLY public."HT_users"
    ADD CONSTRAINT "HT_users_HTStateId_fkey" FOREIGN KEY ("HTStateId") REFERENCES public."HT_states"(id) ON UPDATE CASCADE ON DELETE SET NULL;


--
-- Name: HT_users HT_users_HTUserRoleId_fkey; Type: FK CONSTRAINT; Schema: public; Owner: ht_db_user
--

ALTER TABLE ONLY public."HT_users"
    ADD CONSTRAINT "HT_users_HTUserRoleId_fkey" FOREIGN KEY ("HTUserRoleId") REFERENCES public."HT_userRoles"(id) ON UPDATE CASCADE;


--
-- Name: SCHEMA public; Type: ACL; Schema: -; Owner: ht_db_user
--

REVOKE USAGE ON SCHEMA public FROM PUBLIC;


--
-- PostgreSQL database dump complete
--

